complaint_id,text,language,category,department,priority,template_group,text_length,word_count,split
HIN_0141,"नमस्ते, मेरी खरीदारी के लिए गलत राशि ली गई। मुझे जल्द से जल्द जानकारी चाहिए।",Hindi,Payment Issue,Payments Team,High,Hindi_Payment Issue_10,76,15,test
HIN_0402,मुझे सहायता चाहिए क्योंकि रिफंड गलत पेमेंट माध्यम में भेज दिया गया। मुझे जल्द से जल्द जानकारी चाहिए।,Hindi,Refund Issue,Refund Team,High,Hindi_Refund Issue_07,100,18,test
HGL_1150,Mujhe help chahiye kyunki account mein unknown delivery address add hua hai.,Hinglish,Fraud/Security,Security Team,Critical,Hinglish_Fraud/Security_07,76,12,train
HGL_1176,"Hello, fake customer care agent ne bank details maangi. Mujhe jaldi update chahiye.",Hinglish,Fraud/Security,Security Team,Critical,Hinglish_Fraud/Security_09,83,13,train
ENG_0212,My package is stuck at the same location Please resolve this.,English,Delivery Issue,Logistics Team,Medium,English_Delivery Issue_05,61,11,test
HGL_1116,"Hello, mere saved card ko bina permission use kiya gaya. Mujhe jaldi update chahiye.",Hinglish,Fraud/Security,Security Team,Critical,Hinglish_Fraud/Security_05,84,14,train
HIN_0266,मुझे सहायता चाहिए क्योंकि मेरे ऑर्डर का केवल एक हिस्सा मिला है। कृपया इसे जल्दी हल करें।,Hindi,Delivery Issue,Logistics Team,Medium,Hindi_Delivery Issue_08,88,17,train
ENG_0135,This is urgent: the payment page keeps failing during checkout I need an update as soon as possible.,English,Payment Issue,Payments Team,High,English_Payment Issue_09,100,18,train
HGL_0278,"Please help, courier person ne package deliver karne se mana kiya. Please jaldi resolve karo.",Hinglish,Delivery Issue,Logistics Team,Medium,Hinglish_Delivery Issue_09,93,15,train
HIN_0543,ऐप में कैंसलेशन का विकल्प नहीं दिख रहा है। मुझे जल्द से जल्द जानकारी चाहिए।,Hindi,Cancellation Issue,Order Management,Medium,Hindi_Cancellation Issue_07,75,15,test
HIN_1117,"कृपया मदद करें, मेरे सेव किए हुए कार्ड का बिना अनुमति उपयोग हुआ।",Hindi,Fraud/Security,Security Team,Critical,Hindi_Fraud/Security_05,64,13,train
ENG_0027,I need assistance because I was charged twice for the same order I need an update as soon as possible.,English,Payment Issue,Payments Team,High,English_Payment Issue_02,102,20,train
ENG_0930,This is urgent: I am not receiving the login OTP I need an update as soon as possible.,English,Account Issue,Account Support,Medium,English_Account Issue_02,86,18,train
ENG_0033,The payment failed but money was taken from my account I need an update as soon as possible.,English,Payment Issue,Payments Team,High,English_Payment Issue_03,92,18,test
ENG_0316,The refund is still pending,English,Refund Issue,Refund Team,High,English_Refund Issue_02,27,5,validation
HGL_0308,"Please help, order cancel kiya but refund abhi tak nahi mila. Please jaldi resolve karo.",Hinglish,Refund Issue,Refund Team,High,Hinglish_Refund Issue_01,88,15,train
HGL_0488,"Please help, cancellation request baar baar fail ho rahi hai. Please jaldi resolve karo.",Hinglish,Cancellation Issue,Order Management,Medium,Hinglish_Cancellation Issue_03,88,14,train
HIN_0310,मुझे सहायता चाहिए क्योंकि मैंने ऑर्डर रद्द किया लेकिन रिफंड नहीं मिला।,Hindi,Refund Issue,Refund Team,High,Hindi_Refund Issue_01,70,12,train
ENG_0271,The courier refused to deliver my package,English,Delivery Issue,Logistics Team,Medium,English_Delivery Issue_09,41,7,train
HIN_0766,मुझे खराब सामान का रिप्लेसमेंट चाहिए।,Hindi,Return/Replacement,Returns Team,Medium,Hindi_Return/Replacement_02,37,6,train
ENG_0880,I need assistance because I received the wrong replacement product,English,Return/Replacement,Returns Team,Medium,English_Return/Replacement_09,66,10,train
HIN_0725,"नमस्ते, उत्पाद का आकार या रंग मेरे ऑर्डर से अलग है। कृपया इसे जल्दी हल करें।",Hindi,Product Issue,Product Support,High,Hindi_Product Issue_09,76,16,train
ENG_1058,"Please help, there is an unknown transaction on my account Please resolve this.",English,Fraud/Security,Security Team,Critical,English_Fraud/Security_01,79,13,train
HIN_1178,"कृपया मदद करें, नकली कस्टमर केयर एजेंट ने बैंक की जानकारी मांगी। कृपया इसे जल्दी हल करें।",Hindi,Fraud/Security,Security Team,Critical,Hindi_Fraud/Security_09,89,17,train
HIN_0032,पेमेंट फेल हो गया लेकिन खाते से पैसे कट गए। कृपया इसे जल्दी हल करें।,Hindi,Payment Issue,Payments Team,High,Hindi_Payment Issue_03,68,15,train
ENG_0440,"Hello, my bank has not received the promised refund Please resolve this.",English,Refund Issue,Refund Team,High,English_Refund Issue_10,72,12,train
ENG_0416,I need assistance because I received a smaller refund than expected Please resolve this.,English,Refund Issue,Refund Team,High,English_Refund Issue_08,88,14,test
ENG_0671,I need assistance because an accessory is missing from the package Please resolve this.,English,Product Issue,Product Support,High,English_Product Issue_05,87,14,train
HGL_0444,"Please help, mere bank account mein promised refund nahi aaya. Mujhe jaldi update chahiye.",Hinglish,Refund Issue,Refund Team,High,Hinglish_Refund Issue_10,90,14,train
HGL_0620,"Hello, item defective hai aur work nahi kar raha. Please jaldi resolve karo.",Hinglish,Product Issue,Product Support,High,Hinglish_Product Issue_02,76,13,test
ENG_0812,I want to exchange the item for another size Please resolve this.,English,Return/Replacement,Returns Team,Medium,English_Return/Replacement_05,65,12,train
HIN_1158,मुझे पेमेंट मांगने वाला संदिग्ध संदेश मिला। मुझे जल्द से जल्द जानकारी चाहिए।,Hindi,Fraud/Security,Security Team,Critical,Hindi_Fraud/Security_08,76,13,train
ENG_0180,This is urgent: the delivery is delayed beyond the promised date I need an update as soon as possible.,English,Delivery Issue,Logistics Team,Medium,English_Delivery Issue_02,102,19,validation
HGL_0363,Return accept hua but refund process nahi hua. Mujhe jaldi update chahiye.,Hinglish,Refund Issue,Refund Team,High,Hinglish_Refund Issue_05,74,12,validation
HGL_0589,"Hello, order cancel karne par extra fee charge hui.",Hinglish,Cancellation Issue,Order Management,Medium,Hinglish_Cancellation Issue_10,51,9,train
HGL_0057,Mujhe help chahiye kyunki mera card payment processing mein stuck hai. Mujhe jaldi update chahiye.,Hinglish,Payment Issue,Payments Team,High,Hinglish_Payment Issue_04,98,15,train
HIN_0027,मुझे सहायता चाहिए क्योंकि एक ही ऑर्डर के लिए दो बार पैसे कट गए। मुझे जल्द से जल्द जानकारी चाहिए।,Hindi,Payment Issue,Payments Team,High,Hindi_Payment Issue_02,96,20,train
ENG_1000,I need assistance because the app logs me out repeatedly,English,Account Issue,Account Support,Medium,English_Account Issue_07,56,10,test
ENG_0818,"Please help, I want to exchange the item for another size Please resolve this.",English,Return/Replacement,Returns Team,Medium,English_Return/Replacement_05,78,14,train
ENG_0928,This is urgent: I am not receiving the login OTP,English,Account Issue,Account Support,Medium,English_Account Issue_02,48,10,train
HGL_0297,Mujhe help chahiye kyunki tracking information update nahi ho rahi hai. Mujhe jaldi update chahiye.,Hinglish,Delivery Issue,Logistics Team,Medium,Hinglish_Delivery Issue_10,99,15,train
HGL_0634,"Hello, mujhe wrong product deliver hua.",Hinglish,Product Issue,Product Support,High,Hinglish_Product Issue_03,39,6,validation
HGL_0556,Mujhe order ka ek item cancel karna hai.,Hinglish,Cancellation Issue,Order Management,Medium,Hinglish_Cancellation Issue_08,40,8,train
ENG_0121,The payment page keeps failing during checkout,English,Payment Issue,Payments Team,High,English_Payment Issue_09,46,7,train
HIN_0587,ऑर्डर रद्द करने पर मुझसे शुल्क लिया गया। कृपया इसे जल्दी हल करें।,Hindi,Cancellation Issue,Order Management,Medium,Hindi_Cancellation Issue_10,65,13,train
HIN_0204,"कृपया मदद करें, कूरियर वाले ने मुझसे संपर्क नहीं किया। मुझे जल्द से जल्द जानकारी चाहिए।",Hindi,Delivery Issue,Logistics Team,Medium,Hindi_Delivery Issue_04,87,16,test
ENG_0388,This is urgent: the refund deadline has already passed,English,Refund Issue,Refund Team,High,English_Refund Issue_06,54,9,train
HIN_0311,मुझे सहायता चाहिए क्योंकि मैंने ऑर्डर रद्द किया लेकिन रिफंड नहीं मिला। कृपया इसे जल्दी हल करें।,Hindi,Refund Issue,Refund Team,High,Hindi_Refund Issue_01,95,17,train
HIN_0905,"नमस्ते, मैं अपने अकाउंट में लॉग इन नहीं कर पा रही हूँ। कृपया इसे जल्दी हल करें।",Hindi,Account Issue,Account Support,Medium,Hindi_Account Issue_01,79,17,test
HGL_0563,"Please help, mujhe order ka ek item cancel karna hai. Please jaldi resolve karo.",Hinglish,Cancellation Issue,Order Management,Medium,Hinglish_Cancellation Issue_08,80,14,train
HIN_0758,"कृपया मदद करें, मैं इस उत्पाद को वापस करना चाहती हूँ। कृपया इसे जल्दी हल करें।",Hindi,Return/Replacement,Returns Team,Medium,Hindi_Return/Replacement_01,78,16,train
ENG_0843,The return window is incorrectly shown as closed I need an update as soon as possible.,English,Return/Replacement,Returns Team,Medium,English_Return/Replacement_07,86,16,test
ENG_0185,"Hello, tracking shows delivered but I did not receive the package Please resolve this.",English,Delivery Issue,Logistics Team,Medium,English_Delivery Issue_03,86,14,train
ENG_0496,The order was shipped after I requested cancellation,English,Cancellation Issue,Order Management,Medium,English_Cancellation Issue_04,52,8,test
HIN_1012,"कृपया मदद करें, मैं अकाउंट से जुड़ा ईमेल नहीं बदल पा रही हूँ।",Hindi,Account Issue,Account Support,Medium,Hindi_Account Issue_08,61,13,test
HGL_0802,"Please help, return pickup abhi tak nahi hua.",Hinglish,Return/Replacement,Returns Team,Medium,Hinglish_Return/Replacement_04,45,8,validation
ENG_0927,I need assistance because I am not receiving the login OTP I need an update as soon as possible.,English,Account Issue,Account Support,Medium,English_Account Issue_02,96,19,train
ENG_0462,I need assistance because I am unable to cancel my order I need an update as soon as possible.,English,Cancellation Issue,Order Management,Medium,English_Cancellation Issue_01,94,19,train
ENG_0034,"Hello, the payment failed but money was taken from my account",English,Payment Issue,Payments Team,High,English_Payment Issue_03,61,11,test
HIN_0594,"कृपया मदद करें, ऑर्डर रद्द करने पर मुझसे शुल्क लिया गया। मुझे जल्द से जल्द जानकारी चाहिए।",Hindi,Cancellation Issue,Order Management,Medium,Hindi_Cancellation Issue_10,89,17,train
ENG_0290,"Hello, the tracking information has not been updated Please resolve this.",English,Delivery Issue,Logistics Team,Medium,English_Delivery Issue_10,73,11,train
HGL_0190,Mujhe help chahiye kyunki tracking delivered dikha raha hai but package nahi mila.,Hinglish,Delivery Issue,Logistics Team,Medium,Hinglish_Delivery Issue_03,82,13,validation
HIN_0340,मुझे सहायता चाहिए क्योंकि मुझे रिफंड की केवल कुछ राशि मिली है।,Hindi,Refund Issue,Refund Team,High,Hindi_Refund Issue_03,62,12,train
ENG_0645,This is urgent: I received the wrong product I need an update as soon as possible.,English,Product Issue,Product Support,High,English_Product Issue_03,82,16,train
ENG_0094,"Hello, cash was charged even though the order shows payment pending",English,Payment Issue,Payments Team,High,English_Payment Issue_07,67,11,test
ENG_0970,I need assistance because my saved address has disappeared,English,Account Issue,Account Support,Medium,English_Account Issue_05,58,9,train
HIN_0355,मुझे सहायता चाहिए क्योंकि ऐप में रिफंड दिख रहा है लेकिन खाते में पैसे नहीं आए।,Hindi,Refund Issue,Refund Team,High,Hindi_Refund Issue_04,78,16,test
ENG_1175,"Hello, a fake customer-care agent requested my bank details Please resolve this.",English,Fraud/Security,Security Team,Critical,English_Fraud/Security_09,80,12,train
HGL_0176,Mujhe help chahiye kyunki promised date ke baad bhi package nahi aaya. Please jaldi resolve karo.,Hinglish,Delivery Issue,Logistics Team,Medium,Hinglish_Delivery Issue_02,97,16,train
HGL_0754,"Hello, mujhe ye product return karna hai.",Hinglish,Return/Replacement,Returns Team,Medium,Hinglish_Return/Replacement_01,41,7,test
ENG_0804,"Please help, the pickup for my return has not happened I need an update as soon as possible.",English,Return/Replacement,Returns Team,Medium,English_Return/Replacement_04,92,18,validation
HIN_0275,"नमस्ते, कूरियर वाले ने पैकेज देने से मना कर दिया। कृपया इसे जल्दी हल करें।",Hindi,Delivery Issue,Logistics Team,Medium,Hindi_Delivery Issue_09,74,15,validation
ENG_0603,The product I received is damaged I need an update as soon as possible.,English,Product Issue,Product Support,High,English_Product Issue_01,71,14,validation
HIN_0765,यह बहुत जरूरी है: मैं इस उत्पाद को वापस करना चाहती हूँ। मुझे जल्द से जल्द जानकारी चाहिए।,Hindi,Return/Replacement,Returns Team,Medium,Hindi_Return/Replacement_01,88,18,train
HGL_0329,Ye urgent hai: mera refund abhi bhi pending hai. Please jaldi resolve karo.,Hinglish,Refund Issue,Refund Team,High,Hinglish_Refund Issue_02,75,13,train
HIN_0137,मेरी खरीदारी के लिए गलत राशि ली गई। कृपया इसे जल्दी हल करें।,Hindi,Payment Issue,Payments Team,High,Hindi_Payment Issue_10,60,13,test
ENG_0949,"Hello, I cannot update my phone number",English,Account Issue,Account Support,Medium,English_Account Issue_04,38,7,train
HGL_0777,Mujhe help chahiye kyunki damaged item ka replacement chahiye. Mujhe jaldi update chahiye.,Hinglish,Return/Replacement,Returns Team,Medium,Hinglish_Return/Replacement_02,90,13,train
ENG_0803,"Please help, the pickup for my return has not happened Please resolve this.",English,Return/Replacement,Returns Team,Medium,English_Return/Replacement_04,75,13,validation
HIN_0566,मुझे सहायता चाहिए क्योंकि मैं ऑर्डर में से एक सामान रद्द करना चाहती हूँ। कृपया इसे जल्दी हल करें।,Hindi,Cancellation Issue,Order Management,Medium,Hindi_Cancellation Issue_08,97,19,train
ENG_0071,I need assistance because the amount was debited even though checkout failed Please resolve this.,English,Payment Issue,Payments Team,High,English_Payment Issue_05,97,15,train
ENG_0444,"Please help, my bank has not received the promised refund I need an update as soon as possible.",English,Refund Issue,Refund Team,High,English_Refund Issue_10,95,18,train
HIN_1130,"नमस्ते, किसी ने मेरे अकाउंट का पासवर्ड बदल दिया। कृपया इसे जल्दी हल करें।",Hindi,Fraud/Security,Security Team,Critical,Hindi_Fraud/Security_06,73,14,train
HGL_0054,"Please help, mera card payment processing mein stuck hai. Mujhe jaldi update chahiye.",Hinglish,Payment Issue,Payments Team,High,Hinglish_Payment Issue_04,85,13,train
ENG_1068,Someone placed an order using my account I need an update as soon as possible.,English,Fraud/Security,Security Team,Critical,English_Fraud/Security_02,78,15,train
HGL_0237,Mujhe help chahiye kyunki delivery date baar baar change ho rahi hai. Mujhe jaldi update chahiye.,Hinglish,Delivery Issue,Logistics Team,Medium,Hinglish_Delivery Issue_06,97,16,test
HGL_0373,Ye urgent hai: return accept hua but refund process nahi hua.,Hinglish,Refund Issue,Refund Team,High,Hinglish_Refund Issue_05,61,11,validation
HIN_1135,मुझे सहायता चाहिए क्योंकि किसी ने मेरे अकाउंट का पासवर्ड बदल दिया।,Hindi,Fraud/Security,Security Team,Critical,Hindi_Fraud/Security_06,66,12,train
HIN_1083,मेरा अकाउंट हैक हो गया है। मुझे जल्द से जल्द जानकारी चाहिए।,Hindi,Fraud/Security,Security Team,Critical,Hindi_Fraud/Security_03,59,12,train
HIN_0215,"नमस्ते, मेरा पैकेज कई दिनों से एक ही जगह अटका है। कृपया इसे जल्दी हल करें।",Hindi,Delivery Issue,Logistics Team,Medium,Hindi_Delivery Issue_05,74,16,train
ENG_0606,"Hello, the product I received is damaged I need an update as soon as possible.",English,Product Issue,Product Support,High,English_Product Issue_01,78,15,validation
ENG_0292,"Please help, the tracking information has not been updated",English,Delivery Issue,Logistics Team,Medium,English_Delivery Issue_10,58,9,train
ENG_0565,I need assistance because I want to cancel one item from my order,English,Cancellation Issue,Order Management,Medium,English_Cancellation Issue_08,65,13,train
HGL_0168,Promised date ke baad bhi package nahi aaya. Mujhe jaldi update chahiye.,Hinglish,Delivery Issue,Logistics Team,Medium,Hinglish_Delivery Issue_02,72,12,train
HGL_1182,Mujhe help chahiye kyunki fake customer care agent ne bank details maangi. Mujhe jaldi update chahiye.,Hinglish,Fraud/Security,Security Team,Critical,Hinglish_Fraud/Security_09,102,16,train
ENG_1107,I need assistance because I received an OTP for a purchase I did not make I need an update as soon as possible.,English,Fraud/Security,Security Team,Critical,English_Fraud/Security_04,111,23,train
HIN_1185,यह बहुत जरूरी है: नकली कस्टमर केयर एजेंट ने बैंक की जानकारी मांगी। मुझे जल्द से जल्द जानकारी चाहिए।,Hindi,Fraud/Security,Security Team,Critical,Hindi_Fraud/Security_09,99,19,train
ENG_0552,I need assistance because the app is not showing the cancellation option I need an update as soon as possible.,English,Cancellation Issue,Order Management,Medium,English_Cancellation Issue_07,110,20,test
HIN_0037,"कृपया मदद करें, पेमेंट फेल हो गया लेकिन खाते से पैसे कट गए।",Hindi,Payment Issue,Payments Team,High,Hindi_Payment Issue_03,59,13,train
HIN_0373,यह बहुत जरूरी है: रिटर्न स्वीकार होने के बाद भी रिफंड नहीं मिला।,Hindi,Refund Issue,Refund Team,High,Hindi_Refund Issue_05,64,13,train
HIN_0796,रिटर्न के लिए पिकअप अभी तक नहीं हुआ।,Hindi,Return/Replacement,Returns Team,Medium,Hindi_Return/Replacement_04,36,8,validation
HIN_0227,डिलीवरी की तारीख बार-बार बदल रही है। कृपया इसे जल्दी हल करें।,Hindi,Delivery Issue,Logistics Team,Medium,Hindi_Delivery Issue_06,61,12,train
ENG_0197,The courier has not contacted me Please resolve this.,English,Delivery Issue,Logistics Team,Medium,English_Delivery Issue_04,53,9,test
HGL_0863,"Please help, courier person ne return collect karne se mana kiya. Please jaldi resolve karo.",Hinglish,Return/Replacement,Returns Team,Medium,Hinglish_Return/Replacement_08,92,15,train
ENG_1054,"Hello, there is an unknown transaction on my account",English,Fraud/Security,Security Team,Critical,English_Fraud/Security_01,52,9,train
ENG_0890,"Hello, my return request was cancelled without explanation Please resolve this.",English,Return/Replacement,Returns Team,Medium,English_Return/Replacement_10,79,11,train
HGL_0465,Ye urgent hai: main apna order cancel nahi kar pa rahi hoon. Mujhe jaldi update chahiye.,Hinglish,Cancellation Issue,Order Management,Medium,Hinglish_Cancellation Issue_01,88,16,test
HGL_0800,"Hello, return pickup abhi tak nahi hua. Please jaldi resolve karo.",Hinglish,Return/Replacement,Returns Team,Medium,Hinglish_Return/Replacement_04,66,11,validation
ENG_0412,"Please help, I received a smaller refund than expected",English,Refund Issue,Refund Team,High,English_Refund Issue_08,54,9,test
ENG_0150,This is urgent: the wrong amount was charged for my purchase I need an update as soon as possible.,English,Payment Issue,Payments Team,High,English_Payment Issue_10,98,19,train
ENG_0938,"Please help, my account has been locked Please resolve this.",English,Account Issue,Account Support,Medium,English_Account Issue_03,60,10,train
HIN_1026,"नमस्ते, मेरी ऑर्डर हिस्ट्री दिखाई नहीं दे रही है। मुझे जल्द से जल्द जानकारी चाहिए।",Hindi,Account Issue,Account Support,Medium,Hindi_Account Issue_09,82,15,train
ENG_0315,This is urgent: I cancelled my order but have not received the refund I need an update as soon as possible.,English,Refund Issue,Refund Team,High,English_Refund Issue_01,107,21,train
HGL_0104,Ye urgent hai: payment karne ke baad bhi order pending dikha raha hai. Please jaldi resolve karo.,Hinglish,Payment Issue,Payments Team,High,Hinglish_Payment Issue_07,97,17,test
HIN_1070,"नमस्ते, किसी ने मेरे अकाउंट से ऑर्डर किया है। कृपया इसे जल्दी हल करें।",Hindi,Fraud/Security,Security Team,Critical,Hindi_Fraud/Security_02,70,14,test
HIN_0697,"कृपया मदद करें, उत्पाद की गुणवत्ता बहुत खराब है।",Hindi,Product Issue,Product Support,High,Hindi_Product Issue_07,48,9,validation
HIN_0614,यह बहुत जरूरी है: मुझे मिला हुआ उत्पाद खराब है। कृपया इसे जल्दी हल करें।,Hindi,Product Issue,Product Support,High,Hindi_Product Issue_01,72,15,test
HIN_0099,"कृपया मदद करें, ऑर्डर में पेमेंट अभी भी पेंडिंग दिख रहा है। मुझे जल्द से जल्द जानकारी चाहिए।",Hindi,Payment Issue,Payments Team,High,Hindi_Payment Issue_07,92,18,validation
HIN_0948,मैं अपना फोन नंबर अपडेट नहीं कर पा रही हूँ। मुझे जल्द से जल्द जानकारी चाहिए।,Hindi,Account Issue,Account Support,Medium,Hindi_Account Issue_04,76,16,validation
HGL_1025,"Hello, meri order history missing hai. Please jaldi resolve karo.",Hinglish,Account Issue,Account Support,Medium,Hinglish_Account Issue_09,65,10,train
HGL_0823,Ye urgent hai: mujhe item ko different size se exchange karna hai.,Hinglish,Return/Replacement,Returns Team,Medium,Hinglish_Return/Replacement_05,66,12,train
HGL_1133,"Please help, kisi ne mere account ka password change kar diya. Please jaldi resolve karo.",Hinglish,Fraud/Security,Security Team,Critical,Hinglish_Fraud/Security_06,89,15,train
ENG_0300,This is urgent: the tracking information has not been updated I need an update as soon as possible.,English,Delivery Issue,Logistics Team,Medium,English_Delivery Issue_10,99,18,train
ENG_1109,This is urgent: I received an OTP for a purchase I did not make Please resolve this.,English,Fraud/Security,Security Team,Critical,English_Fraud/Security_04,84,17,train
HIN_0571,रद्द करने के बाद भी ऑर्डर सक्रिय दिख रहा है।,Hindi,Cancellation Issue,Order Management,Medium,Hindi_Cancellation Issue_09,44,10,train
ENG_0806,I need assistance because the pickup for my return has not happened Please resolve this.,English,Return/Replacement,Returns Team,Medium,English_Return/Replacement_04,88,15,validation
HGL_0586,Order cancel karne par extra fee charge hui.,Hinglish,Cancellation Issue,Order Management,Medium,Hinglish_Cancellation Issue_10,44,8,train
ENG_0184,"Hello, tracking shows delivered but I did not receive the package",English,Delivery Issue,Logistics Team,Medium,English_Delivery Issue_03,65,11,train
HGL_0928,Ye urgent hai: mujhe login OTP receive nahi ho raha.,Hinglish,Account Issue,Account Support,Medium,Hinglish_Account Issue_02,52,10,test
ENG_1026,"Hello, my order history is missing I need an update as soon as possible.",English,Account Issue,Account Support,Medium,English_Account Issue_09,72,14,train
HIN_0990,यह बहुत जरूरी है: मैं अपना पासवर्ड रीसेट नहीं कर पा रही हूँ। मुझे जल्द से जल्द जानकारी चाहिए।,Hindi,Account Issue,Account Support,Medium,Hindi_Account Issue_06,93,19,train
ENG_0882,I need assistance because I received the wrong replacement product I need an update as soon as possible.,English,Return/Replacement,Returns Team,Medium,English_Return/Replacement_09,104,18,train
HGL_0394,"Hello, refund wrong payment method mein bheja gaya.",Hinglish,Refund Issue,Refund Team,High,Hinglish_Refund Issue_07,51,8,train
HGL_0445,Mujhe help chahiye kyunki mere bank account mein promised refund nahi aaya.,Hinglish,Refund Issue,Refund Team,High,Hinglish_Refund Issue_10,75,12,train
HIN_0177,मुझे सहायता चाहिए क्योंकि ऑर्डर तय तारीख के बाद भी डिलीवर नहीं हुआ। मुझे जल्द से जल्द जानकारी चाहिए।,Hindi,Delivery Issue,Logistics Team,Medium,Hindi_Delivery Issue_02,100,19,train
ENG_1172,A fake customer-care agent requested my bank details Please resolve this.,English,Fraud/Security,Security Team,Critical,English_Fraud/Security_09,73,11,train
HGL_1024,"Hello, meri order history missing hai.",Hinglish,Account Issue,Account Support,Medium,Hinglish_Account Issue_09,38,6,train
ENG_0052,"Please help, my card payment is stuck in processing",English,Payment Issue,Payments Team,High,English_Payment Issue_04,51,9,validation
ENG_0352,"Please help, the app says refunded but the money is not in my account",English,Refund Issue,Refund Team,High,English_Refund Issue_04,69,14,test
HIN_0678,उत्पाद के कुछ हिस्से टूटे हुए हैं। मुझे जल्द से जल्द जानकारी चाहिए।,Hindi,Product Issue,Product Support,High,Hindi_Product Issue_06,67,13,train
ENG_0863,"Please help, the courier refused to collect my return Please resolve this.",English,Return/Replacement,Returns Team,Medium,English_Return/Replacement_08,74,12,train
ENG_0535,I need assistance because the seller rejected my cancellation request,English,Cancellation Issue,Order Management,Medium,English_Cancellation Issue_06,69,10,validation
HGL_0494,Ye urgent hai: cancellation request baar baar fail ho rahi hai. Please jaldi resolve karo.,Hinglish,Cancellation Issue,Order Management,Medium,Hinglish_Cancellation Issue_03,90,15,train
HGL_0428,"Please help, refund status kai din se change nahi hua. Please jaldi resolve karo.",Hinglish,Refund Issue,Refund Team,High,Hinglish_Refund Issue_09,81,14,test
HGL_0519,"Please help, galti se order place hua aur mujhe cancel karna hai. Mujhe jaldi update chahiye.",Hinglish,Cancellation Issue,Order Management,Medium,Hinglish_Cancellation Issue_05,93,16,test
ENG_1045,I need assistance because I accidentally created two accounts with the same number,English,Account Issue,Account Support,Medium,English_Account Issue_10,82,13,train
HGL_0952,"Please help, main apna phone number update nahi kar pa rahi hoon.",Hinglish,Account Issue,Account Support,Medium,Hinglish_Account Issue_04,65,12,train
ENG_0171,"Hello, the delivery is delayed beyond the promised date I need an update as soon as possible.",English,Delivery Issue,Logistics Team,Medium,English_Delivery Issue_02,93,17,validation
ENG_0140,"Hello, the wrong amount was charged for my purchase Please resolve this.",English,Payment Issue,Payments Team,High,English_Payment Issue_10,72,12,train
HIN_0014,यह बहुत जरूरी है: मेरे पैसे कट गए लेकिन ऑर्डर कन्फर्म नहीं हुआ। कृपया इसे जल्दी हल करें।,Hindi,Payment Issue,Payments Team,High,Hindi_Payment Issue_01,88,18,train
HIN_0914,यह बहुत जरूरी है: मैं अपने अकाउंट में लॉग इन नहीं कर पा रही हूँ। कृपया इसे जल्दी हल करें।,Hindi,Account Issue,Account Support,Medium,Hindi_Account Issue_01,89,20,test
HGL_0907,"Please help, main apne account mein login nahi kar pa rahi hoon.",Hinglish,Account Issue,Account Support,Medium,Hinglish_Account Issue_01,64,12,train
ENG_0280,I need assistance because the courier refused to deliver my package,English,Delivery Issue,Logistics Team,Medium,English_Delivery Issue_09,67,11,train
HIN_0781,मेरा रिटर्न अनुरोध स्वीकार नहीं हो रहा है।,Hindi,Return/Replacement,Returns Team,Medium,Hindi_Return/Replacement_03,42,8,train
HGL_0500,"Hello, cancel karne ke baad bhi order ship ho gaya. Please jaldi resolve karo.",Hinglish,Cancellation Issue,Order Management,Medium,Hinglish_Cancellation Issue_04,78,14,train
HIN_1175,"नमस्ते, नकली कस्टमर केयर एजेंट ने बैंक की जानकारी मांगी। कृपया इसे जल्दी हल करें।",Hindi,Fraud/Security,Security Team,Critical,Hindi_Fraud/Security_09,81,15,train
ENG_1065,This is urgent: there is an unknown transaction on my account I need an update as soon as possible.,English,Fraud/Security,Security Team,Critical,English_Fraud/Security_01,99,19,train
ENG_0568,This is urgent: I want to cancel one item from my order,English,Cancellation Issue,Order Management,Medium,English_Cancellation Issue_08,55,12,train
HIN_0281,मुझे सहायता चाहिए क्योंकि कूरियर वाले ने पैकेज देने से मना कर दिया। कृपया इसे जल्दी हल करें।,Hindi,Delivery Issue,Logistics Team,Medium,Hindi_Delivery Issue_09,92,18,validation
HGL_0597,Mujhe help chahiye kyunki order cancel karne par extra fee charge hui. Mujhe jaldi update chahiye.,Hinglish,Cancellation Issue,Order Management,Medium,Hinglish_Cancellation Issue_10,98,16,train
HGL_0715,Mujhe help chahiye kyunki mujhe expired product mila hai.,Hinglish,Product Issue,Product Support,High,Hinglish_Product Issue_08,57,9,test
HIN_0409,"नमस्ते, मुझे अपेक्षा से कम रिफंड मिला।",Hindi,Refund Issue,Refund Team,High,Hindi_Refund Issue_08,38,7,train
HGL_0327,Mujhe help chahiye kyunki mera refund abhi bhi pending hai. Mujhe jaldi update chahiye.,Hinglish,Refund Issue,Refund Team,High,Hinglish_Refund Issue_02,87,14,train
ENG_0965,"Hello, my saved address has disappeared Please resolve this.",English,Account Issue,Account Support,Medium,English_Account Issue_05,60,9,train
HIN_0737,मुझे खाली पैकेज मिला है। कृपया इसे जल्दी हल करें।,Hindi,Product Issue,Product Support,High,Hindi_Product Issue_10,49,10,test
HIN_0192,मुझे सहायता चाहिए क्योंकि ट्रैकिंग में डिलीवर दिख रहा है लेकिन पैकेज नहीं मिला। मुझे जल्द से जल्द जानकारी चाहिए।,Hindi,Delivery Issue,Logistics Team,Medium,Hindi_Delivery Issue_03,112,20,train
HIN_1197,मुझे सहायता चाहिए क्योंकि मेरे अकाउंट से कई अनधिकृत खरीदारी हुई हैं। मुझे जल्द से जल्द जानकारी चाहिए।,Hindi,Fraud/Security,Security Team,Critical,Hindi_Fraud/Security_10,101,18,train
HIN_1022,मेरी ऑर्डर हिस्ट्री दिखाई नहीं दे रही है। कृपया इसे जल्दी हल करें।,Hindi,Account Issue,Account Support,Medium,Hindi_Account Issue_09,66,13,train
HGL_1157,Mujhe payment maangne wala suspicious message mila. Please jaldi resolve karo.,Hinglish,Fraud/Security,Security Team,Critical,Hinglish_Fraud/Security_08,78,11,train
HGL_0815,"Hello, mujhe item ko different size se exchange karna hai. Please jaldi resolve karo.",Hinglish,Return/Replacement,Returns Team,Medium,Hinglish_Return/Replacement_05,85,14,train
HGL_0793,Ye urgent hai: meri return request accept nahi ho rahi.,Hinglish,Return/Replacement,Returns Team,Medium,Hinglish_Return/Replacement_03,55,10,train
HIN_0949,"नमस्ते, मैं अपना फोन नंबर अपडेट नहीं कर पा रही हूँ।",Hindi,Account Issue,Account Support,Medium,Hindi_Account Issue_04,51,11,validation
HIN_0289,"नमस्ते, ट्रैकिंग की जानकारी अपडेट नहीं हो रही है।",Hindi,Delivery Issue,Logistics Team,Medium,Hindi_Delivery Issue_10,49,9,test
HGL_0337,"Please help, mujhe sirf partial refund mila hai.",Hinglish,Refund Issue,Refund Team,High,Hinglish_Refund Issue_03,48,8,train
HGL_0530,"Hello, seller ne meri cancellation request reject kar di. Please jaldi resolve karo.",Hinglish,Cancellation Issue,Order Management,Medium,Hinglish_Cancellation Issue_06,84,13,validation
HIN_0519,"कृपया मदद करें, गलती से किया गया ऑर्डर रद्द करना है। मुझे जल्द से जल्द जानकारी चाहिए।",Hindi,Cancellation Issue,Order Management,Medium,Hindi_Cancellation Issue_05,85,17,train
ENG_1158,I received a suspicious message asking for payment I need an update as soon as possible.,English,Fraud/Security,Security Team,Critical,English_Fraud/Security_08,88,16,train
HIN_0754,"नमस्ते, मैं इस उत्पाद को वापस करना चाहती हूँ।",Hindi,Return/Replacement,Returns Team,Medium,Hindi_Return/Replacement_01,45,9,train
HGL_0799,"Hello, return pickup abhi tak nahi hua.",Hinglish,Return/Replacement,Returns Team,Medium,Hinglish_Return/Replacement_04,39,7,validation
HGL_0506,Mujhe help chahiye kyunki cancel karne ke baad bhi order ship ho gaya. Please jaldi resolve karo.,Hinglish,Cancellation Issue,Order Management,Medium,Hinglish_Cancellation Issue_04,97,17,train
HGL_0163,Ye urgent hai: mera order abhi tak deliver nahi hua.,Hinglish,Delivery Issue,Logistics Team,Medium,Hinglish_Delivery Issue_01,52,10,train
HIN_0589,"नमस्ते, ऑर्डर रद्द करने पर मुझसे शुल्क लिया गया।",Hindi,Cancellation Issue,Order Management,Medium,Hindi_Cancellation Issue_10,48,9,train
ENG_0439,"Hello, my bank has not received the promised refund",English,Refund Issue,Refund Team,High,English_Refund Issue_10,51,9,train
HGL_0212,Mera package same location par stuck hai. Please jaldi resolve karo.,Hinglish,Delivery Issue,Logistics Team,Medium,Hinglish_Delivery Issue_05,68,11,train
ENG_0753,I want to return this product I need an update as soon as possible.,English,Return/Replacement,Returns Team,Medium,English_Return/Replacement_01,67,14,train
HGL_0314,Ye urgent hai: order cancel kiya but refund abhi tak nahi mila. Please jaldi resolve karo.,Hinglish,Refund Issue,Refund Team,High,Hinglish_Refund Issue_01,90,16,train
HIN_0198,कूरियर वाले ने मुझसे संपर्क नहीं किया। मुझे जल्द से जल्द जानकारी चाहिए।,Hindi,Delivery Issue,Logistics Team,Medium,Hindi_Delivery Issue_04,71,13,test
HGL_0957,Mujhe help chahiye kyunki main apna phone number update nahi kar pa rahi hoon. Mujhe jaldi update chahiye.,Hinglish,Account Issue,Account Support,Medium,Hinglish_Account Issue_04,106,18,train
HIN_0683,"कृपया मदद करें, उत्पाद के कुछ हिस्से टूटे हुए हैं। कृपया इसे जल्दी हल करें।",Hindi,Product Issue,Product Support,High,Hindi_Product Issue_06,75,15,train
HGL_0561,"Hello, mujhe order ka ek item cancel karna hai. Mujhe jaldi update chahiye.",Hinglish,Cancellation Issue,Order Management,Medium,Hinglish_Cancellation Issue_08,75,13,train
HIN_1122,मुझे सहायता चाहिए क्योंकि मेरे सेव किए हुए कार्ड का बिना अनुमति उपयोग हुआ। मुझे जल्द से जल्द जानकारी चाहिए।,Hindi,Fraud/Security,Security Team,Critical,Hindi_Fraud/Security_05,107,20,train
HIN_0630,यह बहुत जरूरी है: सामान काम नहीं कर रहा है। मुझे जल्द से जल्द जानकारी चाहिए।,Hindi,Product Issue,Product Support,High,Hindi_Product Issue_02,76,16,train
HIN_0438,मेरे बैंक खाते में रिफंड नहीं आया है। मुझे जल्द से जल्द जानकारी चाहिए।,Hindi,Refund Issue,Refund Team,High,Hindi_Refund Issue_10,70,14,train
ENG_0409,"Hello, I received a smaller refund than expected",English,Refund Issue,Refund Team,High,English_Refund Issue_08,48,8,test
HGL_0936,"Hello, mera account lock ho gaya hai. Mujhe jaldi update chahiye.",Hinglish,Account Issue,Account Support,Medium,Hinglish_Account Issue_03,65,11,train
ENG_0053,"Please help, my card payment is stuck in processing Please resolve this.",English,Payment Issue,Payments Team,High,English_Payment Issue_04,72,12,validation
ENG_0950,"Hello, I cannot update my phone number Please resolve this.",English,Account Issue,Account Support,Medium,English_Account Issue_04,59,10,train
HIN_0675,यह बहुत जरूरी है: पैकेज में एक जरूरी सामान गायब है। मुझे जल्द से जल्द जानकारी चाहिए।,Hindi,Product Issue,Product Support,High,Hindi_Product Issue_05,84,17,train
HGL_0381,"Hello, refund ki deadline already cross ho gayi. Mujhe jaldi update chahiye.",Hinglish,Refund Issue,Refund Team,High,Hinglish_Refund Issue_06,76,12,test
ENG_0394,"Hello, the refund was sent to the wrong payment method",English,Refund Issue,Refund Team,High,English_Refund Issue_07,54,10,train
ENG_0677,The item arrived with broken parts Please resolve this.,English,Product Issue,Product Support,High,English_Product Issue_06,55,9,train
HIN_0592,"कृपया मदद करें, ऑर्डर रद्द करने पर मुझसे शुल्क लिया गया।",Hindi,Cancellation Issue,Order Management,Medium,Hindi_Cancellation Issue_10,56,11,train
HGL_0618,Item defective hai aur work nahi kar raha. Mujhe jaldi update chahiye.,Hinglish,Product Issue,Product Support,High,Hinglish_Product Issue_02,70,12,test
HIN_0263,"कृपया मदद करें, मेरे ऑर्डर का केवल एक हिस्सा मिला है। कृपया इसे जल्दी हल करें।",Hindi,Delivery Issue,Logistics Team,Medium,Hindi_Delivery Issue_08,78,16,train
HIN_0022,"कृपया मदद करें, एक ही ऑर्डर के लिए दो बार पैसे कट गए।",Hindi,Payment Issue,Payments Team,High,Hindi_Payment Issue_02,53,13,train
HIN_0384,"कृपया मदद करें, रिफंड मिलने की समय सीमा निकल चुकी है। मुझे जल्द से जल्द जानकारी चाहिए।",Hindi,Refund Issue,Refund Team,High,Hindi_Refund Issue_06,86,17,train
ENG_0145,I need assistance because the wrong amount was charged for my purchase,English,Payment Issue,Payments Team,High,English_Payment Issue_10,70,12,train
ENG_1174,"Hello, a fake customer-care agent requested my bank details",English,Fraud/Security,Security Team,Critical,English_Fraud/Security_09,59,9,train
HGL_1071,"Hello, kisi ne mere account se order place kiya. Mujhe jaldi update chahiye.",Hinglish,Fraud/Security,Security Team,Critical,Hinglish_Fraud/Security_02,76,13,train
HGL_0252,Mujhe help chahiye kyunki mera order wrong address par deliver hua. Mujhe jaldi update chahiye.,Hinglish,Delivery Issue,Logistics Team,Medium,Hinglish_Delivery Issue_07,95,15,train
ENG_0077,The UPI transaction succeeded but the order was not placed Please resolve this.,English,Payment Issue,Payments Team,High,English_Payment Issue_06,79,13,train
ENG_1111,My saved card was used without permission,English,Fraud/Security,Security Team,Critical,English_Fraud/Security_05,41,7,test
ENG_0252,I need assistance because my order was sent to the wrong address I need an update as soon as possible.,English,Delivery Issue,Logistics Team,Medium,English_Delivery Issue_07,102,20,train
HIN_1116,"नमस्ते, मेरे सेव किए हुए कार्ड का बिना अनुमति उपयोग हुआ। मुझे जल्द से जल्द जानकारी चाहिए।",Hindi,Fraud/Security,Security Team,Critical,Hindi_Fraud/Security_05,89,17,train
ENG_0018,I was charged twice for the same order I need an update as soon as possible.,English,Payment Issue,Payments Team,High,English_Payment Issue_02,76,16,train
ENG_0299,This is urgent: the tracking information has not been updated Please resolve this.,English,Delivery Issue,Logistics Team,Medium,English_Delivery Issue_10,82,13,train
HIN_1037,एक ही नंबर से गलती से दो अकाउंट बन गए हैं। कृपया इसे जल्दी हल करें।,Hindi,Account Issue,Account Support,Medium,Hindi_Account Issue_10,67,16,train
HGL_0423,Refund status kai din se change nahi hua. Mujhe jaldi update chahiye.,Hinglish,Refund Issue,Refund Team,High,Hinglish_Refund Issue_09,69,12,test
HIN_0565,मुझे सहायता चाहिए क्योंकि मैं ऑर्डर में से एक सामान रद्द करना चाहती हूँ।,Hindi,Cancellation Issue,Order Management,Medium,Hindi_Cancellation Issue_08,72,14,train
HIN_0539,यह बहुत जरूरी है: विक्रेता ने मेरा कैंसलेशन अनुरोध अस्वीकार कर दिया। कृपया इसे जल्दी हल करें।,Hindi,Cancellation Issue,Order Management,Medium,Hindi_Cancellation Issue_06,93,17,train
ENG_0558,I want to cancel one item from my order I need an update as soon as possible.,English,Cancellation Issue,Order Management,Medium,English_Cancellation Issue_08,77,17,train
HGL_0797,Return pickup abhi tak nahi hua. Please jaldi resolve karo.,Hinglish,Return/Replacement,Returns Team,Medium,Hinglish_Return/Replacement_04,59,10,validation
HIN_0954,"कृपया मदद करें, मैं अपना फोन नंबर अपडेट नहीं कर पा रही हूँ। मुझे जल्द से जल्द जानकारी चाहिए।",Hindi,Account Issue,Account Support,Medium,Hindi_Account Issue_04,92,19,validation
HIN_0672,मुझे सहायता चाहिए क्योंकि पैकेज में एक जरूरी सामान गायब है। मुझे जल्द से जल्द जानकारी चाहिए।,Hindi,Product Issue,Product Support,High,Hindi_Product Issue_05,92,17,train
HIN_1024,"नमस्ते, मेरी ऑर्डर हिस्ट्री दिखाई नहीं दे रही है।",Hindi,Account Issue,Account Support,Medium,Hindi_Account Issue_09,49,9,train
HIN_1033,यह बहुत जरूरी है: मेरी ऑर्डर हिस्ट्री दिखाई नहीं दे रही है।,Hindi,Account Issue,Account Support,Medium,Hindi_Account Issue_09,59,12,train
HGL_0738,Delivery mein empty package mila hai. Mujhe jaldi update chahiye.,Hinglish,Product Issue,Product Support,High,Hinglish_Product Issue_10,65,10,train
ENG_0323,"Please help, the refund is still pending Please resolve this.",English,Refund Issue,Refund Team,High,English_Refund Issue_02,61,10,validation
HIN_0203,"कृपया मदद करें, कूरियर वाले ने मुझसे संपर्क नहीं किया। कृपया इसे जल्दी हल करें।",Hindi,Delivery Issue,Logistics Team,Medium,Hindi_Delivery Issue_04,79,15,test
HIN_0819,"कृपया मदद करें, मैं सामान को दूसरे आकार से बदलना चाहती हूँ। मुझे जल्द से जल्द जानकारी चाहिए।",Hindi,Return/Replacement,Returns Team,Medium,Hindi_Return/Replacement_05,92,18,test
HGL_0902,Main apne account mein login nahi kar pa rahi hoon. Please jaldi resolve karo.,Hinglish,Account Issue,Account Support,Medium,Hinglish_Account Issue_01,78,14,train
HGL_0016,Same order ke liye do baar paise cut gaye.,Hinglish,Payment Issue,Payments Team,High,Hinglish_Payment Issue_02,42,9,train
HIN_0370,मुझे सहायता चाहिए क्योंकि रिटर्न स्वीकार होने के बाद भी रिफंड नहीं मिला।,Hindi,Refund Issue,Refund Team,High,Hindi_Refund Issue_05,72,13,train
ENG_0933,My account has been locked I need an update as soon as possible.,English,Account Issue,Account Support,Medium,English_Account Issue_03,64,13,train
ENG_1076,I need assistance because someone placed an order using my account Please resolve this.,English,Fraud/Security,Security Team,Critical,English_Fraud/Security_02,87,14,train
ENG_1035,This is urgent: my order history is missing I need an update as soon as possible.,English,Account Issue,Account Support,Medium,English_Account Issue_09,81,16,train
HIN_0482,कैंसलेशन अनुरोध बार-बार फेल हो रहा है। कृपया इसे जल्दी हल करें।,Hindi,Cancellation Issue,Order Management,Medium,Hindi_Cancellation Issue_03,63,12,train
HIN_1017,मुझे सहायता चाहिए क्योंकि मैं अकाउंट से जुड़ा ईमेल नहीं बदल पा रही हूँ। मुझे जल्द से जल्द जानकारी चाहिए।,Hindi,Account Issue,Account Support,Medium,Hindi_Account Issue_08,104,20,test
HIN_0596,मुझे सहायता चाहिए क्योंकि ऑर्डर रद्द करने पर मुझसे शुल्क लिया गया। कृपया इसे जल्दी हल करें।,Hindi,Cancellation Issue,Order Management,Medium,Hindi_Cancellation Issue_10,91,17,train
ENG_1024,"Hello, my order history is missing",English,Account Issue,Account Support,Medium,English_Account Issue_09,34,6,train
HGL_0195,Ye urgent hai: tracking delivered dikha raha hai but package nahi mila. Mujhe jaldi update chahiye.,Hinglish,Delivery Issue,Logistics Team,Medium,Hinglish_Delivery Issue_03,99,16,validation
HGL_1158,Mujhe payment maangne wala suspicious message mila. Mujhe jaldi update chahiye.,Hinglish,Fraud/Security,Security Team,Critical,Hinglish_Fraud/Security_08,79,11,train
ENG_0658,This is urgent: the product does not match its description,English,Product Issue,Product Support,High,English_Product Issue_04,58,10,train
ENG_0528,The seller rejected my cancellation request I need an update as soon as possible.,English,Cancellation Issue,Order Management,Medium,English_Cancellation Issue_06,81,14,validation
HIN_1057,"कृपया मदद करें, मेरे अकाउंट में एक अनजान लेन-देन हुआ है।",Hindi,Fraud/Security,Security Team,Critical,Hindi_Fraud/Security_01,56,11,test
HGL_1041,"Hello, same number se accidentally do accounts create ho gaye. Mujhe jaldi update chahiye.",Hinglish,Account Issue,Account Support,Medium,Hinglish_Account Issue_10,90,14,validation
HIN_0692,उत्पाद की गुणवत्ता बहुत खराब है। कृपया इसे जल्दी हल करें।,Hindi,Product Issue,Product Support,High,Hindi_Product Issue_07,57,11,validation
HIN_1048,यह बहुत जरूरी है: एक ही नंबर से गलती से दो अकाउंट बन गए हैं।,Hindi,Account Issue,Account Support,Medium,Hindi_Account Issue_10,60,15,train
HGL_0326,Mujhe help chahiye kyunki mera refund abhi bhi pending hai. Please jaldi resolve karo.,Hinglish,Refund Issue,Refund Team,High,Hinglish_Refund Issue_02,86,14,train
HGL_0365,"Hello, return accept hua but refund process nahi hua. Please jaldi resolve karo.",Hinglish,Refund Issue,Refund Team,High,Hinglish_Refund Issue_05,80,13,validation
HGL_0676,Item ke parts broken hain.,Hinglish,Product Issue,Product Support,High,Hinglish_Product Issue_06,26,5,train
ENG_0326,I need assistance because the refund is still pending Please resolve this.,English,Refund Issue,Refund Team,High,English_Refund Issue_02,74,12,validation
ENG_0433,This is urgent: the refund status has not changed for several days,English,Refund Issue,Refund Team,High,English_Refund Issue_09,66,12,train
ENG_0031,The payment failed but money was taken from my account,English,Payment Issue,Payments Team,High,English_Payment Issue_03,54,10,test
ENG_0458,"Please help, I am unable to cancel my order Please resolve this.",English,Cancellation Issue,Order Management,Medium,English_Cancellation Issue_01,64,12,train
ENG_0230,"Hello, the delivery date keeps changing Please resolve this.",English,Delivery Issue,Logistics Team,Medium,English_Delivery Issue_06,60,9,train
ENG_0204,"Please help, the courier has not contacted me I need an update as soon as possible.",English,Delivery Issue,Logistics Team,Medium,English_Delivery Issue_04,83,16,test
HGL_0223,Ye urgent hai: mera package same location par stuck hai.,Hinglish,Delivery Issue,Logistics Team,Medium,Hinglish_Delivery Issue_05,56,10,train
ENG_0786,"Hello, the return request is not being accepted I need an update as soon as possible.",English,Return/Replacement,Returns Team,Medium,English_Return/Replacement_03,85,16,train
HIN_0284,यह बहुत जरूरी है: कूरियर वाले ने पैकेज देने से मना कर दिया। कृपया इसे जल्दी हल करें।,Hindi,Delivery Issue,Logistics Team,Medium,Hindi_Delivery Issue_09,84,18,validation
HIN_1071,"नमस्ते, किसी ने मेरे अकाउंट से ऑर्डर किया है। मुझे जल्द से जल्द जानकारी चाहिए।",Hindi,Fraud/Security,Security Team,Critical,Hindi_Fraud/Security_02,78,15,test
HIN_0383,"कृपया मदद करें, रिफंड मिलने की समय सीमा निकल चुकी है। कृपया इसे जल्दी हल करें।",Hindi,Refund Issue,Refund Team,High,Hindi_Refund Issue_06,78,16,train
ENG_0694,"Hello, the product quality is very poor",English,Product Issue,Product Support,High,English_Product Issue_07,39,7,test
HGL_0523,Ye urgent hai: galti se order place hua aur mujhe cancel karna hai.,Hinglish,Cancellation Issue,Order Management,Medium,Hinglish_Cancellation Issue_05,67,13,test
HIN_0821,मुझे सहायता चाहिए क्योंकि मैं सामान को दूसरे आकार से बदलना चाहती हूँ। कृपया इसे जल्दी हल करें।,Hindi,Return/Replacement,Returns Team,Medium,Hindi_Return/Replacement_05,94,18,test
ENG_0193,This is urgent: tracking shows delivered but I did not receive the package,English,Delivery Issue,Logistics Team,Medium,English_Delivery Issue_03,74,13,train
HGL_0268,Ye urgent hai: mere order ka sirf ek part deliver hua.,Hinglish,Delivery Issue,Logistics Team,Medium,Hinglish_Delivery Issue_08,54,11,train
HIN_0337,"कृपया मदद करें, मुझे रिफंड की केवल कुछ राशि मिली है।",Hindi,Refund Issue,Refund Team,High,Hindi_Refund Issue_03,52,11,train
HGL_1073,"Please help, kisi ne mere account se order place kiya. Please jaldi resolve karo.",Hinglish,Fraud/Security,Security Team,Critical,Hinglish_Fraud/Security_02,81,14,train
HGL_0649,"Hello, product description ke according nahi hai.",Hinglish,Product Issue,Product Support,High,Hinglish_Product Issue_04,49,7,train
ENG_0167,The delivery is delayed beyond the promised date Please resolve this.,English,Delivery Issue,Logistics Team,Medium,English_Delivery Issue_02,69,11,validation
HGL_0665,"Hello, package mein ek accessory missing hai. Please jaldi resolve karo.",Hinglish,Product Issue,Product Support,High,Hinglish_Product Issue_05,72,11,train
HIN_0537,मुझे सहायता चाहिए क्योंकि विक्रेता ने मेरा कैंसलेशन अनुरोध अस्वीकार कर दिया। मुझे जल्द से जल्द जानकारी चाहिए।,Hindi,Cancellation Issue,Order Management,Medium,Hindi_Cancellation Issue_06,109,18,train
HGL_0426,"Hello, refund status kai din se change nahi hua. Mujhe jaldi update chahiye.",Hinglish,Refund Issue,Refund Team,High,Hinglish_Refund Issue_09,76,13,test
HGL_0279,"Please help, courier person ne package deliver karne se mana kiya. Mujhe jaldi update chahiye.",Hinglish,Delivery Issue,Logistics Team,Medium,Hinglish_Delivery Issue_09,94,15,train
HGL_0857,Courier person ne return collect karne se mana kiya. Please jaldi resolve karo.,Hinglish,Return/Replacement,Returns Team,Medium,Hinglish_Return/Replacement_08,79,13,train
ENG_0977,I forgot my password and cannot reset it Please resolve this.,English,Account Issue,Account Support,Medium,English_Account Issue_06,61,11,train
HIN_0407,मुझे अपेक्षा से कम रिफंड मिला। कृपया इसे जल्दी हल करें।,Hindi,Refund Issue,Refund Team,High,Hindi_Refund Issue_08,55,11,train
ENG_0322,"Please help, the refund is still pending",English,Refund Issue,Refund Team,High,English_Refund Issue_02,40,7,validation
HIN_0312,मुझे सहायता चाहिए क्योंकि मैंने ऑर्डर रद्द किया लेकिन रिफंड नहीं मिला। मुझे जल्द से जल्द जानकारी चाहिए।,Hindi,Refund Issue,Refund Team,High,Hindi_Refund Issue_01,103,18,train
HGL_1031,Mujhe help chahiye kyunki meri order history missing hai. Please jaldi resolve karo.,Hinglish,Account Issue,Account Support,Medium,Hinglish_Account Issue_09,84,13,train
ENG_0195,This is urgent: tracking shows delivered but I did not receive the package I need an update as soon as possible.,English,Delivery Issue,Logistics Team,Medium,English_Delivery Issue_03,112,21,train
HIN_0243,मेरा ऑर्डर गलत पते पर भेज दिया गया। मुझे जल्द से जल्द जानकारी चाहिए।,Hindi,Delivery Issue,Logistics Team,Medium,Hindi_Delivery Issue_07,68,14,train
HGL_0605,"Hello, mujhe damaged product mila hai. Please jaldi resolve karo.",Hinglish,Product Issue,Product Support,High,Hinglish_Product Issue_01,65,10,train
HGL_0744,"Please help, delivery mein empty package mila hai. Mujhe jaldi update chahiye.",Hinglish,Product Issue,Product Support,High,Hinglish_Product Issue_10,78,12,train
ENG_1043,"Please help, I accidentally created two accounts with the same number Please resolve this.",English,Account Issue,Account Support,Medium,English_Account Issue_10,90,14,train
HGL_0937,"Please help, mera account lock ho gaya hai.",Hinglish,Account Issue,Account Support,Medium,Hinglish_Account Issue_03,43,8,train
ENG_0502,"Please help, the order was shipped after I requested cancellation",English,Cancellation Issue,Order Management,Medium,English_Cancellation Issue_04,65,10,test
HGL_0280,Mujhe help chahiye kyunki courier person ne package deliver karne se mana kiya.,Hinglish,Delivery Issue,Logistics Team,Medium,Hinglish_Delivery Issue_09,79,13,train
HGL_1006,Main linked email change nahi kar pa rahi hoon.,Hinglish,Account Issue,Account Support,Medium,Hinglish_Account Issue_08,47,9,test
HIN_0878,"कृपया मदद करें, मुझे गलत रिप्लेसमेंट उत्पाद मिला। कृपया इसे जल्दी हल करें।",Hindi,Return/Replacement,Returns Team,Medium,Hindi_Return/Replacement_09,74,13,train
HIN_0717,मुझे सहायता चाहिए क्योंकि मुझे एक्सपायर हो चुका उत्पाद मिला। मुझे जल्द से जल्द जानकारी चाहिए।,Hindi,Product Issue,Product Support,High,Hindi_Product Issue_08,93,16,train
HIN_0590,"नमस्ते, ऑर्डर रद्द करने पर मुझसे शुल्क लिया गया। कृपया इसे जल्दी हल करें।",Hindi,Cancellation Issue,Order Management,Medium,Hindi_Cancellation Issue_10,73,14,train
HGL_1189,"Hello, mere account se multiple unauthorised purchases hui hain.",Hinglish,Fraud/Security,Security Team,Critical,Hinglish_Fraud/Security_10,64,9,test
HGL_1072,"Please help, kisi ne mere account se order place kiya.",Hinglish,Fraud/Security,Security Team,Critical,Hinglish_Fraud/Security_02,54,10,train
HGL_0964,"Hello, mera saved address disappear ho gaya.",Hinglish,Account Issue,Account Support,Medium,Hinglish_Account Issue_05,44,7,train
HIN_0237,मुझे सहायता चाहिए क्योंकि डिलीवरी की तारीख बार-बार बदल रही है। मुझे जल्द से जल्द जानकारी चाहिए।,Hindi,Delivery Issue,Logistics Team,Medium,Hindi_Delivery Issue_06,95,17,train
ENG_1007,I cannot change the email linked to my account Please resolve this.,English,Account Issue,Account Support,Medium,English_Account Issue_08,67,12,test
ENG_1164,"Please help, I received a suspicious message asking for payment I need an update as soon as possible.",English,Fraud/Security,Security Team,Critical,English_Fraud/Security_08,101,18,train
ENG_0081,"Hello, the UPI transaction succeeded but the order was not placed I need an update as soon as possible.",English,Payment Issue,Payments Team,High,English_Payment Issue_06,103,19,train
HIN_0433,यह बहुत जरूरी है: कई दिनों से रिफंड की स्थिति नहीं बदली है।,Hindi,Refund Issue,Refund Team,High,Hindi_Refund Issue_09,59,13,validation
ENG_0296,I need assistance because the tracking information has not been updated Please resolve this.,English,Delivery Issue,Logistics Team,Medium,English_Delivery Issue_10,92,14,train
HIN_1067,किसी ने मेरे अकाउंट से ऑर्डर किया है। कृपया इसे जल्दी हल करें।,Hindi,Fraud/Security,Security Team,Critical,Hindi_Fraud/Security_02,62,13,test
HIN_0518,"कृपया मदद करें, गलती से किया गया ऑर्डर रद्द करना है। कृपया इसे जल्दी हल करें।",Hindi,Cancellation Issue,Order Management,Medium,Hindi_Cancellation Issue_05,77,16,train
HIN_0379,"नमस्ते, रिफंड मिलने की समय सीमा निकल चुकी है।",Hindi,Refund Issue,Refund Team,High,Hindi_Refund Issue_06,45,9,train
HGL_1198,Ye urgent hai: mere account se multiple unauthorised purchases hui hain.,Hinglish,Fraud/Security,Security Team,Critical,Hinglish_Fraud/Security_10,72,11,test
HGL_0836,Mujhe help chahiye kyunki replacement order abhi tak ship nahi hua. Please jaldi resolve karo.,Hinglish,Return/Replacement,Returns Team,Medium,Hinglish_Return/Replacement_06,94,15,train
HGL_0921,"Hello, mujhe login OTP receive nahi ho raha. Mujhe jaldi update chahiye.",Hinglish,Account Issue,Account Support,Medium,Hinglish_Account Issue_02,72,12,test
HGL_0224,Ye urgent hai: mera package same location par stuck hai. Please jaldi resolve karo.,Hinglish,Delivery Issue,Logistics Team,Medium,Hinglish_Delivery Issue_05,83,14,train
HIN_0699,"कृपया मदद करें, उत्पाद की गुणवत्ता बहुत खराब है। मुझे जल्द से जल्द जानकारी चाहिए।",Hindi,Product Issue,Product Support,High,Hindi_Product Issue_07,81,15,validation
ENG_0898,This is urgent: my return request was cancelled without explanation,English,Return/Replacement,Returns Team,Medium,English_Return/Replacement_10,67,10,train
ENG_0464,This is urgent: I am unable to cancel my order Please resolve this.,English,Cancellation Issue,Order Management,Medium,English_Cancellation Issue_01,67,13,train
ENG_0841,The return window is incorrectly shown as closed,English,Return/Replacement,Returns Team,Medium,English_Return/Replacement_07,48,8,test
HIN_0448,यह बहुत जरूरी है: मेरे बैंक खाते में रिफंड नहीं आया है।,Hindi,Refund Issue,Refund Team,High,Hindi_Refund Issue_10,55,12,train
ENG_1188,There are multiple unauthorised purchases on my account I need an update as soon as possible.,English,Fraud/Security,Security Team,Critical,English_Fraud/Security_10,93,16,train
HIN_0029,यह बहुत जरूरी है: एक ही ऑर्डर के लिए दो बार पैसे कट गए। कृपया इसे जल्दी हल करें।,Hindi,Payment Issue,Payments Team,High,Hindi_Payment Issue_02,80,19,train
HIN_1171,नकली कस्टमर केयर एजेंट ने बैंक की जानकारी मांगी।,Hindi,Fraud/Security,Security Team,Critical,Hindi_Fraud/Security_09,48,9,train
HGL_1117,"Please help, mere saved card ko bina permission use kiya gaya.",Hinglish,Fraud/Security,Security Team,Critical,Hinglish_Fraud/Security_05,62,11,train
ENG_1118,"Please help, my saved card was used without permission Please resolve this.",English,Fraud/Security,Security Team,Critical,English_Fraud/Security_05,75,12,test
HGL_0244,"Hello, mera order wrong address par deliver hua.",Hinglish,Delivery Issue,Logistics Team,Medium,Hinglish_Delivery Issue_07,48,8,train
ENG_0258,Only part of my order was delivered I need an update as soon as possible.,English,Delivery Issue,Logistics Team,Medium,English_Delivery Issue_08,73,15,train
HIN_0230,"नमस्ते, डिलीवरी की तारीख बार-बार बदल रही है। कृपया इसे जल्दी हल करें।",Hindi,Delivery Issue,Logistics Team,Medium,Hindi_Delivery Issue_06,69,13,train
HIN_0489,"कृपया मदद करें, कैंसलेशन अनुरोध बार-बार फेल हो रहा है। मुझे जल्द से जल्द जानकारी चाहिए।",Hindi,Cancellation Issue,Order Management,Medium,Hindi_Cancellation Issue_03,87,16,train
HGL_0974,Ye urgent hai: mera saved address disappear ho gaya. Please jaldi resolve karo.,Hinglish,Account Issue,Account Support,Medium,Hinglish_Account Issue_05,79,13,train
HIN_0616,सामान काम नहीं कर रहा है।,Hindi,Product Issue,Product Support,High,Hindi_Product Issue_02,25,6,train
HGL_0185,"Hello, tracking delivered dikha raha hai but package nahi mila. Please jaldi resolve karo.",Hinglish,Delivery Issue,Logistics Team,Medium,Hinglish_Delivery Issue_03,90,14,validation
HGL_1023,Meri order history missing hai. Mujhe jaldi update chahiye.,Hinglish,Account Issue,Account Support,Medium,Hinglish_Account Issue_09,59,9,train
ENG_0239,This is urgent: the delivery date keeps changing Please resolve this.,English,Delivery Issue,Logistics Team,Medium,English_Delivery Issue_06,69,11,train
ENG_0359,This is urgent: the app says refunded but the money is not in my account Please resolve this.,English,Refund Issue,Refund Team,High,English_Refund Issue_04,93,18,test
ENG_0737,The package was empty when it arrived Please resolve this.,English,Product Issue,Product Support,High,English_Product Issue_10,58,10,train
HGL_0920,"Hello, mujhe login OTP receive nahi ho raha. Please jaldi resolve karo.",Hinglish,Account Issue,Account Support,Medium,Hinglish_Account Issue_02,71,12,test
ENG_0512,I accidentally placed an order and need to cancel it Please resolve this.,English,Cancellation Issue,Order Management,Medium,English_Cancellation Issue_05,73,13,train
HGL_0999,"Please help, app mujhe baar baar logout kar raha hai. Mujhe jaldi update chahiye.",Hinglish,Account Issue,Account Support,Medium,Hinglish_Account Issue_07,81,14,train
HGL_0472,"Please help, cancel button available nahi hai.",Hinglish,Cancellation Issue,Order Management,Medium,Hinglish_Cancellation Issue_02,46,7,train
ENG_0175,I need assistance because the delivery is delayed beyond the promised date,English,Delivery Issue,Logistics Team,Medium,English_Delivery Issue_02,74,12,validation
ENG_0756,"Hello, I want to return this product I need an update as soon as possible.",English,Return/Replacement,Returns Team,Medium,English_Return/Replacement_01,74,15,train
ENG_0215,"Hello, my package is stuck at the same location Please resolve this.",English,Delivery Issue,Logistics Team,Medium,English_Delivery Issue_05,68,12,test
ENG_0480,This is urgent: the cancel button is not available I need an update as soon as possible.,English,Cancellation Issue,Order Management,Medium,English_Cancellation Issue_02,88,17,train
HGL_0529,"Hello, seller ne meri cancellation request reject kar di.",Hinglish,Cancellation Issue,Order Management,Medium,Hinglish_Cancellation Issue_06,57,9,validation
ENG_0415,I need assistance because I received a smaller refund than expected,English,Refund Issue,Refund Team,High,English_Refund Issue_08,67,11,test
HIN_1041,"नमस्ते, एक ही नंबर से गलती से दो अकाउंट बन गए हैं। मुझे जल्द से जल्द जानकारी चाहिए।",Hindi,Account Issue,Account Support,Medium,Hindi_Account Issue_10,83,18,train
ENG_0760,I need assistance because I want to return this product,English,Return/Replacement,Returns Team,Medium,English_Return/Replacement_01,55,10,train
ENG_0103,This is urgent: cash was charged even though the order shows payment pending,English,Payment Issue,Payments Team,High,English_Payment Issue_07,76,13,test
HGL_0535,Mujhe help chahiye kyunki seller ne meri cancellation request reject kar di.,Hinglish,Cancellation Issue,Order Management,Medium,Hinglish_Cancellation Issue_06,76,12,validation
HIN_0387,मुझे सहायता चाहिए क्योंकि रिफंड मिलने की समय सीमा निकल चुकी है। मुझे जल्द से जल्द जानकारी चाहिए।,Hindi,Refund Issue,Refund Team,High,Hindi_Refund Issue_06,96,18,train
ENG_0240,This is urgent: the delivery date keeps changing I need an update as soon as possible.,English,Delivery Issue,Logistics Team,Medium,English_Delivery Issue_06,86,16,train
ENG_0411,"Hello, I received a smaller refund than expected I need an update as soon as possible.",English,Refund Issue,Refund Team,High,English_Refund Issue_08,86,16,test
ENG_0403,This is urgent: the refund was sent to the wrong payment method,English,Refund Issue,Refund Team,High,English_Refund Issue_07,63,12,train
HIN_0365,"नमस्ते, रिटर्न स्वीकार होने के बाद भी रिफंड नहीं मिला। कृपया इसे जल्दी हल करें।",Hindi,Refund Issue,Refund Team,High,Hindi_Refund Issue_05,79,15,train
HIN_1140,यह बहुत जरूरी है: किसी ने मेरे अकाउंट का पासवर्ड बदल दिया। मुझे जल्द से जल्द जानकारी चाहिए।,Hindi,Fraud/Security,Security Team,Critical,Hindi_Fraud/Security_06,91,18,train
HIN_0425,"नमस्ते, कई दिनों से रिफंड की स्थिति नहीं बदली है। कृपया इसे जल्दी हल करें।",Hindi,Refund Issue,Refund Team,High,Hindi_Refund Issue_09,74,15,validation
HIN_0872,मुझे गलत रिप्लेसमेंट उत्पाद मिला। कृपया इसे जल्दी हल करें।,Hindi,Return/Replacement,Returns Team,Medium,Hindi_Return/Replacement_09,58,10,train
HGL_0072,Mujhe help chahiye kyunki checkout fail hua phir bhi amount debit ho gaya. Mujhe jaldi update chahiye.,Hinglish,Payment Issue,Payments Team,High,Hinglish_Payment Issue_05,102,17,test
HIN_1094,यह बहुत जरूरी है: मेरा अकाउंट हैक हो गया है। कृपया इसे जल्दी हल करें।,Hindi,Fraud/Security,Security Team,Critical,Hindi_Fraud/Security_03,69,15,train
ENG_0045,This is urgent: the payment failed but money was taken from my account I need an update as soon as possible.,English,Payment Issue,Payments Team,High,English_Payment Issue_03,108,21,test
ENG_0046,My card payment is stuck in processing,English,Payment Issue,Payments Team,High,English_Payment Issue_04,38,7,validation
ENG_1038,I accidentally created two accounts with the same number I need an update as soon as possible.,English,Account Issue,Account Support,Medium,English_Account Issue_10,94,17,train
ENG_0333,Only part of the refund was credited I need an update as soon as possible.,English,Refund Issue,Refund Team,High,English_Refund Issue_03,74,15,train
ENG_1069,"Hello, someone placed an order using my account",English,Fraud/Security,Security Team,Critical,English_Fraud/Security_02,47,8,train
HIN_0864,"कृपया मदद करें, कूरियर वाले ने रिटर्न लेने से मना कर दिया। मुझे जल्द से जल्द जानकारी चाहिए।",Hindi,Return/Replacement,Returns Team,Medium,Hindi_Return/Replacement_08,91,18,train
HIN_0568,यह बहुत जरूरी है: मैं ऑर्डर में से एक सामान रद्द करना चाहती हूँ।,Hindi,Cancellation Issue,Order Management,Medium,Hindi_Cancellation Issue_08,64,14,train
ENG_1028,"Please help, my order history is missing Please resolve this.",English,Account Issue,Account Support,Medium,English_Account Issue_09,61,10,train
ENG_1053,There is an unknown transaction on my account I need an update as soon as possible.,English,Fraud/Security,Security Team,Critical,English_Fraud/Security_01,83,16,train
ENG_0719,This is urgent: I received an expired product Please resolve this.,English,Product Issue,Product Support,High,English_Product Issue_08,66,11,train
ENG_0059,This is urgent: my card payment is stuck in processing Please resolve this.,English,Payment Issue,Payments Team,High,English_Payment Issue_04,75,13,validation
HGL_1195,Mujhe help chahiye kyunki mere account se multiple unauthorised purchases hui hain.,Hinglish,Fraud/Security,Security Team,Critical,Hinglish_Fraud/Security_10,83,12,test
ENG_1012,"Please help, I cannot change the email linked to my account",English,Account Issue,Account Support,Medium,English_Account Issue_08,59,11,test
HGL_0894,"Please help, meri return request bina reason cancel ho gayi. Mujhe jaldi update chahiye.",Hinglish,Return/Replacement,Returns Team,Medium,Hinglish_Return/Replacement_10,88,14,train
HGL_0739,"Hello, delivery mein empty package mila hai.",Hinglish,Product Issue,Product Support,High,Hinglish_Product Issue_10,44,7,train
HIN_0412,"कृपया मदद करें, मुझे अपेक्षा से कम रिफंड मिला।",Hindi,Refund Issue,Refund Team,High,Hindi_Refund Issue_08,46,9,train
HGL_0062,Checkout fail hua phir bhi amount debit ho gaya. Please jaldi resolve karo.,Hinglish,Payment Issue,Payments Team,High,Hinglish_Payment Issue_05,75,13,test
HIN_0803,"कृपया मदद करें, रिटर्न के लिए पिकअप अभी तक नहीं हुआ। कृपया इसे जल्दी हल करें।",Hindi,Return/Replacement,Returns Team,Medium,Hindi_Return/Replacement_04,77,16,validation
HIN_1190,"नमस्ते, मेरे अकाउंट से कई अनधिकृत खरीदारी हुई हैं। कृपया इसे जल्दी हल करें।",Hindi,Fraud/Security,Security Team,Critical,Hindi_Fraud/Security_10,75,14,train
HIN_0196,कूरियर वाले ने मुझसे संपर्क नहीं किया।,Hindi,Delivery Issue,Logistics Team,Medium,Hindi_Delivery Issue_04,38,7,test
HGL_0234,"Please help, delivery date baar baar change ho rahi hai. Mujhe jaldi update chahiye.",Hinglish,Delivery Issue,Logistics Team,Medium,Hinglish_Delivery Issue_06,84,14,test
ENG_0310,I need assistance because I cancelled my order but have not received the refund,English,Refund Issue,Refund Team,High,English_Refund Issue_01,79,14,train
HIN_0846,"नमस्ते, रिटर्न की समय सीमा गलत तरीके से बंद दिखाई जा रही है। मुझे जल्द से जल्द जानकारी चाहिए।",Hindi,Return/Replacement,Returns Team,Medium,Hindi_Return/Replacement_07,93,19,test
HIN_0233,"कृपया मदद करें, डिलीवरी की तारीख बार-बार बदल रही है। कृपया इसे जल्दी हल करें।",Hindi,Delivery Issue,Logistics Team,Medium,Hindi_Delivery Issue_06,77,15,train
HIN_0466,ऑर्डर रद्द करने का बटन उपलब्ध नहीं है।,Hindi,Cancellation Issue,Order Management,Medium,Hindi_Cancellation Issue_02,38,8,test
ENG_1117,"Please help, my saved card was used without permission",English,Fraud/Security,Security Team,Critical,English_Fraud/Security_05,54,9,test
HIN_0958,यह बहुत जरूरी है: मैं अपना फोन नंबर अपडेट नहीं कर पा रही हूँ।,Hindi,Account Issue,Account Support,Medium,Hindi_Account Issue_04,61,14,validation
HGL_0396,"Hello, refund wrong payment method mein bheja gaya. Mujhe jaldi update chahiye.",Hinglish,Refund Issue,Refund Team,High,Hinglish_Refund Issue_07,79,12,train
ENG_0795,This is urgent: the return request is not being accepted I need an update as soon as possible.,English,Return/Replacement,Returns Team,Medium,English_Return/Replacement_03,94,18,train
HIN_0228,डिलीवरी की तारीख बार-बार बदल रही है। मुझे जल्द से जल्द जानकारी चाहिए।,Hindi,Delivery Issue,Logistics Team,Medium,Hindi_Delivery Issue_06,69,13,train
HIN_0291,"नमस्ते, ट्रैकिंग की जानकारी अपडेट नहीं हो रही है। मुझे जल्द से जल्द जानकारी चाहिए।",Hindi,Delivery Issue,Logistics Team,Medium,Hindi_Delivery Issue_10,82,15,test
HIN_0269,यह बहुत जरूरी है: मेरे ऑर्डर का केवल एक हिस्सा मिला है। कृपया इसे जल्दी हल करें।,Hindi,Delivery Issue,Logistics Team,Medium,Hindi_Delivery Issue_08,80,17,train
ENG_0713,"Please help, I received an expired product Please resolve this.",English,Product Issue,Product Support,High,English_Product Issue_08,63,10,train
ENG_0539,This is urgent: the seller rejected my cancellation request Please resolve this.,English,Cancellation Issue,Order Management,Medium,English_Cancellation Issue_06,80,12,validation
HIN_0034,"नमस्ते, पेमेंट फेल हो गया लेकिन खाते से पैसे कट गए।",Hindi,Payment Issue,Payments Team,High,Hindi_Payment Issue_03,51,11,train
HIN_0012,मुझे सहायता चाहिए क्योंकि मेरे पैसे कट गए लेकिन ऑर्डर कन्फर्म नहीं हुआ। मुझे जल्द से जल्द जानकारी चाहिए।,Hindi,Payment Issue,Payments Team,High,Hindi_Payment Issue_01,104,19,train
ENG_0782,The return request is not being accepted Please resolve this.,English,Return/Replacement,Returns Team,Medium,English_Return/Replacement_03,61,10,train
HGL_0292,"Please help, tracking information update nahi ho rahi hai.",Hinglish,Delivery Issue,Logistics Team,Medium,Hinglish_Delivery Issue_10,58,9,train
ENG_0189,"Please help, tracking shows delivered but I did not receive the package I need an update as soon as possible.",English,Delivery Issue,Logistics Team,Medium,English_Delivery Issue_03,109,20,train
HIN_0358,यह बहुत जरूरी है: ऐप में रिफंड दिख रहा है लेकिन खाते में पैसे नहीं आए।,Hindi,Refund Issue,Refund Team,High,Hindi_Refund Issue_04,70,16,test
HGL_0418,Ye urgent hai: mujhe expected amount se kam refund mila.,Hinglish,Refund Issue,Refund Team,High,Hinglish_Refund Issue_08,56,10,train
HGL_1161,"Hello, mujhe payment maangne wala suspicious message mila. Mujhe jaldi update chahiye.",Hinglish,Fraud/Security,Security Team,Critical,Hinglish_Fraud/Security_08,86,12,train
HIN_0950,"नमस्ते, मैं अपना फोन नंबर अपडेट नहीं कर पा रही हूँ। कृपया इसे जल्दी हल करें।",Hindi,Account Issue,Account Support,Medium,Hindi_Account Issue_04,76,16,validation
HGL_0287,Tracking information update nahi ho rahi hai. Please jaldi resolve karo.,Hinglish,Delivery Issue,Logistics Team,Medium,Hinglish_Delivery Issue_10,72,11,train
HGL_0979,"Hello, main password reset nahi kar pa rahi hoon.",Hinglish,Account Issue,Account Support,Medium,Hinglish_Account Issue_06,49,9,train
HGL_0571,Cancel karne ke baad bhi order active dikha raha hai.,Hinglish,Cancellation Issue,Order Management,Medium,Hinglish_Cancellation Issue_09,53,10,train
ENG_0355,I need assistance because the app says refunded but the money is not in my account,English,Refund Issue,Refund Team,High,English_Refund Issue_04,82,16,test
ENG_0241,My order was sent to the wrong address,English,Delivery Issue,Logistics Team,Medium,English_Delivery Issue_07,38,8,train
ENG_0791,I need assistance because the return request is not being accepted Please resolve this.,English,Return/Replacement,Returns Team,Medium,English_Return/Replacement_03,87,14,train
HGL_0701,Mujhe help chahiye kyunki product ki quality bahut poor hai. Please jaldi resolve karo.,Hinglish,Product Issue,Product Support,High,Hinglish_Product Issue_07,87,14,train
ENG_0966,"Hello, my saved address has disappeared I need an update as soon as possible.",English,Account Issue,Account Support,Medium,English_Account Issue_05,77,14,train
HGL_1088,"Please help, lagta hai mera account hack ho gaya hai. Please jaldi resolve karo.",Hinglish,Fraud/Security,Security Team,Critical,Hinglish_Fraud/Security_03,80,14,test
HIN_1193,"कृपया मदद करें, मेरे अकाउंट से कई अनधिकृत खरीदारी हुई हैं। कृपया इसे जल्दी हल करें।",Hindi,Fraud/Security,Security Team,Critical,Hindi_Fraud/Security_10,83,16,train
ENG_1002,I need assistance because the app logs me out repeatedly I need an update as soon as possible.,English,Account Issue,Account Support,Medium,English_Account Issue_07,94,18,test
ENG_0579,"Please help, my order still appears active after cancellation I need an update as soon as possible.",English,Cancellation Issue,Order Management,Medium,English_Cancellation Issue_09,99,17,train
ENG_0555,This is urgent: the app is not showing the cancellation option I need an update as soon as possible.,English,Cancellation Issue,Order Management,Medium,English_Cancellation Issue_07,100,19,test
ENG_0479,This is urgent: the cancel button is not available Please resolve this.,English,Cancellation Issue,Order Management,Medium,English_Cancellation Issue_02,71,12,train
HGL_1089,"Please help, lagta hai mera account hack ho gaya hai. Mujhe jaldi update chahiye.",Hinglish,Fraud/Security,Security Team,Critical,Hinglish_Fraud/Security_03,81,14,test
HIN_0427,"कृपया मदद करें, कई दिनों से रिफंड की स्थिति नहीं बदली है।",Hindi,Refund Issue,Refund Team,High,Hindi_Refund Issue_09,57,12,validation
HGL_0232,"Please help, delivery date baar baar change ho rahi hai.",Hinglish,Delivery Issue,Logistics Team,Medium,Hinglish_Delivery Issue_06,56,10,test
ENG_0153,My order has not arrived yet I need an update as soon as possible.,English,Delivery Issue,Logistics Team,Medium,English_Delivery Issue_01,66,14,train
HGL_0341,Mujhe help chahiye kyunki mujhe sirf partial refund mila hai. Please jaldi resolve karo.,Hinglish,Refund Issue,Refund Team,High,Hinglish_Refund Issue_03,88,14,train
HIN_1060,मुझे सहायता चाहिए क्योंकि मेरे अकाउंट में एक अनजान लेन-देन हुआ है।,Hindi,Fraud/Security,Security Team,Critical,Hindi_Fraud/Security_01,66,12,test
HGL_0513,Galti se order place hua aur mujhe cancel karna hai. Mujhe jaldi update chahiye.,Hinglish,Cancellation Issue,Order Management,Medium,Hinglish_Cancellation Issue_05,80,14,test
HIN_0713,"कृपया मदद करें, मुझे एक्सपायर हो चुका उत्पाद मिला। कृपया इसे जल्दी हल करें।",Hindi,Product Issue,Product Support,High,Hindi_Product Issue_08,75,14,train
ENG_0257,Only part of my order was delivered Please resolve this.,English,Delivery Issue,Logistics Team,Medium,English_Delivery Issue_08,56,10,train
HIN_0673,यह बहुत जरूरी है: पैकेज में एक जरूरी सामान गायब है।,Hindi,Product Issue,Product Support,High,Hindi_Product Issue_05,51,11,train
ENG_0347,The app says refunded but the money is not in my account Please resolve this.,English,Refund Issue,Refund Team,High,English_Refund Issue_04,77,15,test
HIN_0339,"कृपया मदद करें, मुझे रिफंड की केवल कुछ राशि मिली है। मुझे जल्द से जल्द जानकारी चाहिए।",Hindi,Refund Issue,Refund Team,High,Hindi_Refund Issue_03,85,17,train
HIN_0608,"कृपया मदद करें, मुझे मिला हुआ उत्पाद खराब है। कृपया इसे जल्दी हल करें।",Hindi,Product Issue,Product Support,High,Hindi_Product Issue_01,70,14,test
ENG_0777,I need assistance because I need a replacement for the damaged item I need an update as soon as possible.,English,Return/Replacement,Returns Team,Medium,English_Return/Replacement_02,105,20,train
HGL_0113,"Please help, main apne order ka payment complete nahi kar pa rahi hoon. Please jaldi resolve karo.",Hinglish,Payment Issue,Payments Team,High,Hinglish_Payment Issue_08,98,17,train
HGL_0118,Ye urgent hai: main apne order ka payment complete nahi kar pa rahi hoon.,Hinglish,Payment Issue,Payments Team,High,Hinglish_Payment Issue_08,73,14,train
ENG_1105,I need assistance because I received an OTP for a purchase I did not make,English,Fraud/Security,Security Team,Critical,English_Fraud/Security_04,73,15,train
HIN_0507,मुझे सहायता चाहिए क्योंकि कैंसलेशन के बाद भी ऑर्डर भेज दिया गया। मुझे जल्द से जल्द जानकारी चाहिए।,Hindi,Cancellation Issue,Order Management,Medium,Hindi_Cancellation Issue_04,97,18,train
HGL_0555,Ye urgent hai: app mein cancellation option show nahi ho raha. Mujhe jaldi update chahiye.,Hinglish,Cancellation Issue,Order Management,Medium,Hinglish_Cancellation Issue_07,90,15,train
HIN_0225,यह बहुत जरूरी है: मेरा पैकेज कई दिनों से एक ही जगह अटका है। मुझे जल्द से जल्द जानकारी चाहिए।,Hindi,Delivery Issue,Logistics Team,Medium,Hindi_Delivery Issue_05,92,20,train
HGL_0088,Ye urgent hai: UPI payment successful tha but order place nahi hua.,Hinglish,Payment Issue,Payments Team,High,Hinglish_Payment Issue_06,67,12,train
HIN_0221,मुझे सहायता चाहिए क्योंकि मेरा पैकेज कई दिनों से एक ही जगह अटका है। कृपया इसे जल्दी हल करें।,Hindi,Delivery Issue,Logistics Team,Medium,Hindi_Delivery Issue_05,92,19,train
ENG_0179,This is urgent: the delivery is delayed beyond the promised date Please resolve this.,English,Delivery Issue,Logistics Team,Medium,English_Delivery Issue_02,85,14,validation
HGL_0416,Mujhe help chahiye kyunki mujhe expected amount se kam refund mila. Please jaldi resolve karo.,Hinglish,Refund Issue,Refund Team,High,Hinglish_Refund Issue_08,94,15,train
HIN_0784,"नमस्ते, मेरा रिटर्न अनुरोध स्वीकार नहीं हो रहा है।",Hindi,Return/Replacement,Returns Team,Medium,Hindi_Return/Replacement_03,50,9,train
ENG_1062,I need assistance because there is an unknown transaction on my account I need an update as soon as possible.,English,Fraud/Security,Security Team,Critical,English_Fraud/Security_01,109,20,train
ENG_0574,"Hello, my order still appears active after cancellation",English,Cancellation Issue,Order Management,Medium,English_Cancellation Issue_09,55,8,train
HIN_0069,"कृपया मदद करें, चेकआउट फेल होने के बाद भी राशि डेबिट हो गई। मुझे जल्द से जल्द जानकारी चाहिए।",Hindi,Payment Issue,Payments Team,High,Hindi_Payment Issue_05,92,19,train
ENG_1081,My account appears to have been hacked,English,Fraud/Security,Security Team,Critical,English_Fraud/Security_03,38,7,test
HGL_0301,Order cancel kiya but refund abhi tak nahi mila.,Hinglish,Refund Issue,Refund Team,High,Hinglish_Refund Issue_01,48,9,train
HIN_0527,विक्रेता ने मेरा कैंसलेशन अनुरोध अस्वीकार कर दिया। कृपया इसे जल्दी हल करें।,Hindi,Cancellation Issue,Order Management,Medium,Hindi_Cancellation Issue_06,75,13,train
HIN_0085,मुझे सहायता चाहिए क्योंकि यूपीआई पेमेंट सफल हुआ लेकिन ऑर्डर प्लेस नहीं हुआ।,Hindi,Payment Issue,Payments Team,High,Hindi_Payment Issue_06,75,13,train
ENG_1124,This is urgent: my saved card was used without permission Please resolve this.,English,Fraud/Security,Security Team,Critical,English_Fraud/Security_05,78,13,test
HGL_0796,Return pickup abhi tak nahi hua.,Hinglish,Return/Replacement,Returns Team,Medium,Hinglish_Return/Replacement_04,32,6,validation
ENG_0706,I received an expired product,English,Product Issue,Product Support,High,English_Product Issue_08,29,5,train
ENG_0015,This is urgent: my payment was deducted but the order was not confirmed I need an update as soon as possible.,English,Payment Issue,Payments Team,High,English_Payment Issue_01,109,21,train
ENG_0986,I need assistance because I forgot my password and cannot reset it Please resolve this.,English,Account Issue,Account Support,Medium,English_Account Issue_06,87,15,train
ENG_0174,"Please help, the delivery is delayed beyond the promised date I need an update as soon as possible.",English,Delivery Issue,Logistics Team,Medium,English_Delivery Issue_02,99,18,validation
HGL_1029,"Please help, meri order history missing hai. Mujhe jaldi update chahiye.",Hinglish,Account Issue,Account Support,Medium,Hinglish_Account Issue_09,72,11,train
HGL_0364,"Hello, return accept hua but refund process nahi hua.",Hinglish,Refund Issue,Refund Team,High,Hinglish_Refund Issue_05,53,9,validation
ENG_0332,Only part of the refund was credited Please resolve this.,English,Refund Issue,Refund Team,High,English_Refund Issue_03,57,10,train
ENG_0692,The product quality is very poor Please resolve this.,English,Product Issue,Product Support,High,English_Product Issue_07,53,9,test
ENG_0431,I need assistance because the refund status has not changed for several days Please resolve this.,English,Refund Issue,Refund Team,High,English_Refund Issue_09,97,16,train
HGL_0187,"Please help, tracking delivered dikha raha hai but package nahi mila.",Hinglish,Delivery Issue,Logistics Team,Medium,Hinglish_Delivery Issue_03,69,11,validation
HGL_1175,"Hello, fake customer care agent ne bank details maangi. Please jaldi resolve karo.",Hinglish,Fraud/Security,Security Team,Critical,Hinglish_Fraud/Security_09,82,13,train
HGL_0978,Main password reset nahi kar pa rahi hoon. Mujhe jaldi update chahiye.,Hinglish,Account Issue,Account Support,Medium,Hinglish_Account Issue_06,70,12,train
HGL_0441,"Hello, mere bank account mein promised refund nahi aaya. Mujhe jaldi update chahiye.",Hinglish,Refund Issue,Refund Team,High,Hinglish_Refund Issue_10,84,13,train
HIN_0860,"नमस्ते, कूरियर वाले ने रिटर्न लेने से मना कर दिया। कृपया इसे जल्दी हल करें।",Hindi,Return/Replacement,Returns Team,Medium,Hindi_Return/Replacement_08,75,15,train
HIN_0478,यह बहुत जरूरी है: ऑर्डर रद्द करने का बटन उपलब्ध नहीं है।,Hindi,Cancellation Issue,Order Management,Medium,Hindi_Cancellation Issue_02,56,12,test
HIN_0247,"कृपया मदद करें, मेरा ऑर्डर गलत पते पर भेज दिया गया।",Hindi,Delivery Issue,Logistics Team,Medium,Hindi_Delivery Issue_07,51,11,train
ENG_0545,"Hello, the app is not showing the cancellation option Please resolve this.",English,Cancellation Issue,Order Management,Medium,English_Cancellation Issue_07,74,12,test
ENG_1162,"Please help, I received a suspicious message asking for payment",English,Fraud/Security,Security Team,Critical,English_Fraud/Security_08,63,10,train
HGL_0833,"Please help, replacement order abhi tak ship nahi hua. Please jaldi resolve karo.",Hinglish,Return/Replacement,Returns Team,Medium,Hinglish_Return/Replacement_06,81,13,train
HIN_0090,यह बहुत जरूरी है: यूपीआई पेमेंट सफल हुआ लेकिन ऑर्डर प्लेस नहीं हुआ। मुझे जल्द से जल्द जानकारी चाहिए।,Hindi,Payment Issue,Payments Team,High,Hindi_Payment Issue_06,100,19,train
HIN_1027,"कृपया मदद करें, मेरी ऑर्डर हिस्ट्री दिखाई नहीं दे रही है।",Hindi,Account Issue,Account Support,Medium,Hindi_Account Issue_09,57,11,train
ENG_0451,I am unable to cancel my order,English,Cancellation Issue,Order Management,Medium,English_Cancellation Issue_01,30,7,train
HGL_0645,Ye urgent hai: mujhe wrong product deliver hua. Mujhe jaldi update chahiye.,Hinglish,Product Issue,Product Support,High,Hinglish_Product Issue_03,75,12,validation
HIN_0549,"कृपया मदद करें, ऐप में कैंसलेशन का विकल्प नहीं दिख रहा है। मुझे जल्द से जल्द जानकारी चाहिए।",Hindi,Cancellation Issue,Order Management,Medium,Hindi_Cancellation Issue_07,91,18,test
HGL_0094,"Hello, payment karne ke baad bhi order pending dikha raha hai.",Hinglish,Payment Issue,Payments Team,High,Hinglish_Payment Issue_07,62,11,test
ENG_0325,I need assistance because the refund is still pending,English,Refund Issue,Refund Team,High,English_Refund Issue_02,53,9,validation
ENG_1023,My order history is missing I need an update as soon as possible.,English,Account Issue,Account Support,Medium,English_Account Issue_09,65,13,train
ENG_0487,"Please help, my cancellation request keeps failing",English,Cancellation Issue,Order Management,Medium,English_Cancellation Issue_03,50,7,train
ENG_1147,"Please help, I found an unfamiliar delivery address in my account",English,Fraud/Security,Security Team,Critical,English_Fraud/Security_07,65,11,validation
ENG_0819,"Please help, I want to exchange the item for another size I need an update as soon as possible.",English,Return/Replacement,Returns Team,Medium,English_Return/Replacement_05,95,19,train
ENG_0064,"Hello, the amount was debited even though checkout failed",English,Payment Issue,Payments Team,High,English_Payment Issue_05,57,9,train
ENG_0267,I need assistance because only part of my order was delivered I need an update as soon as possible.,English,Delivery Issue,Logistics Team,Medium,English_Delivery Issue_08,99,19,train
HIN_0529,"नमस्ते, विक्रेता ने मेरा कैंसलेशन अनुरोध अस्वीकार कर दिया।",Hindi,Cancellation Issue,Order Management,Medium,Hindi_Cancellation Issue_06,58,9,train
ENG_0926,I need assistance because I am not receiving the login OTP Please resolve this.,English,Account Issue,Account Support,Medium,English_Account Issue_02,79,14,train
ENG_0158,"Please help, my order has not arrived yet Please resolve this.",English,Delivery Issue,Logistics Team,Medium,English_Delivery Issue_01,62,11,train
ENG_0858,The courier refused to collect my return I need an update as soon as possible.,English,Return/Replacement,Returns Team,Medium,English_Return/Replacement_08,78,15,train
ENG_0369,"Please help, my return was accepted but the refund was not processed I need an update as soon as possible.",English,Refund Issue,Refund Team,High,English_Refund Issue_05,106,20,train
ENG_0062,The amount was debited even though checkout failed Please resolve this.,English,Payment Issue,Payments Team,High,English_Payment Issue_05,71,11,train
HGL_0579,"Please help, cancel karne ke baad bhi order active dikha raha hai. Mujhe jaldi update chahiye.",Hinglish,Cancellation Issue,Order Management,Medium,Hinglish_Cancellation Issue_09,94,16,train
HGL_0172,"Please help, promised date ke baad bhi package nahi aaya.",Hinglish,Delivery Issue,Logistics Team,Medium,Hinglish_Delivery Issue_02,57,10,train
HGL_0625,Mujhe help chahiye kyunki item defective hai aur work nahi kar raha.,Hinglish,Product Issue,Product Support,High,Hinglish_Product Issue_02,68,12,test
ENG_0255,This is urgent: my order was sent to the wrong address I need an update as soon as possible.,English,Delivery Issue,Logistics Team,Medium,English_Delivery Issue_07,92,19,train
HGL_0042,Mujhe help chahiye kyunki payment fail hua but account se money deduct ho gayi. Mujhe jaldi update chahiye.,Hinglish,Payment Issue,Payments Team,High,Hinglish_Payment Issue_03,107,18,train
HGL_0392,Refund wrong payment method mein bheja gaya. Please jaldi resolve karo.,Hinglish,Refund Issue,Refund Team,High,Hinglish_Refund Issue_07,71,11,train
HGL_0155,"Hello, mera order abhi tak deliver nahi hua. Please jaldi resolve karo.",Hinglish,Delivery Issue,Logistics Team,Medium,Hinglish_Delivery Issue_01,71,12,train
HIN_0924,"कृपया मदद करें, मुझे लॉगिन ओटीपी नहीं मिल रहा है। मुझे जल्द से जल्द जानकारी चाहिए।",Hindi,Account Issue,Account Support,Medium,Hindi_Account Issue_02,82,16,train
ENG_0110,"Hello, I cannot complete the payment for my order Please resolve this.",English,Payment Issue,Payments Team,High,English_Payment Issue_08,70,12,train
ENG_0125,"Hello, the payment page keeps failing during checkout Please resolve this.",English,Payment Issue,Payments Team,High,English_Payment Issue_09,74,11,train
HIN_0064,"नमस्ते, चेकआउट फेल होने के बाद भी राशि डेबिट हो गई।",Hindi,Payment Issue,Payments Team,High,Hindi_Payment Issue_05,51,11,train
HGL_0037,"Please help, payment fail hua but account se money deduct ho gayi.",Hinglish,Payment Issue,Payments Team,High,Hinglish_Payment Issue_03,66,12,train
ENG_0264,"Please help, only part of my order was delivered I need an update as soon as possible.",English,Delivery Issue,Logistics Team,Medium,English_Delivery Issue_08,86,17,train
HGL_0851,Mujhe help chahiye kyunki return window galat closed show ho rahi hai. Please jaldi resolve karo.,Hinglish,Return/Replacement,Returns Team,Medium,Hinglish_Return/Replacement_07,97,16,test
HGL_0590,"Hello, order cancel karne par extra fee charge hui. Please jaldi resolve karo.",Hinglish,Cancellation Issue,Order Management,Medium,Hinglish_Cancellation Issue_10,78,13,train
ENG_0600,This is urgent: I was charged a fee for cancelling the order I need an update as soon as possible.,English,Cancellation Issue,Order Management,Medium,English_Cancellation Issue_10,98,20,train
HIN_0414,"कृपया मदद करें, मुझे अपेक्षा से कम रिफंड मिला। मुझे जल्द से जल्द जानकारी चाहिए।",Hindi,Refund Issue,Refund Team,High,Hindi_Refund Issue_08,79,15,train
ENG_0222,I need assistance because my package is stuck at the same location I need an update as soon as possible.,English,Delivery Issue,Logistics Team,Medium,English_Delivery Issue_05,104,20,test
HIN_0411,"नमस्ते, मुझे अपेक्षा से कम रिफंड मिला। मुझे जल्द से जल्द जानकारी चाहिए।",Hindi,Refund Issue,Refund Team,High,Hindi_Refund Issue_08,71,13,train
HGL_0759,"Please help, mujhe ye product return karna hai. Mujhe jaldi update chahiye.",Hinglish,Return/Replacement,Returns Team,Medium,Hinglish_Return/Replacement_01,75,12,test
HIN_0996,"नमस्ते, ऐप मुझे बार-बार लॉग आउट कर रहा है। मुझे जल्द से जल्द जानकारी चाहिए।",Hindi,Account Issue,Account Support,Medium,Hindi_Account Issue_07,75,15,train
ENG_0550,I need assistance because the app is not showing the cancellation option,English,Cancellation Issue,Order Management,Medium,English_Cancellation Issue_07,72,12,test
HIN_0544,"नमस्ते, ऐप में कैंसलेशन का विकल्प नहीं दिख रहा है।",Hindi,Cancellation Issue,Order Management,Medium,Hindi_Cancellation Issue_07,50,10,test
HIN_0548,"कृपया मदद करें, ऐप में कैंसलेशन का विकल्प नहीं दिख रहा है। कृपया इसे जल्दी हल करें।",Hindi,Cancellation Issue,Order Management,Medium,Hindi_Cancellation Issue_07,83,17,test
HGL_0219,"Please help, mera package same location par stuck hai. Mujhe jaldi update chahiye.",Hinglish,Delivery Issue,Logistics Team,Medium,Hinglish_Delivery Issue_05,82,13,train
ENG_0089,This is urgent: the UPI transaction succeeded but the order was not placed Please resolve this.,English,Payment Issue,Payments Team,High,English_Payment Issue_06,95,16,train
HGL_0526,Seller ne meri cancellation request reject kar di.,Hinglish,Cancellation Issue,Order Management,Medium,Hinglish_Cancellation Issue_06,50,8,validation
HGL_0691,Product ki quality bahut poor hai.,Hinglish,Product Issue,Product Support,High,Hinglish_Product Issue_07,34,6,train
HIN_1141,मेरे अकाउंट में एक अनजान डिलीवरी पता दिखाई दे रहा है।,Hindi,Fraud/Security,Security Team,Critical,Hindi_Fraud/Security_07,53,11,train
HGL_0167,Promised date ke baad bhi package nahi aaya. Please jaldi resolve karo.,Hinglish,Delivery Issue,Logistics Team,Medium,Hinglish_Delivery Issue_02,71,12,train
ENG_0595,I need assistance because I was charged a fee for cancelling the order,English,Cancellation Issue,Order Management,Medium,English_Cancellation Issue_10,70,13,train
HIN_1111,मेरे सेव किए हुए कार्ड का बिना अनुमति उपयोग हुआ।,Hindi,Fraud/Security,Security Team,Critical,Hindi_Fraud/Security_05,48,10,train
HGL_1079,Ye urgent hai: kisi ne mere account se order place kiya. Please jaldi resolve karo.,Hinglish,Fraud/Security,Security Team,Critical,Hinglish_Fraud/Security_02,83,15,train
HIN_0899,यह बहुत जरूरी है: मेरा रिटर्न अनुरोध बिना कारण रद्द कर दिया गया। कृपया इसे जल्दी हल करें।,Hindi,Return/Replacement,Returns Team,Medium,Hindi_Return/Replacement_10,89,18,train
HGL_0696,"Hello, product ki quality bahut poor hai. Mujhe jaldi update chahiye.",Hinglish,Product Issue,Product Support,High,Hinglish_Product Issue_07,69,11,train
HGL_0842,Return window galat closed show ho rahi hai. Please jaldi resolve karo.,Hinglish,Return/Replacement,Returns Team,Medium,Hinglish_Return/Replacement_07,71,12,test
HIN_0695,"नमस्ते, उत्पाद की गुणवत्ता बहुत खराब है। कृपया इसे जल्दी हल करें।",Hindi,Product Issue,Product Support,High,Hindi_Product Issue_07,65,12,validation
HIN_0367,"कृपया मदद करें, रिटर्न स्वीकार होने के बाद भी रिफंड नहीं मिला।",Hindi,Refund Issue,Refund Team,High,Hindi_Refund Issue_05,62,12,train
HIN_0036,"नमस्ते, पेमेंट फेल हो गया लेकिन खाते से पैसे कट गए। मुझे जल्द से जल्द जानकारी चाहिए।",Hindi,Payment Issue,Payments Team,High,Hindi_Payment Issue_03,84,17,train
HGL_0210,Ye urgent hai: courier person ne mujhse contact nahi kiya. Mujhe jaldi update chahiye.,Hinglish,Delivery Issue,Logistics Team,Medium,Hinglish_Delivery Issue_04,86,14,test
ENG_0722,The size or colour is different from what I ordered Please resolve this.,English,Product Issue,Product Support,High,English_Product Issue_09,72,13,test
HGL_0788,"Please help, meri return request accept nahi ho rahi. Please jaldi resolve karo.",Hinglish,Return/Replacement,Returns Team,Medium,Hinglish_Return/Replacement_03,80,13,train
ENG_0284,This is urgent: the courier refused to deliver my package Please resolve this.,English,Delivery Issue,Logistics Team,Medium,English_Delivery Issue_09,78,13,train
ENG_0275,"Hello, the courier refused to deliver my package Please resolve this.",English,Delivery Issue,Logistics Team,Medium,English_Delivery Issue_09,69,11,train
ENG_0745,I need assistance because the package was empty when it arrived,English,Product Issue,Product Support,High,English_Product Issue_10,63,11,train
HIN_1147,"कृपया मदद करें, मेरे अकाउंट में एक अनजान डिलीवरी पता दिखाई दे रहा है।",Hindi,Fraud/Security,Security Team,Critical,Hindi_Fraud/Security_07,69,14,train
HGL_0838,Ye urgent hai: replacement order abhi tak ship nahi hua.,Hinglish,Return/Replacement,Returns Team,Medium,Hinglish_Return/Replacement_06,56,10,train
HGL_0355,Mujhe help chahiye kyunki app refunded dikha raha hai but account mein paise nahi aaye.,Hinglish,Refund Issue,Refund Team,High,Hinglish_Refund Issue_04,87,15,train
ENG_0424,"Hello, the refund status has not changed for several days",English,Refund Issue,Refund Team,High,English_Refund Issue_09,57,10,train
HIN_0540,यह बहुत जरूरी है: विक्रेता ने मेरा कैंसलेशन अनुरोध अस्वीकार कर दिया। मुझे जल्द से जल्द जानकारी चाहिए।,Hindi,Cancellation Issue,Order Management,Medium,Hindi_Cancellation Issue_06,101,18,train
ENG_0507,I need assistance because the order was shipped after I requested cancellation I need an update as soon as possible.,English,Cancellation Issue,Order Management,Medium,English_Cancellation Issue_04,116,20,test
HIN_0663,पैकेज में एक जरूरी सामान गायब है। मुझे जल्द से जल्द जानकारी चाहिए।,Hindi,Product Issue,Product Support,High,Hindi_Product Issue_05,66,13,train
HGL_0479,Ye urgent hai: cancel button available nahi hai. Please jaldi resolve karo.,Hinglish,Cancellation Issue,Order Management,Medium,Hinglish_Cancellation Issue_02,75,12,train
ENG_1106,I need assistance because I received an OTP for a purchase I did not make Please resolve this.,English,Fraud/Security,Security Team,Critical,English_Fraud/Security_04,94,18,train
ENG_0443,"Please help, my bank has not received the promised refund Please resolve this.",English,Refund Issue,Refund Team,High,English_Refund Issue_10,78,13,train
ENG_0991,The app logs me out repeatedly,English,Account Issue,Account Support,Medium,English_Account Issue_07,30,6,test
ENG_0219,"Please help, my package is stuck at the same location I need an update as soon as possible.",English,Delivery Issue,Logistics Team,Medium,English_Delivery Issue_05,91,18,test
HIN_0579,"कृपया मदद करें, रद्द करने के बाद भी ऑर्डर सक्रिय दिख रहा है। मुझे जल्द से जल्द जानकारी चाहिए।",Hindi,Cancellation Issue,Order Management,Medium,Hindi_Cancellation Issue_09,93,19,train
HGL_0598,Ye urgent hai: order cancel karne par extra fee charge hui.,Hinglish,Cancellation Issue,Order Management,Medium,Hinglish_Cancellation Issue_10,59,11,train
HGL_0953,"Please help, main apna phone number update nahi kar pa rahi hoon. Please jaldi resolve karo.",Hinglish,Account Issue,Account Support,Medium,Hinglish_Account Issue_04,92,16,train
HGL_1034,Ye urgent hai: meri order history missing hai. Please jaldi resolve karo.,Hinglish,Account Issue,Account Support,Medium,Hinglish_Account Issue_09,73,12,train
HGL_0340,Mujhe help chahiye kyunki mujhe sirf partial refund mila hai.,Hinglish,Refund Issue,Refund Team,High,Hinglish_Refund Issue_03,61,10,train
HIN_0457,"कृपया मदद करें, मैं अपना ऑर्डर रद्द नहीं कर पा रही हूँ।",Hindi,Cancellation Issue,Order Management,Medium,Hindi_Cancellation Issue_01,55,12,validation
HIN_0492,मुझे सहायता चाहिए क्योंकि कैंसलेशन अनुरोध बार-बार फेल हो रहा है। मुझे जल्द से जल्द जानकारी चाहिए।,Hindi,Cancellation Issue,Order Management,Medium,Hindi_Cancellation Issue_03,97,17,train
ENG_0808,This is urgent: the pickup for my return has not happened,English,Return/Replacement,Returns Team,Medium,English_Return/Replacement_04,57,11,validation
ENG_1176,"Hello, a fake customer-care agent requested my bank details I need an update as soon as possible.",English,Fraud/Security,Security Team,Critical,English_Fraud/Security_09,97,17,train
ENG_0840,This is urgent: the replacement order has not been shipped I need an update as soon as possible.,English,Return/Replacement,Returns Team,Medium,English_Return/Replacement_06,96,18,test
HIN_0547,"कृपया मदद करें, ऐप में कैंसलेशन का विकल्प नहीं दिख रहा है।",Hindi,Cancellation Issue,Order Management,Medium,Hindi_Cancellation Issue_07,58,12,test
ENG_0765,This is urgent: I want to return this product I need an update as soon as possible.,English,Return/Replacement,Returns Team,Medium,English_Return/Replacement_01,83,17,train
HIN_0052,"कृपया मदद करें, मेरा कार्ड पेमेंट प्रोसेसिंग में अटका हुआ है।",Hindi,Payment Issue,Payments Team,High,Hindi_Payment Issue_04,61,11,train
ENG_1074,"Please help, someone placed an order using my account I need an update as soon as possible.",English,Fraud/Security,Security Team,Critical,English_Fraud/Security_02,91,17,train
ENG_1030,I need assistance because my order history is missing,English,Account Issue,Account Support,Medium,English_Account Issue_09,53,9,train
HIN_0854,यह बहुत जरूरी है: रिटर्न की समय सीमा गलत तरीके से बंद दिखाई जा रही है। कृपया इसे जल्दी हल करें।,Hindi,Return/Replacement,Returns Team,Medium,Hindi_Return/Replacement_07,95,21,test
ENG_0001,My payment was deducted but the order was not confirmed,English,Payment Issue,Payments Team,High,English_Payment Issue_01,55,10,train
HGL_1000,Mujhe help chahiye kyunki app mujhe baar baar logout kar raha hai.,Hinglish,Account Issue,Account Support,Medium,Hinglish_Account Issue_07,66,12,train
HGL_1061,Mujhe help chahiye kyunki mere account mein unknown transaction hua hai. Please jaldi resolve karo.,Hinglish,Fraud/Security,Security Team,Critical,Hinglish_Fraud/Security_01,99,15,train
HGL_0538,Ye urgent hai: seller ne meri cancellation request reject kar di.,Hinglish,Cancellation Issue,Order Management,Medium,Hinglish_Cancellation Issue_06,65,11,validation
HIN_0023,"कृपया मदद करें, एक ही ऑर्डर के लिए दो बार पैसे कट गए। कृपया इसे जल्दी हल करें।",Hindi,Payment Issue,Payments Team,High,Hindi_Payment Issue_02,78,18,train
HIN_0900,यह बहुत जरूरी है: मेरा रिटर्न अनुरोध बिना कारण रद्द कर दिया गया। मुझे जल्द से जल्द जानकारी चाहिए।,Hindi,Return/Replacement,Returns Team,Medium,Hindi_Return/Replacement_10,97,19,train
ENG_0248,"Please help, my order was sent to the wrong address Please resolve this.",English,Delivery Issue,Logistics Team,Medium,English_Delivery Issue_07,72,13,train
HIN_0884,यह बहुत जरूरी है: मुझे गलत रिप्लेसमेंट उत्पाद मिला। कृपया इसे जल्दी हल करें।,Hindi,Return/Replacement,Returns Team,Medium,Hindi_Return/Replacement_09,76,14,train
HGL_0554,Ye urgent hai: app mein cancellation option show nahi ho raha. Please jaldi resolve karo.,Hinglish,Cancellation Issue,Order Management,Medium,Hinglish_Cancellation Issue_07,89,15,train
HIN_0955,मुझे सहायता चाहिए क्योंकि मैं अपना फोन नंबर अपडेट नहीं कर पा रही हूँ।,Hindi,Account Issue,Account Support,Medium,Hindi_Account Issue_04,69,14,validation
HIN_0415,मुझे सहायता चाहिए क्योंकि मुझे अपेक्षा से कम रिफंड मिला।,Hindi,Refund Issue,Refund Team,High,Hindi_Refund Issue_08,56,10,train
HIN_0513,गलती से किया गया ऑर्डर रद्द करना है। मुझे जल्द से जल्द जानकारी चाहिए।,Hindi,Cancellation Issue,Order Management,Medium,Hindi_Cancellation Issue_05,69,14,train
ENG_0176,I need assistance because the delivery is delayed beyond the promised date Please resolve this.,English,Delivery Issue,Logistics Team,Medium,English_Delivery Issue_02,95,15,validation
ENG_0279,"Please help, the courier refused to deliver my package I need an update as soon as possible.",English,Delivery Issue,Logistics Team,Medium,English_Delivery Issue_09,92,17,train
HIN_0995,"नमस्ते, ऐप मुझे बार-बार लॉग आउट कर रहा है। कृपया इसे जल्दी हल करें।",Hindi,Account Issue,Account Support,Medium,Hindi_Account Issue_07,67,14,train
HIN_0972,मुझे सहायता चाहिए क्योंकि मेरा सेव किया हुआ पता गायब हो गया है। मुझे जल्द से जल्द जानकारी चाहिए।,Hindi,Account Issue,Account Support,Medium,Hindi_Account Issue_05,96,19,train
HGL_0673,Ye urgent hai: package mein ek accessory missing hai.,Hinglish,Product Issue,Product Support,High,Hinglish_Product Issue_05,53,9,train
HGL_0495,Ye urgent hai: cancellation request baar baar fail ho rahi hai. Mujhe jaldi update chahiye.,Hinglish,Cancellation Issue,Order Management,Medium,Hinglish_Cancellation Issue_03,91,15,train
HIN_1086,"नमस्ते, मेरा अकाउंट हैक हो गया है। मुझे जल्द से जल्द जानकारी चाहिए।",Hindi,Fraud/Security,Security Team,Critical,Hindi_Fraud/Security_03,67,13,train
HIN_0609,"कृपया मदद करें, मुझे मिला हुआ उत्पाद खराब है। मुझे जल्द से जल्द जानकारी चाहिए।",Hindi,Product Issue,Product Support,High,Hindi_Product Issue_01,78,15,test
ENG_0417,I need assistance because I received a smaller refund than expected I need an update as soon as possible.,English,Refund Issue,Refund Team,High,English_Refund Issue_08,105,19,test
HGL_0885,Ye urgent hai: mujhe wrong replacement product mila. Mujhe jaldi update chahiye.,Hinglish,Return/Replacement,Returns Team,Medium,Hinglish_Return/Replacement_09,80,12,train
ENG_0218,"Please help, my package is stuck at the same location Please resolve this.",English,Delivery Issue,Logistics Team,Medium,English_Delivery Issue_05,74,13,test
HIN_0416,मुझे सहायता चाहिए क्योंकि मुझे अपेक्षा से कम रिफंड मिला। कृपया इसे जल्दी हल करें।,Hindi,Refund Issue,Refund Team,High,Hindi_Refund Issue_08,81,15,train
ENG_0680,"Hello, the item arrived with broken parts Please resolve this.",English,Product Issue,Product Support,High,English_Product Issue_06,62,10,train
ENG_0643,This is urgent: I received the wrong product,English,Product Issue,Product Support,High,English_Product Issue_03,44,8,train
ENG_0799,"Hello, the pickup for my return has not happened",English,Return/Replacement,Returns Team,Medium,English_Return/Replacement_04,48,9,validation
HIN_0919,"नमस्ते, मुझे लॉगिन ओटीपी नहीं मिल रहा है।",Hindi,Account Issue,Account Support,Medium,Hindi_Account Issue_02,41,8,train
HIN_0153,मेरा ऑर्डर अभी तक नहीं आया है। मुझे जल्द से जल्द जानकारी चाहिए।,Hindi,Delivery Issue,Logistics Team,Medium,Hindi_Delivery Issue_01,63,13,train
ENG_0788,"Please help, the return request is not being accepted Please resolve this.",English,Return/Replacement,Returns Team,Medium,English_Return/Replacement_03,74,12,train
ENG_0450,This is urgent: my bank has not received the promised refund I need an update as soon as possible.,English,Refund Issue,Refund Team,High,English_Refund Issue_10,98,19,train
ENG_1133,"Please help, someone changed my account password Please resolve this.",English,Fraud/Security,Security Team,Critical,English_Fraud/Security_06,69,10,train
HGL_0826,Replacement order abhi tak ship nahi hua.,Hinglish,Return/Replacement,Returns Team,Medium,Hinglish_Return/Replacement_06,41,7,train
HIN_0634,"नमस्ते, मुझे गलत उत्पाद भेजा गया।",Hindi,Product Issue,Product Support,High,Hindi_Product Issue_03,33,6,train
ENG_0868,This is urgent: the courier refused to collect my return,English,Return/Replacement,Returns Team,Medium,English_Return/Replacement_08,56,10,train
ENG_0434,This is urgent: the refund status has not changed for several days Please resolve this.,English,Refund Issue,Refund Team,High,English_Refund Issue_09,87,15,train
ENG_0875,"Hello, I received the wrong replacement product Please resolve this.",English,Return/Replacement,Returns Team,Medium,English_Return/Replacement_09,68,10,train
ENG_0372,I need assistance because my return was accepted but the refund was not processed I need an update as soon as possible.,English,Refund Issue,Refund Team,High,English_Refund Issue_05,119,22,train
HGL_0557,Mujhe order ka ek item cancel karna hai. Please jaldi resolve karo.,Hinglish,Cancellation Issue,Order Management,Medium,Hinglish_Cancellation Issue_08,67,12,train
HIN_0960,यह बहुत जरूरी है: मैं अपना फोन नंबर अपडेट नहीं कर पा रही हूँ। मुझे जल्द से जल्द जानकारी चाहिए।,Hindi,Account Issue,Account Support,Medium,Hindi_Account Issue_04,94,20,validation
HIN_0255,यह बहुत जरूरी है: मेरा ऑर्डर गलत पते पर भेज दिया गया। मुझे जल्द से जल्द जानकारी चाहिए।,Hindi,Delivery Issue,Logistics Team,Medium,Hindi_Delivery Issue_07,86,18,train
HGL_0809,Ye urgent hai: return pickup abhi tak nahi hua. Please jaldi resolve karo.,Hinglish,Return/Replacement,Returns Team,Medium,Hinglish_Return/Replacement_04,74,13,validation
HIN_0073,यह बहुत जरूरी है: चेकआउट फेल होने के बाद भी राशि डेबिट हो गई।,Hindi,Payment Issue,Payments Team,High,Hindi_Payment Issue_05,61,14,train
ENG_0811,I want to exchange the item for another size,English,Return/Replacement,Returns Team,Medium,English_Return/Replacement_05,44,9,train
HGL_1085,"Hello, lagta hai mera account hack ho gaya hai. Please jaldi resolve karo.",Hinglish,Fraud/Security,Security Team,Critical,Hinglish_Fraud/Security_03,74,13,test
HIN_0706,मुझे एक्सपायर हो चुका उत्पाद मिला।,Hindi,Product Issue,Product Support,High,Hindi_Product Issue_08,34,6,train
HIN_0417,मुझे सहायता चाहिए क्योंकि मुझे अपेक्षा से कम रिफंड मिला। मुझे जल्द से जल्द जानकारी चाहिए।,Hindi,Refund Issue,Refund Team,High,Hindi_Refund Issue_08,89,16,train
ENG_0247,"Please help, my order was sent to the wrong address",English,Delivery Issue,Logistics Team,Medium,English_Delivery Issue_07,51,10,train
HIN_0174,"कृपया मदद करें, ऑर्डर तय तारीख के बाद भी डिलीवर नहीं हुआ। मुझे जल्द से जल्द जानकारी चाहिए।",Hindi,Delivery Issue,Logistics Team,Medium,Hindi_Delivery Issue_02,90,18,train
ENG_0506,I need assistance because the order was shipped after I requested cancellation Please resolve this.,English,Cancellation Issue,Order Management,Medium,English_Cancellation Issue_04,99,15,test
HIN_0292,"कृपया मदद करें, ट्रैकिंग की जानकारी अपडेट नहीं हो रही है।",Hindi,Delivery Issue,Logistics Team,Medium,Hindi_Delivery Issue_10,57,11,test
HIN_0139,"नमस्ते, मेरी खरीदारी के लिए गलत राशि ली गई।",Hindi,Payment Issue,Payments Team,High,Hindi_Payment Issue_10,43,9,test
HGL_1046,Mujhe help chahiye kyunki same number se accidentally do accounts create ho gaye. Please jaldi resolve karo.,Hinglish,Account Issue,Account Support,Medium,Hinglish_Account Issue_10,108,17,validation
HGL_0703,Ye urgent hai: product ki quality bahut poor hai.,Hinglish,Product Issue,Product Support,High,Hinglish_Product Issue_07,49,9,train
HIN_1052,मेरे अकाउंट में एक अनजान लेन-देन हुआ है। कृपया इसे जल्दी हल करें।,Hindi,Fraud/Security,Security Team,Critical,Hindi_Fraud/Security_01,65,13,test
ENG_0865,I need assistance because the courier refused to collect my return,English,Return/Replacement,Returns Team,Medium,English_Return/Replacement_08,66,11,train
HGL_0752,Mujhe ye product return karna hai. Please jaldi resolve karo.,Hinglish,Return/Replacement,Returns Team,Medium,Hinglish_Return/Replacement_01,61,10,test
HGL_0148,Ye urgent hai: mere order ke liye wrong amount charge hua hai.,Hinglish,Payment Issue,Payments Team,High,Hinglish_Payment Issue_10,62,12,train
HIN_0977,मैं अपना पासवर्ड रीसेट नहीं कर पा रही हूँ। कृपया इसे जल्दी हल करें।,Hindi,Account Issue,Account Support,Medium,Hindi_Account Issue_06,67,14,train
HGL_0005,"Hello, payment deduct ho gaya but order confirm nahi hua. Please jaldi resolve karo.",Hinglish,Payment Issue,Payments Team,High,Hinglish_Payment Issue_01,84,14,train
ENG_0544,"Hello, the app is not showing the cancellation option",English,Cancellation Issue,Order Management,Medium,English_Cancellation Issue_07,53,9,test
HGL_1074,"Please help, kisi ne mere account se order place kiya. Mujhe jaldi update chahiye.",Hinglish,Fraud/Security,Security Team,Critical,Hinglish_Fraud/Security_02,82,14,train
HGL_0413,"Please help, mujhe expected amount se kam refund mila. Please jaldi resolve karo.",Hinglish,Refund Issue,Refund Team,High,Hinglish_Refund Issue_08,81,13,train
ENG_0622,"Please help, the item is defective and does not work",English,Product Issue,Product Support,High,English_Product Issue_02,52,10,train
ENG_0762,I need assistance because I want to return this product I need an update as soon as possible.,English,Return/Replacement,Returns Team,Medium,English_Return/Replacement_01,93,18,train
ENG_0613,This is urgent: the product I received is damaged,English,Product Issue,Product Support,High,English_Product Issue_01,49,9,validation
ENG_1071,"Hello, someone placed an order using my account I need an update as soon as possible.",English,Fraud/Security,Security Team,Critical,English_Fraud/Security_02,85,16,train
HGL_0204,"Please help, courier person ne mujhse contact nahi kiya. Mujhe jaldi update chahiye.",Hinglish,Delivery Issue,Logistics Team,Medium,Hinglish_Delivery Issue_04,84,13,test
HIN_1183,यह बहुत जरूरी है: नकली कस्टमर केयर एजेंट ने बैंक की जानकारी मांगी।,Hindi,Fraud/Security,Security Team,Critical,Hindi_Fraud/Security_09,66,13,train
ENG_0486,"Hello, my cancellation request keeps failing I need an update as soon as possible.",English,Cancellation Issue,Order Management,Medium,English_Cancellation Issue_03,82,14,train
HIN_0887,मेरा रिटर्न अनुरोध बिना कारण रद्द कर दिया गया। कृपया इसे जल्दी हल करें।,Hindi,Return/Replacement,Returns Team,Medium,Hindi_Return/Replacement_10,71,14,train
HGL_1185,Ye urgent hai: fake customer care agent ne bank details maangi. Mujhe jaldi update chahiye.,Hinglish,Fraud/Security,Security Team,Critical,Hinglish_Fraud/Security_09,91,15,train
ENG_1136,I need assistance because someone changed my account password Please resolve this.,English,Fraud/Security,Security Team,Critical,English_Fraud/Security_06,82,12,train
ENG_0259,"Hello, only part of my order was delivered",English,Delivery Issue,Logistics Team,Medium,English_Delivery Issue_08,42,8,train
HGL_0102,Mujhe help chahiye kyunki payment karne ke baad bhi order pending dikha raha hai. Mujhe jaldi update chahiye.,Hinglish,Payment Issue,Payments Team,High,Hinglish_Payment Issue_07,109,18,test
HGL_1080,Ye urgent hai: kisi ne mere account se order place kiya. Mujhe jaldi update chahiye.,Hinglish,Fraud/Security,Security Team,Critical,Hinglish_Fraud/Security_02,84,15,train
ENG_0651,"Hello, the product does not match its description I need an update as soon as possible.",English,Product Issue,Product Support,High,English_Product Issue_04,87,16,train
HGL_0638,"Please help, mujhe wrong product deliver hua. Please jaldi resolve karo.",Hinglish,Product Issue,Product Support,High,Hinglish_Product Issue_03,72,11,validation
HGL_0198,Courier person ne mujhse contact nahi kiya. Mujhe jaldi update chahiye.,Hinglish,Delivery Issue,Logistics Team,Medium,Hinglish_Delivery Issue_04,71,11,test
HGL_0975,Ye urgent hai: mera saved address disappear ho gaya. Mujhe jaldi update chahiye.,Hinglish,Account Issue,Account Support,Medium,Hinglish_Account Issue_05,80,13,train
HGL_0316,Mera refund abhi bhi pending hai.,Hinglish,Refund Issue,Refund Team,High,Hinglish_Refund Issue_02,33,6,train
ENG_1098,I received an OTP for a purchase I did not make I need an update as soon as possible.,English,Fraud/Security,Security Team,Critical,English_Fraud/Security_04,85,19,train
HGL_0639,"Please help, mujhe wrong product deliver hua. Mujhe jaldi update chahiye.",Hinglish,Product Issue,Product Support,High,Hinglish_Product Issue_03,73,11,validation
ENG_0830,"Hello, the replacement order has not been shipped Please resolve this.",English,Return/Replacement,Returns Team,Medium,English_Return/Replacement_06,70,11,test
HGL_0031,Payment fail hua but account se money deduct ho gayi.,Hinglish,Payment Issue,Payments Team,High,Hinglish_Payment Issue_03,53,10,train
HGL_0688,Ye urgent hai: item ke parts broken hain.,Hinglish,Product Issue,Product Support,High,Hinglish_Product Issue_06,41,8,train
ENG_0597,I need assistance because I was charged a fee for cancelling the order I need an update as soon as possible.,English,Cancellation Issue,Order Management,Medium,English_Cancellation Issue_10,108,21,train
HIN_1069,"नमस्ते, किसी ने मेरे अकाउंट से ऑर्डर किया है।",Hindi,Fraud/Security,Security Team,Critical,Hindi_Fraud/Security_02,45,9,test
HIN_0870,यह बहुत जरूरी है: कूरियर वाले ने रिटर्न लेने से मना कर दिया। मुझे जल्द से जल्द जानकारी चाहिए।,Hindi,Return/Replacement,Returns Team,Medium,Hindi_Return/Replacement_08,93,19,train
ENG_0297,I need assistance because the tracking information has not been updated I need an update as soon as possible.,English,Delivery Issue,Logistics Team,Medium,English_Delivery Issue_10,109,19,train
HIN_0303,मैंने ऑर्डर रद्द किया लेकिन रिफंड नहीं मिला। मुझे जल्द से जल्द जानकारी चाहिए।,Hindi,Refund Issue,Refund Team,High,Hindi_Refund Issue_01,77,14,train
ENG_0508,This is urgent: the order was shipped after I requested cancellation,English,Cancellation Issue,Order Management,Medium,English_Cancellation Issue_04,68,11,test
ENG_0008,"Please help, my payment was deducted but the order was not confirmed Please resolve this.",English,Payment Issue,Payments Team,High,English_Payment Issue_01,89,15,train
HIN_0812,मैं सामान को दूसरे आकार से बदलना चाहती हूँ। कृपया इसे जल्दी हल करें।,Hindi,Return/Replacement,Returns Team,Medium,Hindi_Return/Replacement_05,68,14,test
HGL_0361,Return accept hua but refund process nahi hua.,Hinglish,Refund Issue,Refund Team,High,Hinglish_Refund Issue_05,46,8,validation
HIN_0461,मुझे सहायता चाहिए क्योंकि मैं अपना ऑर्डर रद्द नहीं कर पा रही हूँ। कृपया इसे जल्दी हल करें।,Hindi,Cancellation Issue,Order Management,Medium,Hindi_Cancellation Issue_01,90,18,validation
HIN_0711,"नमस्ते, मुझे एक्सपायर हो चुका उत्पाद मिला। मुझे जल्द से जल्द जानकारी चाहिए।",Hindi,Product Issue,Product Support,High,Hindi_Product Issue_08,75,13,train
HIN_0260,"नमस्ते, मेरे ऑर्डर का केवल एक हिस्सा मिला है। कृपया इसे जल्दी हल करें।",Hindi,Delivery Issue,Logistics Team,Medium,Hindi_Delivery Issue_08,70,14,train
HGL_0290,"Hello, tracking information update nahi ho rahi hai. Please jaldi resolve karo.",Hinglish,Delivery Issue,Logistics Team,Medium,Hinglish_Delivery Issue_10,79,12,train
HGL_1068,Kisi ne mere account se order place kiya. Mujhe jaldi update chahiye.,Hinglish,Fraud/Security,Security Team,Critical,Hinglish_Fraud/Security_02,69,12,train
HGL_0120,Ye urgent hai: main apne order ka payment complete nahi kar pa rahi hoon. Mujhe jaldi update chahiye.,Hinglish,Payment Issue,Payments Team,High,Hinglish_Payment Issue_08,101,18,train
HGL_1104,"Please help, mujhe aisi purchase ka OTP mila jo maine nahi ki. Mujhe jaldi update chahiye.",Hinglish,Fraud/Security,Security Team,Critical,Hinglish_Fraud/Security_04,90,16,validation
HIN_1114,"नमस्ते, मेरे सेव किए हुए कार्ड का बिना अनुमति उपयोग हुआ।",Hindi,Fraud/Security,Security Team,Critical,Hindi_Fraud/Security_05,56,11,train
HGL_0084,"Please help, UPI payment successful tha but order place nahi hua. Mujhe jaldi update chahiye.",Hinglish,Payment Issue,Payments Team,High,Hinglish_Payment Issue_06,93,15,train
ENG_0097,"Please help, cash was charged even though the order shows payment pending",English,Payment Issue,Payments Team,High,English_Payment Issue_07,73,12,test
HIN_0879,"कृपया मदद करें, मुझे गलत रिप्लेसमेंट उत्पाद मिला। मुझे जल्द से जल्द जानकारी चाहिए।",Hindi,Return/Replacement,Returns Team,Medium,Hindi_Return/Replacement_09,82,14,train
HGL_1054,"Hello, mere account mein unknown transaction hua hai.",Hinglish,Fraud/Security,Security Team,Critical,Hinglish_Fraud/Security_01,53,8,train
HIN_0956,मुझे सहायता चाहिए क्योंकि मैं अपना फोन नंबर अपडेट नहीं कर पा रही हूँ। कृपया इसे जल्दी हल करें।,Hindi,Account Issue,Account Support,Medium,Hindi_Account Issue_04,94,19,validation
HIN_1115,"नमस्ते, मेरे सेव किए हुए कार्ड का बिना अनुमति उपयोग हुआ। कृपया इसे जल्दी हल करें।",Hindi,Fraud/Security,Security Team,Critical,Hindi_Fraud/Security_05,81,16,train
ENG_0026,I need assistance because I was charged twice for the same order Please resolve this.,English,Payment Issue,Payments Team,High,English_Payment Issue_02,85,15,train
HIN_0116,मुझे सहायता चाहिए क्योंकि मैं अपने ऑर्डर का पेमेंट पूरा नहीं कर पा रही हूँ। कृपया इसे जल्दी हल करें।,Hindi,Payment Issue,Payments Team,High,Hindi_Payment Issue_08,100,20,train
HIN_1136,मुझे सहायता चाहिए क्योंकि किसी ने मेरे अकाउंट का पासवर्ड बदल दिया। कृपया इसे जल्दी हल करें।,Hindi,Fraud/Security,Security Team,Critical,Hindi_Fraud/Security_06,91,17,train
HGL_0041,Mujhe help chahiye kyunki payment fail hua but account se money deduct ho gayi. Please jaldi resolve karo.,Hinglish,Payment Issue,Payments Team,High,Hinglish_Payment Issue_03,106,18,train
ENG_0848,"Please help, the return window is incorrectly shown as closed Please resolve this.",English,Return/Replacement,Returns Team,Medium,English_Return/Replacement_07,82,13,test
HGL_0144,"Please help, mere order ke liye wrong amount charge hua hai. Mujhe jaldi update chahiye.",Hinglish,Payment Issue,Payments Team,High,Hinglish_Payment Issue_10,88,15,train
ENG_0998,"Please help, the app logs me out repeatedly Please resolve this.",English,Account Issue,Account Support,Medium,English_Account Issue_07,64,11,test
HGL_0878,"Please help, mujhe wrong replacement product mila. Please jaldi resolve karo.",Hinglish,Return/Replacement,Returns Team,Medium,Hinglish_Return/Replacement_09,77,11,train
ENG_0747,I need assistance because the package was empty when it arrived I need an update as soon as possible.,English,Product Issue,Product Support,High,English_Product Issue_10,101,19,train
HIN_0636,"नमस्ते, मुझे गलत उत्पाद भेजा गया। मुझे जल्द से जल्द जानकारी चाहिए।",Hindi,Product Issue,Product Support,High,Hindi_Product Issue_03,66,12,train
ENG_0068,"Please help, the amount was debited even though checkout failed Please resolve this.",English,Payment Issue,Payments Team,High,English_Payment Issue_05,84,13,train
HIN_0578,"कृपया मदद करें, रद्द करने के बाद भी ऑर्डर सक्रिय दिख रहा है। कृपया इसे जल्दी हल करें।",Hindi,Cancellation Issue,Order Management,Medium,Hindi_Cancellation Issue_09,85,18,train
ENG_1019,This is urgent: I cannot change the email linked to my account Please resolve this.,English,Account Issue,Account Support,Medium,English_Account Issue_08,83,15,test
HIN_0874,"नमस्ते, मुझे गलत रिप्लेसमेंट उत्पाद मिला।",Hindi,Return/Replacement,Returns Team,Medium,Hindi_Return/Replacement_09,41,6,train
HGL_0492,Mujhe help chahiye kyunki cancellation request baar baar fail ho rahi hai. Mujhe jaldi update chahiye.,Hinglish,Cancellation Issue,Order Management,Medium,Hinglish_Cancellation Issue_03,102,16,train
HGL_0870,Ye urgent hai: courier person ne return collect karne se mana kiya. Mujhe jaldi update chahiye.,Hinglish,Return/Replacement,Returns Team,Medium,Hinglish_Return/Replacement_08,95,16,train
ENG_0032,The payment failed but money was taken from my account Please resolve this.,English,Payment Issue,Payments Team,High,English_Payment Issue_03,75,13,test
HIN_0804,"कृपया मदद करें, रिटर्न के लिए पिकअप अभी तक नहीं हुआ। मुझे जल्द से जल्द जानकारी चाहिए।",Hindi,Return/Replacement,Returns Team,Medium,Hindi_Return/Replacement_04,85,17,validation
HGL_0206,Mujhe help chahiye kyunki courier person ne mujhse contact nahi kiya. Please jaldi resolve karo.,Hinglish,Delivery Issue,Logistics Team,Medium,Hinglish_Delivery Issue_04,96,15,test
ENG_0611,I need assistance because the product I received is damaged Please resolve this.,English,Product Issue,Product Support,High,English_Product Issue_01,80,13,validation
HIN_0843,रिटर्न की समय सीमा गलत तरीके से बंद दिखाई जा रही है। मुझे जल्द से जल्द जानकारी चाहिए।,Hindi,Return/Replacement,Returns Team,Medium,Hindi_Return/Replacement_07,85,18,test
ENG_0571,My order still appears active after cancellation,English,Cancellation Issue,Order Management,Medium,English_Cancellation Issue_09,48,7,train
HGL_0933,Mera account lock ho gaya hai. Mujhe jaldi update chahiye.,Hinglish,Account Issue,Account Support,Medium,Hinglish_Account Issue_03,58,10,train
ENG_0344,This is urgent: only part of the refund was credited Please resolve this.,English,Refund Issue,Refund Team,High,English_Refund Issue_03,73,13,train
HIN_0912,मुझे सहायता चाहिए क्योंकि मैं अपने अकाउंट में लॉग इन नहीं कर पा रही हूँ। मुझे जल्द से जल्द जानकारी चाहिए।,Hindi,Account Issue,Account Support,Medium,Hindi_Account Issue_01,105,21,test
HIN_0357,मुझे सहायता चाहिए क्योंकि ऐप में रिफंड दिख रहा है लेकिन खाते में पैसे नहीं आए। मुझे जल्द से जल्द जानकारी चाहिए।,Hindi,Refund Issue,Refund Team,High,Hindi_Refund Issue_04,111,22,test
ENG_0679,"Hello, the item arrived with broken parts",English,Product Issue,Product Support,High,English_Product Issue_06,41,7,train
HIN_0151,मेरा ऑर्डर अभी तक नहीं आया है।,Hindi,Delivery Issue,Logistics Team,Medium,Hindi_Delivery Issue_01,30,7,train
HGL_0349,"Hello, app refunded dikha raha hai but account mein paise nahi aaye.",Hinglish,Refund Issue,Refund Team,High,Hinglish_Refund Issue_04,68,12,train
HGL_0550,Mujhe help chahiye kyunki app mein cancellation option show nahi ho raha.,Hinglish,Cancellation Issue,Order Management,Medium,Hinglish_Cancellation Issue_07,73,12,train
HGL_1122,Mujhe help chahiye kyunki mere saved card ko bina permission use kiya gaya. Mujhe jaldi update chahiye.,Hinglish,Fraud/Security,Security Team,Critical,Hinglish_Fraud/Security_05,103,17,train
ENG_0941,I need assistance because my account has been locked Please resolve this.,English,Account Issue,Account Support,Medium,English_Account Issue_03,73,12,train
HGL_0869,Ye urgent hai: courier person ne return collect karne se mana kiya. Please jaldi resolve karo.,Hinglish,Return/Replacement,Returns Team,Medium,Hinglish_Return/Replacement_08,94,16,train
HIN_0933,मेरा अकाउंट लॉक हो गया है। मुझे जल्द से जल्द जानकारी चाहिए।,Hindi,Account Issue,Account Support,Medium,Hindi_Account Issue_03,59,12,train
HIN_0570,यह बहुत जरूरी है: मैं ऑर्डर में से एक सामान रद्द करना चाहती हूँ। मुझे जल्द से जल्द जानकारी चाहिए।,Hindi,Cancellation Issue,Order Management,Medium,Hindi_Cancellation Issue_08,97,20,train
HIN_1123,यह बहुत जरूरी है: मेरे सेव किए हुए कार्ड का बिना अनुमति उपयोग हुआ।,Hindi,Fraud/Security,Security Team,Critical,Hindi_Fraud/Security_05,66,14,train
HIN_0553,यह बहुत जरूरी है: ऐप में कैंसलेशन का विकल्प नहीं दिख रहा है।,Hindi,Cancellation Issue,Order Management,Medium,Hindi_Cancellation Issue_07,60,13,test
ENG_0577,"Please help, my order still appears active after cancellation",English,Cancellation Issue,Order Management,Medium,English_Cancellation Issue_09,61,9,train
HGL_0127,"Please help, checkout ke time payment page baar baar fail ho raha hai.",Hinglish,Payment Issue,Payments Team,High,Hinglish_Payment Issue_09,70,13,validation
HGL_1005,Ye urgent hai: app mujhe baar baar logout kar raha hai. Mujhe jaldi update chahiye.,Hinglish,Account Issue,Account Support,Medium,Hinglish_Account Issue_07,83,15,train
HGL_0455,"Hello, main apna order cancel nahi kar pa rahi hoon. Please jaldi resolve karo.",Hinglish,Cancellation Issue,Order Management,Medium,Hinglish_Cancellation Issue_01,79,14,test
HIN_1075,मुझे सहायता चाहिए क्योंकि किसी ने मेरे अकाउंट से ऑर्डर किया है।,Hindi,Fraud/Security,Security Team,Critical,Hindi_Fraud/Security_02,63,12,test
ENG_0529,"Hello, the seller rejected my cancellation request",English,Cancellation Issue,Order Management,Medium,English_Cancellation Issue_06,50,7,validation
ENG_0177,I need assistance because the delivery is delayed beyond the promised date I need an update as soon as possible.,English,Delivery Issue,Logistics Team,Medium,English_Delivery Issue_02,112,20,validation
HGL_0058,Ye urgent hai: mera card payment processing mein stuck hai.,Hinglish,Payment Issue,Payments Team,High,Hinglish_Payment Issue_04,59,10,train
ENG_0423,The refund status has not changed for several days I need an update as soon as possible.,English,Refund Issue,Refund Team,High,English_Refund Issue_09,88,17,train
ENG_0681,"Hello, the item arrived with broken parts I need an update as soon as possible.",English,Product Issue,Product Support,High,English_Product Issue_06,79,15,train
HGL_1075,Mujhe help chahiye kyunki kisi ne mere account se order place kiya.,Hinglish,Fraud/Security,Security Team,Critical,Hinglish_Fraud/Security_02,67,12,train
HIN_0454,"नमस्ते, मैं अपना ऑर्डर रद्द नहीं कर पा रही हूँ।",Hindi,Cancellation Issue,Order Management,Medium,Hindi_Cancellation Issue_01,47,10,validation
HGL_0987,Mujhe help chahiye kyunki main password reset nahi kar pa rahi hoon. Mujhe jaldi update chahiye.,Hinglish,Account Issue,Account Support,Medium,Hinglish_Account Issue_06,96,16,train
HGL_0376,Refund ki deadline already cross ho gayi.,Hinglish,Refund Issue,Refund Team,High,Hinglish_Refund Issue_06,41,7,test
HGL_0101,Mujhe help chahiye kyunki payment karne ke baad bhi order pending dikha raha hai. Please jaldi resolve karo.,Hinglish,Payment Issue,Payments Team,High,Hinglish_Payment Issue_07,108,18,test
ENG_1042,"Please help, I accidentally created two accounts with the same number",English,Account Issue,Account Support,Medium,English_Account Issue_10,69,11,train
HGL_0755,"Hello, mujhe ye product return karna hai. Please jaldi resolve karo.",Hinglish,Return/Replacement,Returns Team,Medium,Hinglish_Return/Replacement_01,68,11,test
ENG_0289,"Hello, the tracking information has not been updated",English,Delivery Issue,Logistics Team,Medium,English_Delivery Issue_10,52,8,train
HGL_0882,Mujhe help chahiye kyunki mujhe wrong replacement product mila. Mujhe jaldi update chahiye.,Hinglish,Return/Replacement,Returns Team,Medium,Hinglish_Return/Replacement_09,91,13,train
HIN_1184,यह बहुत जरूरी है: नकली कस्टमर केयर एजेंट ने बैंक की जानकारी मांगी। कृपया इसे जल्दी हल करें।,Hindi,Fraud/Security,Security Team,Critical,Hindi_Fraud/Security_09,91,18,train
HIN_0810,यह बहुत जरूरी है: रिटर्न के लिए पिकअप अभी तक नहीं हुआ। मुझे जल्द से जल्द जानकारी चाहिए।,Hindi,Return/Replacement,Returns Team,Medium,Hindi_Return/Replacement_04,87,18,validation
HIN_0915,यह बहुत जरूरी है: मैं अपने अकाउंट में लॉग इन नहीं कर पा रही हूँ। मुझे जल्द से जल्द जानकारी चाहिए।,Hindi,Account Issue,Account Support,Medium,Hindi_Account Issue_01,97,21,test
ENG_1129,"Hello, someone changed my account password",English,Fraud/Security,Security Team,Critical,English_Fraud/Security_06,42,6,train
ENG_0178,This is urgent: the delivery is delayed beyond the promised date,English,Delivery Issue,Logistics Team,Medium,English_Delivery Issue_02,64,11,validation
ENG_0839,This is urgent: the replacement order has not been shipped Please resolve this.,English,Return/Replacement,Returns Team,Medium,English_Return/Replacement_06,79,13,test
ENG_1114,"Hello, my saved card was used without permission",English,Fraud/Security,Security Team,Critical,English_Fraud/Security_05,48,8,test
HIN_0638,"कृपया मदद करें, मुझे गलत उत्पाद भेजा गया। कृपया इसे जल्दी हल करें।",Hindi,Product Issue,Product Support,High,Hindi_Product Issue_03,66,13,train
HIN_1126,किसी ने मेरे अकाउंट का पासवर्ड बदल दिया।,Hindi,Fraud/Security,Security Team,Critical,Hindi_Fraud/Security_06,40,8,train
ENG_0371,I need assistance because my return was accepted but the refund was not processed Please resolve this.,English,Refund Issue,Refund Team,High,English_Refund Issue_05,102,17,train
HIN_0295,मुझे सहायता चाहिए क्योंकि ट्रैकिंग की जानकारी अपडेट नहीं हो रही है।,Hindi,Delivery Issue,Logistics Team,Medium,Hindi_Delivery Issue_10,67,12,test
ENG_0730,I need assistance because the size or colour is different from what I ordered,English,Product Issue,Product Support,High,English_Product Issue_09,77,14,test
ENG_0599,This is urgent: I was charged a fee for cancelling the order Please resolve this.,English,Cancellation Issue,Order Management,Medium,English_Cancellation Issue_10,81,15,train
HIN_0984,"कृपया मदद करें, मैं अपना पासवर्ड रीसेट नहीं कर पा रही हूँ। मुझे जल्द से जल्द जानकारी चाहिए।",Hindi,Account Issue,Account Support,Medium,Hindi_Account Issue_06,91,18,train
HIN_0288,ट्रैकिंग की जानकारी अपडेट नहीं हो रही है। मुझे जल्द से जल्द जानकारी चाहिए।,Hindi,Delivery Issue,Logistics Team,Medium,Hindi_Delivery Issue_10,74,14,test
HIN_1073,"कृपया मदद करें, किसी ने मेरे अकाउंट से ऑर्डर किया है। कृपया इसे जल्दी हल करें।",Hindi,Fraud/Security,Security Team,Critical,Hindi_Fraud/Security_02,78,16,test
HIN_0985,मुझे सहायता चाहिए क्योंकि मैं अपना पासवर्ड रीसेट नहीं कर पा रही हूँ।,Hindi,Account Issue,Account Support,Medium,Hindi_Account Issue_06,68,13,train
HGL_0893,"Please help, meri return request bina reason cancel ho gayi. Please jaldi resolve karo.",Hinglish,Return/Replacement,Returns Team,Medium,Hinglish_Return/Replacement_10,87,14,train
HGL_0430,Mujhe help chahiye kyunki refund status kai din se change nahi hua.,Hinglish,Refund Issue,Refund Team,High,Hinglish_Refund Issue_09,67,12,test
HIN_0421,कई दिनों से रिफंड की स्थिति नहीं बदली है।,Hindi,Refund Issue,Refund Team,High,Hindi_Refund Issue_09,41,9,validation
ENG_0142,"Please help, the wrong amount was charged for my purchase",English,Payment Issue,Payments Team,High,English_Payment Issue_10,57,10,train
HGL_0567,Mujhe help chahiye kyunki mujhe order ka ek item cancel karna hai. Mujhe jaldi update chahiye.,Hinglish,Cancellation Issue,Order Management,Medium,Hinglish_Cancellation Issue_08,94,16,train
ENG_0666,"Hello, an accessory is missing from the package I need an update as soon as possible.",English,Product Issue,Product Support,High,English_Product Issue_05,85,16,train
ENG_0810,This is urgent: the pickup for my return has not happened I need an update as soon as possible.,English,Return/Replacement,Returns Team,Medium,English_Return/Replacement_04,95,19,validation
HGL_0110,"Hello, main apne order ka payment complete nahi kar pa rahi hoon. Please jaldi resolve karo.",Hinglish,Payment Issue,Payments Team,High,Hinglish_Payment Issue_08,92,16,train
ENG_0655,I need assistance because the product does not match its description,English,Product Issue,Product Support,High,English_Product Issue_04,68,11,train
ENG_0472,"Please help, the cancel button is not available",English,Cancellation Issue,Order Management,Medium,English_Cancellation Issue_02,47,8,train
HIN_0399,"कृपया मदद करें, रिफंड गलत पेमेंट माध्यम में भेज दिया गया। मुझे जल्द से जल्द जानकारी चाहिए।",Hindi,Refund Issue,Refund Team,High,Hindi_Refund Issue_07,90,17,test
ENG_1189,"Hello, there are multiple unauthorised purchases on my account",English,Fraud/Security,Security Team,Critical,English_Fraud/Security_10,62,9,train
ENG_1139,This is urgent: someone changed my account password Please resolve this.,English,Fraud/Security,Security Team,Critical,English_Fraud/Security_06,72,11,train
ENG_0953,"Please help, I cannot update my phone number Please resolve this.",English,Account Issue,Account Support,Medium,English_Account Issue_04,65,11,train
HGL_0269,Ye urgent hai: mere order ka sirf ek part deliver hua. Please jaldi resolve karo.,Hinglish,Delivery Issue,Logistics Team,Medium,Hinglish_Delivery Issue_08,81,15,train
HIN_0011,मुझे सहायता चाहिए क्योंकि मेरे पैसे कट गए लेकिन ऑर्डर कन्फर्म नहीं हुआ। कृपया इसे जल्दी हल करें।,Hindi,Payment Issue,Payments Team,High,Hindi_Payment Issue_01,96,18,train
ENG_1160,"Hello, I received a suspicious message asking for payment Please resolve this.",English,Fraud/Security,Security Team,Critical,English_Fraud/Security_08,78,12,train
HIN_0163,यह बहुत जरूरी है: मेरा ऑर्डर अभी तक नहीं आया है।,Hindi,Delivery Issue,Logistics Team,Medium,Hindi_Delivery Issue_01,48,11,train
ENG_0196,The courier has not contacted me,English,Delivery Issue,Logistics Team,Medium,English_Delivery Issue_04,32,6,test
ENG_0533,"Please help, the seller rejected my cancellation request Please resolve this.",English,Cancellation Issue,Order Management,Medium,English_Cancellation Issue_06,77,11,validation
HIN_0157,"कृपया मदद करें, मेरा ऑर्डर अभी तक नहीं आया है।",Hindi,Delivery Issue,Logistics Team,Medium,Hindi_Delivery Issue_01,46,10,train
HGL_0855,Ye urgent hai: return window galat closed show ho rahi hai. Mujhe jaldi update chahiye.,Hinglish,Return/Replacement,Returns Team,Medium,Hinglish_Return/Replacement_07,87,15,test
HIN_0071,मुझे सहायता चाहिए क्योंकि चेकआउट फेल होने के बाद भी राशि डेबिट हो गई। कृपया इसे जल्दी हल करें।,Hindi,Payment Issue,Payments Team,High,Hindi_Payment Issue_05,94,19,train
ENG_0870,This is urgent: the courier refused to collect my return I need an update as soon as possible.,English,Return/Replacement,Returns Team,Medium,English_Return/Replacement_08,94,18,train
HGL_0864,"Please help, courier person ne return collect karne se mana kiya. Mujhe jaldi update chahiye.",Hinglish,Return/Replacement,Returns Team,Medium,Hinglish_Return/Replacement_08,93,15,train
ENG_0228,The delivery date keeps changing I need an update as soon as possible.,English,Delivery Issue,Logistics Team,Medium,English_Delivery Issue_06,70,13,train
ENG_0556,I want to cancel one item from my order,English,Cancellation Issue,Order Management,Medium,English_Cancellation Issue_08,39,9,train
HIN_0504,"कृपया मदद करें, कैंसलेशन के बाद भी ऑर्डर भेज दिया गया। मुझे जल्द से जल्द जानकारी चाहिए।",Hindi,Cancellation Issue,Order Management,Medium,Hindi_Cancellation Issue_04,87,17,train
HGL_0322,"Please help, mera refund abhi bhi pending hai.",Hinglish,Refund Issue,Refund Team,High,Hinglish_Refund Issue_02,46,8,train
HGL_0757,"Please help, mujhe ye product return karna hai.",Hinglish,Return/Replacement,Returns Team,Medium,Hinglish_Return/Replacement_01,47,8,test
HGL_0288,Tracking information update nahi ho rahi hai. Mujhe jaldi update chahiye.,Hinglish,Delivery Issue,Logistics Team,Medium,Hinglish_Delivery Issue_10,73,11,train
HIN_0742,"कृपया मदद करें, मुझे खाली पैकेज मिला है।",Hindi,Product Issue,Product Support,High,Hindi_Product Issue_10,40,8,test
HGL_0002,Payment deduct ho gaya but order confirm nahi hua. Please jaldi resolve karo.,Hinglish,Payment Issue,Payments Team,High,Hinglish_Payment Issue_01,77,13,train
ENG_0632,I received the wrong product Please resolve this.,English,Product Issue,Product Support,High,English_Product Issue_03,49,8,train
HGL_1193,"Please help, mere account se multiple unauthorised purchases hui hain. Please jaldi resolve karo.",Hinglish,Fraud/Security,Security Team,Critical,Hinglish_Fraud/Security_10,97,14,test
HIN_0007,"कृपया मदद करें, मेरे पैसे कट गए लेकिन ऑर्डर कन्फर्म नहीं हुआ।",Hindi,Payment Issue,Payments Team,High,Hindi_Payment Issue_01,61,12,train
ENG_0163,This is urgent: my order has not arrived yet,English,Delivery Issue,Logistics Team,Medium,English_Delivery Issue_01,44,9,train
ENG_0220,I need assistance because my package is stuck at the same location,English,Delivery Issue,Logistics Team,Medium,English_Delivery Issue_05,66,12,test
HIN_0773,"कृपया मदद करें, मुझे खराब सामान का रिप्लेसमेंट चाहिए। कृपया इसे जल्दी हल करें।",Hindi,Return/Replacement,Returns Team,Medium,Hindi_Return/Replacement_02,78,14,train
ENG_1033,This is urgent: my order history is missing,English,Account Issue,Account Support,Medium,English_Account Issue_09,43,8,train
HIN_0967,"कृपया मदद करें, मेरा सेव किया हुआ पता गायब हो गया है।",Hindi,Account Issue,Account Support,Medium,Hindi_Account Issue_05,53,12,train
HIN_0927,मुझे सहायता चाहिए क्योंकि मुझे लॉगिन ओटीपी नहीं मिल रहा है। मुझे जल्द से जल्द जानकारी चाहिए।,Hindi,Account Issue,Account Support,Medium,Hindi_Account Issue_02,92,17,train
HIN_0304,"नमस्ते, मैंने ऑर्डर रद्द किया लेकिन रिफंड नहीं मिला।",Hindi,Refund Issue,Refund Team,High,Hindi_Refund Issue_01,52,9,train
ENG_0548,"Please help, the app is not showing the cancellation option Please resolve this.",English,Cancellation Issue,Order Management,Medium,English_Cancellation Issue_07,80,13,test
HGL_0343,Ye urgent hai: mujhe sirf partial refund mila hai.,Hinglish,Refund Issue,Refund Team,High,Hinglish_Refund Issue_03,50,9,train
HGL_0587,Order cancel karne par extra fee charge hui. Please jaldi resolve karo.,Hinglish,Cancellation Issue,Order Management,Medium,Hinglish_Cancellation Issue_10,71,12,train
HIN_0633,मुझे गलत उत्पाद भेजा गया। मुझे जल्द से जल्द जानकारी चाहिए।,Hindi,Product Issue,Product Support,High,Hindi_Product Issue_03,58,11,train
ENG_0569,This is urgent: I want to cancel one item from my order Please resolve this.,English,Cancellation Issue,Order Management,Medium,English_Cancellation Issue_08,76,15,train
ENG_0872,I received the wrong replacement product Please resolve this.,English,Return/Replacement,Returns Team,Medium,English_Return/Replacement_09,61,9,train
HGL_0143,"Please help, mere order ke liye wrong amount charge hua hai. Please jaldi resolve karo.",Hinglish,Payment Issue,Payments Team,High,Hinglish_Payment Issue_10,87,15,train
ENG_1090,I need assistance because my account appears to have been hacked,English,Fraud/Security,Security Team,Critical,English_Fraud/Security_03,64,11,test
HGL_0082,"Please help, UPI payment successful tha but order place nahi hua.",Hinglish,Payment Issue,Payments Team,High,Hinglish_Payment Issue_06,65,11,train
ENG_0612,I need assistance because the product I received is damaged I need an update as soon as possible.,English,Product Issue,Product Support,High,English_Product Issue_01,97,18,validation
HGL_0040,Mujhe help chahiye kyunki payment fail hua but account se money deduct ho gayi.,Hinglish,Payment Issue,Payments Team,High,Hinglish_Payment Issue_03,79,14,train
HIN_0708,मुझे एक्सपायर हो चुका उत्पाद मिला। मुझे जल्द से जल्द जानकारी चाहिए।,Hindi,Product Issue,Product Support,High,Hindi_Product Issue_08,67,12,train
HGL_0899,Ye urgent hai: meri return request bina reason cancel ho gayi. Please jaldi resolve karo.,Hinglish,Return/Replacement,Returns Team,Medium,Hinglish_Return/Replacement_10,89,15,train
HGL_1165,Mujhe help chahiye kyunki mujhe payment maangne wala suspicious message mila.,Hinglish,Fraud/Security,Security Team,Critical,Hinglish_Fraud/Security_08,77,11,train
ENG_0743,"Please help, the package was empty when it arrived Please resolve this.",English,Product Issue,Product Support,High,English_Product Issue_10,71,12,train
HGL_0831,"Hello, replacement order abhi tak ship nahi hua. Mujhe jaldi update chahiye.",Hinglish,Return/Replacement,Returns Team,Medium,Hinglish_Return/Replacement_06,76,12,train
HGL_1015,Mujhe help chahiye kyunki main linked email change nahi kar pa rahi hoon.,Hinglish,Account Issue,Account Support,Medium,Hinglish_Account Issue_08,73,13,test
HIN_0627,मुझे सहायता चाहिए क्योंकि सामान काम नहीं कर रहा है। मुझे जल्द से जल्द जानकारी चाहिए।,Hindi,Product Issue,Product Support,High,Hindi_Product Issue_02,84,16,train
ENG_0582,I need assistance because my order still appears active after cancellation I need an update as soon as possible.,English,Cancellation Issue,Order Management,Medium,English_Cancellation Issue_09,112,19,train
HGL_0858,Courier person ne return collect karne se mana kiya. Mujhe jaldi update chahiye.,Hinglish,Return/Replacement,Returns Team,Medium,Hinglish_Return/Replacement_08,80,13,train
HIN_0686,मुझे सहायता चाहिए क्योंकि उत्पाद के कुछ हिस्से टूटे हुए हैं। कृपया इसे जल्दी हल करें।,Hindi,Product Issue,Product Support,High,Hindi_Product Issue_06,85,16,train
ENG_1004,This is urgent: the app logs me out repeatedly Please resolve this.,English,Account Issue,Account Support,Medium,English_Account Issue_07,67,12,test
ENG_0074,This is urgent: the amount was debited even though checkout failed Please resolve this.,English,Payment Issue,Payments Team,High,English_Payment Issue_05,87,14,train
ENG_0049,"Hello, my card payment is stuck in processing",English,Payment Issue,Payments Team,High,English_Payment Issue_04,45,8,validation
HIN_0687,मुझे सहायता चाहिए क्योंकि उत्पाद के कुछ हिस्से टूटे हुए हैं। मुझे जल्द से जल्द जानकारी चाहिए।,Hindi,Product Issue,Product Support,High,Hindi_Product Issue_06,93,17,train
ENG_1095,This is urgent: my account appears to have been hacked I need an update as soon as possible.,English,Fraud/Security,Security Team,Critical,English_Fraud/Security_03,92,18,test
HIN_0302,मैंने ऑर्डर रद्द किया लेकिन रिफंड नहीं मिला। कृपया इसे जल्दी हल करें।,Hindi,Refund Issue,Refund Team,High,Hindi_Refund Issue_01,69,13,train
HGL_0808,Ye urgent hai: return pickup abhi tak nahi hua.,Hinglish,Return/Replacement,Returns Team,Medium,Hinglish_Return/Replacement_04,47,9,validation
HGL_0642,Mujhe help chahiye kyunki mujhe wrong product deliver hua. Mujhe jaldi update chahiye.,Hinglish,Product Issue,Product Support,High,Hinglish_Product Issue_03,86,13,validation
ENG_0757,"Please help, I want to return this product",English,Return/Replacement,Returns Team,Medium,English_Return/Replacement_01,42,8,train
ENG_1075,I need assistance because someone placed an order using my account,English,Fraud/Security,Security Team,Critical,English_Fraud/Security_02,66,11,train
HGL_0074,Ye urgent hai: checkout fail hua phir bhi amount debit ho gaya. Please jaldi resolve karo.,Hinglish,Payment Issue,Payments Team,High,Hinglish_Payment Issue_05,90,16,test
ENG_0979,"Hello, I forgot my password and cannot reset it",English,Account Issue,Account Support,Medium,English_Account Issue_06,47,9,train
HGL_1115,"Hello, mere saved card ko bina permission use kiya gaya. Please jaldi resolve karo.",Hinglish,Fraud/Security,Security Team,Critical,Hinglish_Fraud/Security_05,83,14,train
HGL_0142,"Please help, mere order ke liye wrong amount charge hua hai.",Hinglish,Payment Issue,Payments Team,High,Hinglish_Payment Issue_10,60,11,train
HIN_0256,मेरे ऑर्डर का केवल एक हिस्सा मिला है।,Hindi,Delivery Issue,Logistics Team,Medium,Hindi_Delivery Issue_08,37,8,train
HGL_0362,Return accept hua but refund process nahi hua. Please jaldi resolve karo.,Hinglish,Refund Issue,Refund Team,High,Hinglish_Refund Issue_05,73,12,validation
HIN_0208,यह बहुत जरूरी है: कूरियर वाले ने मुझसे संपर्क नहीं किया।,Hindi,Delivery Issue,Logistics Team,Medium,Hindi_Delivery Issue_04,56,11,test
HIN_1155,यह बहुत जरूरी है: मेरे अकाउंट में एक अनजान डिलीवरी पता दिखाई दे रहा है। मुझे जल्द से जल्द जानकारी चाहिए।,Hindi,Fraud/Security,Security Team,Critical,Hindi_Fraud/Security_07,104,21,train
ENG_0573,My order still appears active after cancellation I need an update as soon as possible.,English,Cancellation Issue,Order Management,Medium,English_Cancellation Issue_09,86,15,train
HIN_0764,यह बहुत जरूरी है: मैं इस उत्पाद को वापस करना चाहती हूँ। कृपया इसे जल्दी हल करें।,Hindi,Return/Replacement,Returns Team,Medium,Hindi_Return/Replacement_01,80,17,train
HGL_1149,"Please help, account mein unknown delivery address add hua hai. Mujhe jaldi update chahiye.",Hinglish,Fraud/Security,Security Team,Critical,Hinglish_Fraud/Security_07,91,14,train
HGL_0466,Cancel button available nahi hai.,Hinglish,Cancellation Issue,Order Management,Medium,Hinglish_Cancellation Issue_02,33,5,train
HGL_0107,Main apne order ka payment complete nahi kar pa rahi hoon. Please jaldi resolve karo.,Hinglish,Payment Issue,Payments Team,High,Hinglish_Payment Issue_08,85,15,train
HIN_0997,"कृपया मदद करें, ऐप मुझे बार-बार लॉग आउट कर रहा है।",Hindi,Account Issue,Account Support,Medium,Hindi_Account Issue_07,50,11,train
HIN_1090,मुझे सहायता चाहिए क्योंकि मेरा अकाउंट हैक हो गया है।,Hindi,Fraud/Security,Security Team,Critical,Hindi_Fraud/Security_03,52,10,train
HIN_0005,"नमस्ते, मेरे पैसे कट गए लेकिन ऑर्डर कन्फर्म नहीं हुआ। कृपया इसे जल्दी हल करें।",Hindi,Payment Issue,Payments Team,High,Hindi_Payment Issue_01,78,15,train
HGL_0716,Mujhe help chahiye kyunki mujhe expired product mila hai. Please jaldi resolve karo.,Hinglish,Product Issue,Product Support,High,Hinglish_Product Issue_08,84,13,test
HIN_0207,मुझे सहायता चाहिए क्योंकि कूरियर वाले ने मुझसे संपर्क नहीं किया। मुझे जल्द से जल्द जानकारी चाहिए।,Hindi,Delivery Issue,Logistics Team,Medium,Hindi_Delivery Issue_04,97,17,test
HIN_0932,मेरा अकाउंट लॉक हो गया है। कृपया इसे जल्दी हल करें।,Hindi,Account Issue,Account Support,Medium,Hindi_Account Issue_03,51,11,train
HGL_0359,Ye urgent hai: app refunded dikha raha hai but account mein paise nahi aaye. Please jaldi resolve karo.,Hinglish,Refund Issue,Refund Team,High,Hinglish_Refund Issue_04,103,18,train
HIN_1007,मैं अकाउंट से जुड़ा ईमेल नहीं बदल पा रही हूँ। कृपया इसे जल्दी हल करें।,Hindi,Account Issue,Account Support,Medium,Hindi_Account Issue_08,70,15,test
HGL_1134,"Please help, kisi ne mere account ka password change kar diya. Mujhe jaldi update chahiye.",Hinglish,Fraud/Security,Security Team,Critical,Hinglish_Fraud/Security_06,90,15,train
HGL_0919,"Hello, mujhe login OTP receive nahi ho raha.",Hinglish,Account Issue,Account Support,Medium,Hinglish_Account Issue_02,44,8,test
ENG_0260,"Hello, only part of my order was delivered Please resolve this.",English,Delivery Issue,Logistics Team,Medium,English_Delivery Issue_08,63,11,train
HIN_0401,मुझे सहायता चाहिए क्योंकि रिफंड गलत पेमेंट माध्यम में भेज दिया गया। कृपया इसे जल्दी हल करें।,Hindi,Refund Issue,Refund Team,High,Hindi_Refund Issue_07,92,17,test
HIN_0632,मुझे गलत उत्पाद भेजा गया। कृपया इसे जल्दी हल करें।,Hindi,Product Issue,Product Support,High,Hindi_Product Issue_03,50,10,train
HGL_0845,"Hello, return window galat closed show ho rahi hai. Please jaldi resolve karo.",Hinglish,Return/Replacement,Returns Team,Medium,Hinglish_Return/Replacement_07,78,13,test
ENG_0813,I want to exchange the item for another size I need an update as soon as possible.,English,Return/Replacement,Returns Team,Medium,English_Return/Replacement_05,82,17,train
HGL_0192,Mujhe help chahiye kyunki tracking delivered dikha raha hai but package nahi mila. Mujhe jaldi update chahiye.,Hinglish,Delivery Issue,Logistics Team,Medium,Hinglish_Delivery Issue_03,110,17,validation
HIN_0918,मुझे लॉगिन ओटीपी नहीं मिल रहा है। मुझे जल्द से जल्द जानकारी चाहिए।,Hindi,Account Issue,Account Support,Medium,Hindi_Account Issue_02,66,13,train
HIN_0347,ऐप में रिफंड दिख रहा है लेकिन खाते में पैसे नहीं आए। कृपया इसे जल्दी हल करें।,Hindi,Refund Issue,Refund Team,High,Hindi_Refund Issue_04,77,17,test
HIN_0424,"नमस्ते, कई दिनों से रिफंड की स्थिति नहीं बदली है।",Hindi,Refund Issue,Refund Team,High,Hindi_Refund Issue_09,49,10,validation
HGL_1028,"Please help, meri order history missing hai. Please jaldi resolve karo.",Hinglish,Account Issue,Account Support,Medium,Hinglish_Account Issue_09,71,11,train
HIN_0774,"कृपया मदद करें, मुझे खराब सामान का रिप्लेसमेंट चाहिए। मुझे जल्द से जल्द जानकारी चाहिए।",Hindi,Return/Replacement,Returns Team,Medium,Hindi_Return/Replacement_02,86,15,train
HGL_0402,Mujhe help chahiye kyunki refund wrong payment method mein bheja gaya. Mujhe jaldi update chahiye.,Hinglish,Refund Issue,Refund Team,High,Hinglish_Refund Issue_07,98,15,train
HGL_0866,Mujhe help chahiye kyunki courier person ne return collect karne se mana kiya. Please jaldi resolve karo.,Hinglish,Return/Replacement,Returns Team,Medium,Hinglish_Return/Replacement_08,105,17,train
HGL_0220,Mujhe help chahiye kyunki mera package same location par stuck hai.,Hinglish,Delivery Issue,Logistics Team,Medium,Hinglish_Delivery Issue_05,67,11,train
HIN_0179,यह बहुत जरूरी है: ऑर्डर तय तारीख के बाद भी डिलीवर नहीं हुआ। कृपया इसे जल्दी हल करें।,Hindi,Delivery Issue,Logistics Team,Medium,Hindi_Delivery Issue_02,84,18,train
HGL_1053,Mere account mein unknown transaction hua hai. Mujhe jaldi update chahiye.,Hinglish,Fraud/Security,Security Team,Critical,Hinglish_Fraud/Security_01,74,11,train
HGL_0734,Ye urgent hai: product ka size ya colour order se different hai. Please jaldi resolve karo.,Hinglish,Product Issue,Product Support,High,Hinglish_Product Issue_09,91,16,train
HIN_0038,"कृपया मदद करें, पेमेंट फेल हो गया लेकिन खाते से पैसे कट गए। कृपया इसे जल्दी हल करें।",Hindi,Payment Issue,Payments Team,High,Hindi_Payment Issue_03,84,18,train
HGL_1033,Ye urgent hai: meri order history missing hai.,Hinglish,Account Issue,Account Support,Medium,Hinglish_Account Issue_09,46,8,train
ENG_1072,"Please help, someone placed an order using my account",English,Fraud/Security,Security Team,Critical,English_Fraud/Security_02,53,9,train
HGL_0447,Mujhe help chahiye kyunki mere bank account mein promised refund nahi aaya. Mujhe jaldi update chahiye.,Hinglish,Refund Issue,Refund Team,High,Hinglish_Refund Issue_10,103,16,train
HIN_0546,"नमस्ते, ऐप में कैंसलेशन का विकल्प नहीं दिख रहा है। मुझे जल्द से जल्द जानकारी चाहिए।",Hindi,Cancellation Issue,Order Management,Medium,Hindi_Cancellation Issue_07,83,16,test
HIN_0941,मुझे सहायता चाहिए क्योंकि मेरा अकाउंट लॉक हो गया है। कृपया इसे जल्दी हल करें।,Hindi,Account Issue,Account Support,Medium,Hindi_Account Issue_03,77,15,train
HGL_1099,"Hello, mujhe aisi purchase ka OTP mila jo maine nahi ki.",Hinglish,Fraud/Security,Security Team,Critical,Hinglish_Fraud/Security_04,56,11,validation
HIN_0719,यह बहुत जरूरी है: मुझे एक्सपायर हो चुका उत्पाद मिला। कृपया इसे जल्दी हल करें।,Hindi,Product Issue,Product Support,High,Hindi_Product Issue_08,77,15,train
HIN_0662,पैकेज में एक जरूरी सामान गायब है। कृपया इसे जल्दी हल करें।,Hindi,Product Issue,Product Support,High,Hindi_Product Issue_05,58,12,train
HIN_0526,विक्रेता ने मेरा कैंसलेशन अनुरोध अस्वीकार कर दिया।,Hindi,Cancellation Issue,Order Management,Medium,Hindi_Cancellation Issue_06,50,8,train
HGL_1154,Ye urgent hai: account mein unknown delivery address add hua hai. Please jaldi resolve karo.,Hinglish,Fraud/Security,Security Team,Critical,Hinglish_Fraud/Security_07,92,15,train
HGL_0558,Mujhe order ka ek item cancel karna hai. Mujhe jaldi update chahiye.,Hinglish,Cancellation Issue,Order Management,Medium,Hinglish_Cancellation Issue_08,68,12,train
ENG_0109,"Hello, I cannot complete the payment for my order",English,Payment Issue,Payments Team,High,English_Payment Issue_08,49,9,train
ENG_1085,"Hello, my account appears to have been hacked Please resolve this.",English,Fraud/Security,Security Team,Critical,English_Fraud/Security_03,66,11,test
HIN_0451,मैं अपना ऑर्डर रद्द नहीं कर पा रही हूँ।,Hindi,Cancellation Issue,Order Management,Medium,Hindi_Cancellation Issue_01,39,9,validation
HIN_0178,यह बहुत जरूरी है: ऑर्डर तय तारीख के बाद भी डिलीवर नहीं हुआ।,Hindi,Delivery Issue,Logistics Team,Medium,Hindi_Delivery Issue_02,59,13,train
ENG_0319,"Hello, the refund is still pending",English,Refund Issue,Refund Team,High,English_Refund Issue_02,34,6,validation
ENG_0817,"Please help, I want to exchange the item for another size",English,Return/Replacement,Returns Team,Medium,English_Return/Replacement_05,57,11,train
ENG_0060,This is urgent: my card payment is stuck in processing I need an update as soon as possible.,English,Payment Issue,Payments Team,High,English_Payment Issue_04,92,18,validation
ENG_0894,"Please help, my return request was cancelled without explanation I need an update as soon as possible.",English,Return/Replacement,Returns Team,Medium,English_Return/Replacement_10,102,17,train
HIN_0220,मुझे सहायता चाहिए क्योंकि मेरा पैकेज कई दिनों से एक ही जगह अटका है।,Hindi,Delivery Issue,Logistics Team,Medium,Hindi_Delivery Issue_05,67,14,train
HIN_0171,"नमस्ते, ऑर्डर तय तारीख के बाद भी डिलीवर नहीं हुआ। मुझे जल्द से जल्द जानकारी चाहिए।",Hindi,Delivery Issue,Logistics Team,Medium,Hindi_Delivery Issue_02,82,16,train
HIN_0096,"नमस्ते, ऑर्डर में पेमेंट अभी भी पेंडिंग दिख रहा है। मुझे जल्द से जल्द जानकारी चाहिए।",Hindi,Payment Issue,Payments Team,High,Hindi_Payment Issue_07,84,16,validation
HGL_1107,Mujhe help chahiye kyunki mujhe aisi purchase ka OTP mila jo maine nahi ki. Mujhe jaldi update chahiye.,Hinglish,Fraud/Security,Security Team,Critical,Hinglish_Fraud/Security_04,103,18,validation
HIN_0767,मुझे खराब सामान का रिप्लेसमेंट चाहिए। कृपया इसे जल्दी हल करें।,Hindi,Return/Replacement,Returns Team,Medium,Hindi_Return/Replacement_02,62,11,train
ENG_0766,I need a replacement for the damaged item,English,Return/Replacement,Returns Team,Medium,English_Return/Replacement_02,41,8,train
HGL_0085,Mujhe help chahiye kyunki UPI payment successful tha but order place nahi hua.,Hinglish,Payment Issue,Payments Team,High,Hinglish_Payment Issue_06,78,13,train
HIN_0780,यह बहुत जरूरी है: मुझे खराब सामान का रिप्लेसमेंट चाहिए। मुझे जल्द से जल्द जानकारी चाहिए।,Hindi,Return/Replacement,Returns Team,Medium,Hindi_Return/Replacement_02,88,16,train
ENG_0913,This is urgent: I cannot log in to my account,English,Account Issue,Account Support,Medium,English_Account Issue_01,45,10,validation
HIN_0021,"नमस्ते, एक ही ऑर्डर के लिए दो बार पैसे कट गए। मुझे जल्द से जल्द जानकारी चाहिए।",Hindi,Payment Issue,Payments Team,High,Hindi_Payment Issue_02,78,17,train
HGL_0690,Ye urgent hai: item ke parts broken hain. Mujhe jaldi update chahiye.,Hinglish,Product Issue,Product Support,High,Hinglish_Product Issue_06,69,12,train
ENG_0728,"Please help, the size or colour is different from what I ordered Please resolve this.",English,Product Issue,Product Support,High,English_Product Issue_09,85,15,test
HIN_0442,"कृपया मदद करें, मेरे बैंक खाते में रिफंड नहीं आया है।",Hindi,Refund Issue,Refund Team,High,Hindi_Refund Issue_10,53,11,train
HGL_0154,"Hello, mera order abhi tak deliver nahi hua.",Hinglish,Delivery Issue,Logistics Team,Medium,Hinglish_Delivery Issue_01,44,8,train
ENG_0221,I need assistance because my package is stuck at the same location Please resolve this.,English,Delivery Issue,Logistics Team,Medium,English_Delivery Issue_05,87,15,test
HGL_0271,Courier person ne package deliver karne se mana kiya.,Hinglish,Delivery Issue,Logistics Team,Medium,Hinglish_Delivery Issue_09,53,9,train
ENG_0583,This is urgent: my order still appears active after cancellation,English,Cancellation Issue,Order Management,Medium,English_Cancellation Issue_09,64,10,train
ENG_1056,"Hello, there is an unknown transaction on my account I need an update as soon as possible.",English,Fraud/Security,Security Team,Critical,English_Fraud/Security_01,90,17,train
ENG_1193,"Please help, there are multiple unauthorised purchases on my account Please resolve this.",English,Fraud/Security,Security Team,Critical,English_Fraud/Security_10,89,13,train
ENG_0908,"Please help, I cannot log in to my account Please resolve this.",English,Account Issue,Account Support,Medium,English_Account Issue_01,63,12,validation
ENG_0057,I need assistance because my card payment is stuck in processing I need an update as soon as possible.,English,Payment Issue,Payments Team,High,English_Payment Issue_04,102,19,validation
ENG_0188,"Please help, tracking shows delivered but I did not receive the package Please resolve this.",English,Delivery Issue,Logistics Team,Medium,English_Delivery Issue_03,92,15,train
HIN_0925,मुझे सहायता चाहिए क्योंकि मुझे लॉगिन ओटीपी नहीं मिल रहा है।,Hindi,Account Issue,Account Support,Medium,Hindi_Account Issue_02,59,11,train
HIN_0881,मुझे सहायता चाहिए क्योंकि मुझे गलत रिप्लेसमेंट उत्पाद मिला। कृपया इसे जल्दी हल करें।,Hindi,Return/Replacement,Returns Team,Medium,Hindi_Return/Replacement_09,84,14,train
HGL_0026,Mujhe help chahiye kyunki same order ke liye do baar paise cut gaye. Please jaldi resolve karo.,Hinglish,Payment Issue,Payments Team,High,Hinglish_Payment Issue_02,95,17,train
HGL_0945,Ye urgent hai: mera account lock ho gaya hai. Mujhe jaldi update chahiye.,Hinglish,Account Issue,Account Support,Medium,Hinglish_Account Issue_03,73,13,train
HIN_0606,"नमस्ते, मुझे मिला हुआ उत्पाद खराब है। मुझे जल्द से जल्द जानकारी चाहिए।",Hindi,Product Issue,Product Support,High,Hindi_Product Issue_01,70,13,test
HIN_0056,मुझे सहायता चाहिए क्योंकि मेरा कार्ड पेमेंट प्रोसेसिंग में अटका हुआ है। कृपया इसे जल्दी हल करें।,Hindi,Payment Issue,Payments Team,High,Hindi_Payment Issue_04,96,17,train
ENG_0469,"Hello, the cancel button is not available",English,Cancellation Issue,Order Management,Medium,English_Cancellation Issue_02,41,7,train
ENG_1150,I need assistance because I found an unfamiliar delivery address in my account,English,Fraud/Security,Security Team,Critical,English_Fraud/Security_07,78,13,validation
HGL_0909,"Please help, main apne account mein login nahi kar pa rahi hoon. Mujhe jaldi update chahiye.",Hinglish,Account Issue,Account Support,Medium,Hinglish_Account Issue_01,92,16,train
HIN_1042,"कृपया मदद करें, एक ही नंबर से गलती से दो अकाउंट बन गए हैं।",Hindi,Account Issue,Account Support,Medium,Hindi_Account Issue_10,58,14,train
ENG_0227,The delivery date keeps changing Please resolve this.,English,Delivery Issue,Logistics Team,Medium,English_Delivery Issue_06,53,8,train
ENG_0536,I need assistance because the seller rejected my cancellation request Please resolve this.,English,Cancellation Issue,Order Management,Medium,English_Cancellation Issue_06,90,13,validation
ENG_0906,"Hello, I cannot log in to my account I need an update as soon as possible.",English,Account Issue,Account Support,Medium,English_Account Issue_01,74,16,validation
ENG_0922,"Please help, I am not receiving the login OTP",English,Account Issue,Account Support,Medium,English_Account Issue_02,45,9,train
HGL_0201,"Hello, courier person ne mujhse contact nahi kiya. Mujhe jaldi update chahiye.",Hinglish,Delivery Issue,Logistics Team,Medium,Hinglish_Delivery Issue_04,78,12,test
HGL_0900,Ye urgent hai: meri return request bina reason cancel ho gayi. Mujhe jaldi update chahiye.,Hinglish,Return/Replacement,Returns Team,Medium,Hinglish_Return/Replacement_10,90,15,train
HGL_1008,Main linked email change nahi kar pa rahi hoon. Mujhe jaldi update chahiye.,Hinglish,Account Issue,Account Support,Medium,Hinglish_Account Issue_08,75,13,test
HGL_0950,"Hello, main apna phone number update nahi kar pa rahi hoon. Please jaldi resolve karo.",Hinglish,Account Issue,Account Support,Medium,Hinglish_Account Issue_04,86,15,train
ENG_0698,"Please help, the product quality is very poor Please resolve this.",English,Product Issue,Product Support,High,English_Product Issue_07,66,11,test
HGL_0536,Mujhe help chahiye kyunki seller ne meri cancellation request reject kar di. Please jaldi resolve karo.,Hinglish,Cancellation Issue,Order Management,Medium,Hinglish_Cancellation Issue_06,103,16,validation
ENG_0211,My package is stuck at the same location,English,Delivery Issue,Logistics Team,Medium,English_Delivery Issue_05,40,8,test
HGL_0477,Mujhe help chahiye kyunki cancel button available nahi hai. Mujhe jaldi update chahiye.,Hinglish,Cancellation Issue,Order Management,Medium,Hinglish_Cancellation Issue_02,87,13,train
ENG_0070,I need assistance because the amount was debited even though checkout failed,English,Payment Issue,Payments Team,High,English_Payment Issue_05,76,12,train
ENG_0735,This is urgent: the size or colour is different from what I ordered I need an update as soon as possible.,English,Product Issue,Product Support,High,English_Product Issue_09,105,21,test
HIN_0495,यह बहुत जरूरी है: कैंसलेशन अनुरोध बार-बार फेल हो रहा है। मुझे जल्द से जल्द जानकारी चाहिए।,Hindi,Cancellation Issue,Order Management,Medium,Hindi_Cancellation Issue_03,89,17,train
HIN_0093,ऑर्डर में पेमेंट अभी भी पेंडिंग दिख रहा है। मुझे जल्द से जल्द जानकारी चाहिए।,Hindi,Payment Issue,Payments Team,High,Hindi_Payment Issue_07,76,15,validation
HGL_0865,Mujhe help chahiye kyunki courier person ne return collect karne se mana kiya.,Hinglish,Return/Replacement,Returns Team,Medium,Hinglish_Return/Replacement_08,78,13,train
HGL_0748,Ye urgent hai: delivery mein empty package mila hai.,Hinglish,Product Issue,Product Support,High,Hinglish_Product Issue_10,52,9,train
ENG_0377,The refund deadline has already passed Please resolve this.,English,Refund Issue,Refund Team,High,English_Refund Issue_06,59,9,train
ENG_0437,My bank has not received the promised refund Please resolve this.,English,Refund Issue,Refund Team,High,English_Refund Issue_10,65,11,train
HGL_0015,Ye urgent hai: payment deduct ho gaya but order confirm nahi hua. Mujhe jaldi update chahiye.,Hinglish,Payment Issue,Payments Team,High,Hinglish_Payment Issue_01,93,16,train
HIN_0705,यह बहुत जरूरी है: उत्पाद की गुणवत्ता बहुत खराब है। मुझे जल्द से जल्द जानकारी चाहिए।,Hindi,Product Issue,Product Support,High,Hindi_Product Issue_07,83,16,validation
HGL_0948,Main apna phone number update nahi kar pa rahi hoon. Mujhe jaldi update chahiye.,Hinglish,Account Issue,Account Support,Medium,Hinglish_Account Issue_04,80,14,train
ENG_0209,This is urgent: the courier has not contacted me Please resolve this.,English,Delivery Issue,Logistics Team,Medium,English_Delivery Issue_04,69,12,test
HIN_0381,"नमस्ते, रिफंड मिलने की समय सीमा निकल चुकी है। मुझे जल्द से जल्द जानकारी चाहिए।",Hindi,Refund Issue,Refund Team,High,Hindi_Refund Issue_06,78,15,train
ENG_0566,I need assistance because I want to cancel one item from my order Please resolve this.,English,Cancellation Issue,Order Management,Medium,English_Cancellation Issue_08,86,16,train
ENG_0314,This is urgent: I cancelled my order but have not received the refund Please resolve this.,English,Refund Issue,Refund Team,High,English_Refund Issue_01,90,16,train
ENG_0602,The product I received is damaged Please resolve this.,English,Product Issue,Product Support,High,English_Product Issue_01,54,9,validation
ENG_0234,"Please help, the delivery date keeps changing I need an update as soon as possible.",English,Delivery Issue,Logistics Team,Medium,English_Delivery Issue_06,83,15,train
HGL_0717,Mujhe help chahiye kyunki mujhe expired product mila hai. Mujhe jaldi update chahiye.,Hinglish,Product Issue,Product Support,High,Hinglish_Product Issue_08,85,13,test
HGL_0867,Mujhe help chahiye kyunki courier person ne return collect karne se mana kiya. Mujhe jaldi update chahiye.,Hinglish,Return/Replacement,Returns Team,Medium,Hinglish_Return/Replacement_08,106,17,train
HGL_0511,Galti se order place hua aur mujhe cancel karna hai.,Hinglish,Cancellation Issue,Order Management,Medium,Hinglish_Cancellation Issue_05,52,10,test
ENG_1115,"Hello, my saved card was used without permission Please resolve this.",English,Fraud/Security,Security Team,Critical,English_Fraud/Security_05,69,11,test
ENG_0013,This is urgent: my payment was deducted but the order was not confirmed,English,Payment Issue,Payments Team,High,English_Payment Issue_01,71,13,train
ENG_0112,"Please help, I cannot complete the payment for my order",English,Payment Issue,Payments Team,High,English_Payment Issue_08,55,10,train
HIN_1050,यह बहुत जरूरी है: एक ही नंबर से गलती से दो अकाउंट बन गए हैं। मुझे जल्द से जल्द जानकारी चाहिए।,Hindi,Account Issue,Account Support,Medium,Hindi_Account Issue_10,93,21,train
HIN_0453,मैं अपना ऑर्डर रद्द नहीं कर पा रही हूँ। मुझे जल्द से जल्द जानकारी चाहिए।,Hindi,Cancellation Issue,Order Management,Medium,Hindi_Cancellation Issue_01,72,15,validation
HGL_0087,Mujhe help chahiye kyunki UPI payment successful tha but order place nahi hua. Mujhe jaldi update chahiye.,Hinglish,Payment Issue,Payments Team,High,Hinglish_Payment Issue_06,106,17,train
HIN_0794,यह बहुत जरूरी है: मेरा रिटर्न अनुरोध स्वीकार नहीं हो रहा है। कृपया इसे जल्दी हल करें।,Hindi,Return/Replacement,Returns Team,Medium,Hindi_Return/Replacement_03,85,17,train
HIN_0460,मुझे सहायता चाहिए क्योंकि मैं अपना ऑर्डर रद्द नहीं कर पा रही हूँ।,Hindi,Cancellation Issue,Order Management,Medium,Hindi_Cancellation Issue_01,65,13,validation
ENG_1018,This is urgent: I cannot change the email linked to my account,English,Account Issue,Account Support,Medium,English_Account Issue_08,62,12,test
HGL_0627,Mujhe help chahiye kyunki item defective hai aur work nahi kar raha. Mujhe jaldi update chahiye.,Hinglish,Product Issue,Product Support,High,Hinglish_Product Issue_02,96,16,test
ENG_1152,I need assistance because I found an unfamiliar delivery address in my account I need an update as soon as possible.,English,Fraud/Security,Security Team,Critical,English_Fraud/Security_07,116,21,validation
HGL_0453,Main apna order cancel nahi kar pa rahi hoon. Mujhe jaldi update chahiye.,Hinglish,Cancellation Issue,Order Management,Medium,Hinglish_Cancellation Issue_01,73,13,test
ENG_0473,"Please help, the cancel button is not available Please resolve this.",English,Cancellation Issue,Order Management,Medium,English_Cancellation Issue_02,68,11,train
ENG_0491,I need assistance because my cancellation request keeps failing Please resolve this.,English,Cancellation Issue,Order Management,Medium,English_Cancellation Issue_03,84,12,train
HGL_0263,"Please help, mere order ka sirf ek part deliver hua. Please jaldi resolve karo.",Hinglish,Delivery Issue,Logistics Team,Medium,Hinglish_Delivery Issue_08,79,14,train
HIN_1046,मुझे सहायता चाहिए क्योंकि एक ही नंबर से गलती से दो अकाउंट बन गए हैं। कृपया इसे जल्दी हल करें।,Hindi,Account Issue,Account Support,Medium,Hindi_Account Issue_10,93,20,train
ENG_0832,"Please help, the replacement order has not been shipped",English,Return/Replacement,Returns Team,Medium,English_Return/Replacement_06,55,9,test
HGL_0406,Mujhe expected amount se kam refund mila.,Hinglish,Refund Issue,Refund Team,High,Hinglish_Refund Issue_08,41,7,train
HGL_0134,Ye urgent hai: checkout ke time payment page baar baar fail ho raha hai. Please jaldi resolve karo.,Hinglish,Payment Issue,Payments Team,High,Hinglish_Payment Issue_09,99,18,validation
HGL_0861,"Hello, courier person ne return collect karne se mana kiya. Mujhe jaldi update chahiye.",Hinglish,Return/Replacement,Returns Team,Medium,Hinglish_Return/Replacement_08,87,14,train
HGL_0069,"Please help, checkout fail hua phir bhi amount debit ho gaya. Mujhe jaldi update chahiye.",Hinglish,Payment Issue,Payments Team,High,Hinglish_Payment Issue_05,89,15,test
HGL_0912,Mujhe help chahiye kyunki main apne account mein login nahi kar pa rahi hoon. Mujhe jaldi update chahiye.,Hinglish,Account Issue,Account Support,Medium,Hinglish_Account Issue_01,105,18,train
HGL_0962,Mera saved address disappear ho gaya. Please jaldi resolve karo.,Hinglish,Account Issue,Account Support,Medium,Hinglish_Account Issue_05,64,10,train
HGL_0595,Mujhe help chahiye kyunki order cancel karne par extra fee charge hui.,Hinglish,Cancellation Issue,Order Management,Medium,Hinglish_Cancellation Issue_10,70,12,train
HGL_0254,Ye urgent hai: mera order wrong address par deliver hua. Please jaldi resolve karo.,Hinglish,Delivery Issue,Logistics Team,Medium,Hinglish_Delivery Issue_07,83,14,train
HGL_0839,Ye urgent hai: replacement order abhi tak ship nahi hua. Please jaldi resolve karo.,Hinglish,Return/Replacement,Returns Team,Medium,Hinglish_Return/Replacement_06,83,14,train
HIN_0193,यह बहुत जरूरी है: ट्रैकिंग में डिलीवर दिख रहा है लेकिन पैकेज नहीं मिला।,Hindi,Delivery Issue,Logistics Team,Medium,Hindi_Delivery Issue_03,71,14,train
ENG_0656,I need assistance because the product does not match its description Please resolve this.,English,Product Issue,Product Support,High,English_Product Issue_04,89,14,train
HGL_0806,Mujhe help chahiye kyunki return pickup abhi tak nahi hua. Please jaldi resolve karo.,Hinglish,Return/Replacement,Returns Team,Medium,Hinglish_Return/Replacement_04,85,14,validation
ENG_0362,My return was accepted but the refund was not processed Please resolve this.,English,Refund Issue,Refund Team,High,English_Refund Issue_05,76,13,train
ENG_0136,The wrong amount was charged for my purchase,English,Payment Issue,Payments Team,High,English_Payment Issue_10,44,8,train
HIN_0580,मुझे सहायता चाहिए क्योंकि रद्द करने के बाद भी ऑर्डर सक्रिय दिख रहा है।,Hindi,Cancellation Issue,Order Management,Medium,Hindi_Cancellation Issue_09,70,14,train
HGL_0203,"Please help, courier person ne mujhse contact nahi kiya. Please jaldi resolve karo.",Hinglish,Delivery Issue,Logistics Team,Medium,Hinglish_Delivery Issue_04,83,13,test
HIN_0811,मैं सामान को दूसरे आकार से बदलना चाहती हूँ।,Hindi,Return/Replacement,Returns Team,Medium,Hindi_Return/Replacement_05,43,9,test
HGL_0310,Mujhe help chahiye kyunki order cancel kiya but refund abhi tak nahi mila.,Hinglish,Refund Issue,Refund Team,High,Hinglish_Refund Issue_01,74,13,train
ENG_0367,"Please help, my return was accepted but the refund was not processed",English,Refund Issue,Refund Team,High,English_Refund Issue_05,68,12,train
HIN_1028,"कृपया मदद करें, मेरी ऑर्डर हिस्ट्री दिखाई नहीं दे रही है। कृपया इसे जल्दी हल करें।",Hindi,Account Issue,Account Support,Medium,Hindi_Account Issue_09,82,16,train
HIN_0931,मेरा अकाउंट लॉक हो गया है।,Hindi,Account Issue,Account Support,Medium,Hindi_Account Issue_03,26,6,train
ENG_0030,This is urgent: I was charged twice for the same order I need an update as soon as possible.,English,Payment Issue,Payments Team,High,English_Payment Issue_02,92,19,train
HGL_0593,"Please help, order cancel karne par extra fee charge hui. Please jaldi resolve karo.",Hinglish,Cancellation Issue,Order Management,Medium,Hinglish_Cancellation Issue_10,84,14,train
ENG_0023,"Please help, I was charged twice for the same order Please resolve this.",English,Payment Issue,Payments Team,High,English_Payment Issue_02,72,13,train
HGL_1178,"Please help, fake customer care agent ne bank details maangi. Please jaldi resolve karo.",Hinglish,Fraud/Security,Security Team,Critical,Hinglish_Fraud/Security_09,88,14,train
HIN_0084,"कृपया मदद करें, यूपीआई पेमेंट सफल हुआ लेकिन ऑर्डर प्लेस नहीं हुआ। मुझे जल्द से जल्द जानकारी चाहिए।",Hindi,Payment Issue,Payments Team,High,Hindi_Payment Issue_06,98,18,train
HGL_0632,Mujhe wrong product deliver hua. Please jaldi resolve karo.,Hinglish,Product Issue,Product Support,High,Hinglish_Product Issue_03,59,9,validation
HIN_0089,यह बहुत जरूरी है: यूपीआई पेमेंट सफल हुआ लेकिन ऑर्डर प्लेस नहीं हुआ। कृपया इसे जल्दी हल करें।,Hindi,Payment Issue,Payments Team,High,Hindi_Payment Issue_06,92,18,train
ENG_0696,"Hello, the product quality is very poor I need an update as soon as possible.",English,Product Issue,Product Support,High,English_Product Issue_07,77,15,test
HIN_0135,यह बहुत जरूरी है: चेकआउट के समय पेमेंट पेज बार-बार फेल हो रहा है। मुझे जल्द से जल्द जानकारी चाहिए।,Hindi,Payment Issue,Payments Team,High,Hindi_Payment Issue_09,98,20,test
ENG_0701,I need assistance because the product quality is very poor Please resolve this.,English,Product Issue,Product Support,High,English_Product Issue_07,79,13,test
ENG_0421,The refund status has not changed for several days,English,Refund Issue,Refund Team,High,English_Refund Issue_09,50,9,train
ENG_0683,"Please help, the item arrived with broken parts Please resolve this.",English,Product Issue,Product Support,High,English_Product Issue_06,68,11,train
HGL_0390,Ye urgent hai: refund ki deadline already cross ho gayi. Mujhe jaldi update chahiye.,Hinglish,Refund Issue,Refund Team,High,Hinglish_Refund Issue_06,84,14,test
ENG_0461,I need assistance because I am unable to cancel my order Please resolve this.,English,Cancellation Issue,Order Management,Medium,English_Cancellation Issue_01,77,14,train
ENG_0044,This is urgent: the payment failed but money was taken from my account Please resolve this.,English,Payment Issue,Payments Team,High,English_Payment Issue_03,91,16,test
ENG_0088,This is urgent: the UPI transaction succeeded but the order was not placed,English,Payment Issue,Payments Team,High,English_Payment Issue_06,74,13,train
HIN_0257,मेरे ऑर्डर का केवल एक हिस्सा मिला है। कृपया इसे जल्दी हल करें।,Hindi,Delivery Issue,Logistics Team,Medium,Hindi_Delivery Issue_08,62,13,train
HGL_0664,"Hello, package mein ek accessory missing hai.",Hinglish,Product Issue,Product Support,High,Hinglish_Product Issue_05,45,7,train
HIN_0647,उत्पाद उसके विवरण से मेल नहीं खाता। कृपया इसे जल्दी हल करें।,Hindi,Product Issue,Product Support,High,Hindi_Product Issue_04,60,12,train
ENG_0562,"Please help, I want to cancel one item from my order",English,Cancellation Issue,Order Management,Medium,English_Cancellation Issue_08,52,11,train
ENG_0283,This is urgent: the courier refused to deliver my package,English,Delivery Issue,Logistics Team,Medium,English_Delivery Issue_09,57,10,train
ENG_1079,This is urgent: someone placed an order using my account Please resolve this.,English,Fraud/Security,Security Team,Critical,English_Fraud/Security_02,77,13,train
HIN_0222,मुझे सहायता चाहिए क्योंकि मेरा पैकेज कई दिनों से एक ही जगह अटका है। मुझे जल्द से जल्द जानकारी चाहिए।,Hindi,Delivery Issue,Logistics Team,Medium,Hindi_Delivery Issue_05,100,20,train
HGL_1076,Mujhe help chahiye kyunki kisi ne mere account se order place kiya. Please jaldi resolve karo.,Hinglish,Fraud/Security,Security Team,Critical,Hinglish_Fraud/Security_02,94,16,train
HGL_1016,Mujhe help chahiye kyunki main linked email change nahi kar pa rahi hoon. Please jaldi resolve karo.,Hinglish,Account Issue,Account Support,Medium,Hinglish_Account Issue_08,100,17,test
HIN_0199,"नमस्ते, कूरियर वाले ने मुझसे संपर्क नहीं किया।",Hindi,Delivery Issue,Logistics Team,Medium,Hindi_Delivery Issue_04,46,8,test
ENG_0466,The cancel button is not available,English,Cancellation Issue,Order Management,Medium,English_Cancellation Issue_02,34,6,train
ENG_1048,This is urgent: I accidentally created two accounts with the same number,English,Account Issue,Account Support,Medium,English_Account Issue_10,72,12,train
HGL_0141,"Hello, mere order ke liye wrong amount charge hua hai. Mujhe jaldi update chahiye.",Hinglish,Payment Issue,Payments Team,High,Hinglish_Payment Issue_10,82,14,train
ENG_0860,"Hello, the courier refused to collect my return Please resolve this.",English,Return/Replacement,Returns Team,Medium,English_Return/Replacement_08,68,11,train
ENG_0534,"Please help, the seller rejected my cancellation request I need an update as soon as possible.",English,Cancellation Issue,Order Management,Medium,English_Cancellation Issue_06,94,16,validation
HIN_0452,मैं अपना ऑर्डर रद्द नहीं कर पा रही हूँ। कृपया इसे जल्दी हल करें।,Hindi,Cancellation Issue,Order Management,Medium,Hindi_Cancellation Issue_01,64,14,validation
HGL_0534,"Please help, seller ne meri cancellation request reject kar di. Mujhe jaldi update chahiye.",Hinglish,Cancellation Issue,Order Management,Medium,Hinglish_Cancellation Issue_06,91,14,validation
HIN_0867,मुझे सहायता चाहिए क्योंकि कूरियर वाले ने रिटर्न लेने से मना कर दिया। मुझे जल्द से जल्द जानकारी चाहिए।,Hindi,Return/Replacement,Returns Team,Medium,Hindi_Return/Replacement_08,101,19,train
HGL_0872,Mujhe wrong replacement product mila. Please jaldi resolve karo.,Hinglish,Return/Replacement,Returns Team,Medium,Hinglish_Return/Replacement_09,64,9,train
HGL_0419,Ye urgent hai: mujhe expected amount se kam refund mila. Please jaldi resolve karo.,Hinglish,Refund Issue,Refund Team,High,Hinglish_Refund Issue_08,83,14,train
HGL_0874,"Hello, mujhe wrong replacement product mila.",Hinglish,Return/Replacement,Returns Team,Medium,Hinglish_Return/Replacement_09,44,6,train
HGL_0228,Delivery date baar baar change ho rahi hai. Mujhe jaldi update chahiye.,Hinglish,Delivery Issue,Logistics Team,Medium,Hinglish_Delivery Issue_06,71,12,test
HGL_0139,"Hello, mere order ke liye wrong amount charge hua hai.",Hinglish,Payment Issue,Payments Team,High,Hinglish_Payment Issue_10,54,10,train
HGL_0151,Mera order abhi tak deliver nahi hua.,Hinglish,Delivery Issue,Logistics Team,Medium,Hinglish_Delivery Issue_01,37,7,train
HGL_1146,"Hello, account mein unknown delivery address add hua hai. Mujhe jaldi update chahiye.",Hinglish,Fraud/Security,Security Team,Critical,Hinglish_Fraud/Security_07,85,13,train
HIN_0893,"कृपया मदद करें, मेरा रिटर्न अनुरोध बिना कारण रद्द कर दिया गया। कृपया इसे जल्दी हल करें।",Hindi,Return/Replacement,Returns Team,Medium,Hindi_Return/Replacement_10,87,17,train
HGL_0613,Ye urgent hai: mujhe damaged product mila hai.,Hinglish,Product Issue,Product Support,High,Hinglish_Product Issue_01,46,8,train
HIN_0145,मुझे सहायता चाहिए क्योंकि मेरी खरीदारी के लिए गलत राशि ली गई।,Hindi,Payment Issue,Payments Team,High,Hindi_Payment Issue_10,61,12,test
ENG_0904,"Hello, I cannot log in to my account",English,Account Issue,Account Support,Medium,English_Account Issue_01,36,8,validation
ENG_0638,"Please help, I received the wrong product Please resolve this.",English,Product Issue,Product Support,High,English_Product Issue_03,62,10,train
HGL_0731,Mujhe help chahiye kyunki product ka size ya colour order se different hai. Please jaldi resolve karo.,Hinglish,Product Issue,Product Support,High,Hinglish_Product Issue_09,102,17,train
HGL_0678,Item ke parts broken hain. Mujhe jaldi update chahiye.,Hinglish,Product Issue,Product Support,High,Hinglish_Product Issue_06,54,9,train
HGL_1001,Mujhe help chahiye kyunki app mujhe baar baar logout kar raha hai. Please jaldi resolve karo.,Hinglish,Account Issue,Account Support,Medium,Hinglish_Account Issue_07,93,16,train
HGL_0770,"Hello, damaged item ka replacement chahiye. Please jaldi resolve karo.",Hinglish,Return/Replacement,Returns Team,Medium,Hinglish_Return/Replacement_02,70,10,train
ENG_0943,This is urgent: my account has been locked,English,Account Issue,Account Support,Medium,English_Account Issue_03,42,8,train
HGL_1059,"Please help, mere account mein unknown transaction hua hai. Mujhe jaldi update chahiye.",Hinglish,Fraud/Security,Security Team,Critical,Hinglish_Fraud/Security_01,87,13,train
ENG_1135,I need assistance because someone changed my account password,English,Fraud/Security,Security Team,Critical,English_Fraud/Security_06,61,9,train
HIN_0749,यह बहुत जरूरी है: मुझे खाली पैकेज मिला है। कृपया इसे जल्दी हल करें।,Hindi,Product Issue,Product Support,High,Hindi_Product Issue_10,67,14,test
HGL_0501,"Hello, cancel karne ke baad bhi order ship ho gaya. Mujhe jaldi update chahiye.",Hinglish,Cancellation Issue,Order Management,Medium,Hinglish_Cancellation Issue_04,79,14,train
ENG_0888,My return request was cancelled without explanation I need an update as soon as possible.,English,Return/Replacement,Returns Team,Medium,English_Return/Replacement_10,89,15,train
HGL_1014,"Please help, main linked email change nahi kar pa rahi hoon. Mujhe jaldi update chahiye.",Hinglish,Account Issue,Account Support,Medium,Hinglish_Account Issue_08,88,15,test
ENG_0686,I need assistance because the item arrived with broken parts Please resolve this.,English,Product Issue,Product Support,High,English_Product Issue_06,81,13,train
HIN_0814,"नमस्ते, मैं सामान को दूसरे आकार से बदलना चाहती हूँ।",Hindi,Return/Replacement,Returns Team,Medium,Hindi_Return/Replacement_05,51,10,test
ENG_0790,I need assistance because the return request is not being accepted,English,Return/Replacement,Returns Team,Medium,English_Return/Replacement_03,66,11,train
HIN_0698,"कृपया मदद करें, उत्पाद की गुणवत्ता बहुत खराब है। कृपया इसे जल्दी हल करें।",Hindi,Product Issue,Product Support,High,Hindi_Product Issue_07,73,14,validation
ENG_1165,I need assistance because I received a suspicious message asking for payment,English,Fraud/Security,Security Team,Critical,English_Fraud/Security_08,76,12,train
HIN_0001,मेरे पैसे कट गए लेकिन ऑर्डर कन्फर्म नहीं हुआ।,Hindi,Payment Issue,Payments Team,High,Hindi_Payment Issue_01,45,9,train
HGL_0372,Mujhe help chahiye kyunki return accept hua but refund process nahi hua. Mujhe jaldi update chahiye.,Hinglish,Refund Issue,Refund Team,High,Hinglish_Refund Issue_05,100,16,validation
HGL_1063,Ye urgent hai: mere account mein unknown transaction hua hai.,Hinglish,Fraud/Security,Security Team,Critical,Hinglish_Fraud/Security_01,61,10,train
HIN_0619,"नमस्ते, सामान काम नहीं कर रहा है।",Hindi,Product Issue,Product Support,High,Hindi_Product Issue_02,33,7,train
ENG_0273,The courier refused to deliver my package I need an update as soon as possible.,English,Delivery Issue,Logistics Team,Medium,English_Delivery Issue_09,79,15,train
HIN_0268,यह बहुत जरूरी है: मेरे ऑर्डर का केवल एक हिस्सा मिला है।,Hindi,Delivery Issue,Logistics Team,Medium,Hindi_Delivery Issue_08,55,12,train
ENG_0522,I need assistance because I accidentally placed an order and need to cancel it I need an update as soon as possible.,English,Cancellation Issue,Order Management,Medium,English_Cancellation Issue_05,116,22,train
ENG_0523,This is urgent: I accidentally placed an order and need to cancel it,English,Cancellation Issue,Order Management,Medium,English_Cancellation Issue_05,68,13,train
HIN_0645,यह बहुत जरूरी है: मुझे गलत उत्पाद भेजा गया। मुझे जल्द से जल्द जानकारी चाहिए।,Hindi,Product Issue,Product Support,High,Hindi_Product Issue_03,76,15,train
ENG_0351,"Hello, the app says refunded but the money is not in my account I need an update as soon as possible.",English,Refund Issue,Refund Team,High,English_Refund Issue_04,101,21,test
HIN_0123,चेकआउट के समय पेमेंट पेज बार-बार फेल हो रहा है। मुझे जल्द से जल्द जानकारी चाहिए।,Hindi,Payment Issue,Payments Team,High,Hindi_Payment Issue_09,80,16,test
HGL_0991,App mujhe baar baar logout kar raha hai.,Hinglish,Account Issue,Account Support,Medium,Hinglish_Account Issue_07,40,8,train
HGL_0408,Mujhe expected amount se kam refund mila. Mujhe jaldi update chahiye.,Hinglish,Refund Issue,Refund Team,High,Hinglish_Refund Issue_08,69,11,train
HIN_0062,चेकआउट फेल होने के बाद भी राशि डेबिट हो गई। कृपया इसे जल्दी हल करें।,Hindi,Payment Issue,Payments Team,High,Hindi_Payment Issue_05,68,15,train
ENG_0652,"Please help, the product does not match its description",English,Product Issue,Product Support,High,English_Product Issue_04,55,9,train
HIN_1014,"कृपया मदद करें, मैं अकाउंट से जुड़ा ईमेल नहीं बदल पा रही हूँ। मुझे जल्द से जल्द जानकारी चाहिए।",Hindi,Account Issue,Account Support,Medium,Hindi_Account Issue_08,94,19,test
HGL_0702,Mujhe help chahiye kyunki product ki quality bahut poor hai. Mujhe jaldi update chahiye.,Hinglish,Product Issue,Product Support,High,Hinglish_Product Issue_07,88,14,train
HGL_0934,"Hello, mera account lock ho gaya hai.",Hinglish,Account Issue,Account Support,Medium,Hinglish_Account Issue_03,37,7,train
HIN_0677,उत्पाद के कुछ हिस्से टूटे हुए हैं। कृपया इसे जल्दी हल करें।,Hindi,Product Issue,Product Support,High,Hindi_Product Issue_06,59,12,train
HIN_0403,यह बहुत जरूरी है: रिफंड गलत पेमेंट माध्यम में भेज दिया गया।,Hindi,Refund Issue,Refund Team,High,Hindi_Refund Issue_07,59,12,test
HIN_0844,"नमस्ते, रिटर्न की समय सीमा गलत तरीके से बंद दिखाई जा रही है।",Hindi,Return/Replacement,Returns Team,Medium,Hindi_Return/Replacement_07,60,13,test
HIN_0385,मुझे सहायता चाहिए क्योंकि रिफंड मिलने की समय सीमा निकल चुकी है।,Hindi,Refund Issue,Refund Team,High,Hindi_Refund Issue_06,63,12,train
ENG_0169,"Hello, the delivery is delayed beyond the promised date",English,Delivery Issue,Logistics Team,Medium,English_Delivery Issue_02,55,9,validation
HGL_0939,"Please help, mera account lock ho gaya hai. Mujhe jaldi update chahiye.",Hinglish,Account Issue,Account Support,Medium,Hinglish_Account Issue_03,71,12,train
ENG_0963,My saved address has disappeared I need an update as soon as possible.,English,Account Issue,Account Support,Medium,English_Account Issue_05,70,13,train
ENG_0946,I cannot update my phone number,English,Account Issue,Account Support,Medium,English_Account Issue_04,31,6,train
ENG_0463,This is urgent: I am unable to cancel my order,English,Cancellation Issue,Order Management,Medium,English_Cancellation Issue_01,46,10,train
HGL_1044,"Please help, same number se accidentally do accounts create ho gaye. Mujhe jaldi update chahiye.",Hinglish,Account Issue,Account Support,Medium,Hinglish_Account Issue_10,96,15,validation
ENG_0329,This is urgent: the refund is still pending Please resolve this.,English,Refund Issue,Refund Team,High,English_Refund Issue_02,64,11,validation
HIN_0308,"कृपया मदद करें, मैंने ऑर्डर रद्द किया लेकिन रिफंड नहीं मिला। कृपया इसे जल्दी हल करें।",Hindi,Refund Issue,Refund Team,High,Hindi_Refund Issue_01,85,16,train
HIN_0825,यह बहुत जरूरी है: मैं सामान को दूसरे आकार से बदलना चाहती हूँ। मुझे जल्द से जल्द जानकारी चाहिए।,Hindi,Return/Replacement,Returns Team,Medium,Hindi_Return/Replacement_05,94,19,test
ENG_0368,"Please help, my return was accepted but the refund was not processed Please resolve this.",English,Refund Issue,Refund Team,High,English_Refund Issue_05,89,15,train
HGL_0710,"Hello, mujhe expired product mila hai. Please jaldi resolve karo.",Hinglish,Product Issue,Product Support,High,Hinglish_Product Issue_08,65,10,test
HGL_1007,Main linked email change nahi kar pa rahi hoon. Please jaldi resolve karo.,Hinglish,Account Issue,Account Support,Medium,Hinglish_Account Issue_08,74,13,test
HGL_0585,Ye urgent hai: cancel karne ke baad bhi order active dikha raha hai. Mujhe jaldi update chahiye.,Hinglish,Cancellation Issue,Order Management,Medium,Hinglish_Cancellation Issue_09,96,17,train
HIN_0226,डिलीवरी की तारीख बार-बार बदल रही है।,Hindi,Delivery Issue,Logistics Team,Medium,Hindi_Delivery Issue_06,36,7,train
ENG_0773,"Please help, I need a replacement for the damaged item Please resolve this.",English,Return/Replacement,Returns Team,Medium,English_Return/Replacement_02,75,13,train
HIN_1093,यह बहुत जरूरी है: मेरा अकाउंट हैक हो गया है।,Hindi,Fraud/Security,Security Team,Critical,Hindi_Fraud/Security_03,44,10,train
HGL_0822,Mujhe help chahiye kyunki mujhe item ko different size se exchange karna hai. Mujhe jaldi update chahiye.,Hinglish,Return/Replacement,Returns Team,Medium,Hinglish_Return/Replacement_05,105,17,train
HGL_0436,Mere bank account mein promised refund nahi aaya.,Hinglish,Refund Issue,Refund Team,High,Hinglish_Refund Issue_10,49,8,train
ENG_0499,"Hello, the order was shipped after I requested cancellation",English,Cancellation Issue,Order Management,Medium,English_Cancellation Issue_04,59,9,test
HIN_0035,"नमस्ते, पेमेंट फेल हो गया लेकिन खाते से पैसे कट गए। कृपया इसे जल्दी हल करें।",Hindi,Payment Issue,Payments Team,High,Hindi_Payment Issue_03,76,16,train
ENG_0436,My bank has not received the promised refund,English,Refund Issue,Refund Team,High,English_Refund Issue_10,44,8,train
ENG_0366,"Hello, my return was accepted but the refund was not processed I need an update as soon as possible.",English,Refund Issue,Refund Team,High,English_Refund Issue_05,100,19,train
HGL_1012,"Please help, main linked email change nahi kar pa rahi hoon.",Hinglish,Account Issue,Account Support,Medium,Hinglish_Account Issue_08,60,11,test
ENG_0277,"Please help, the courier refused to deliver my package",English,Delivery Issue,Logistics Team,Medium,English_Delivery Issue_09,54,9,train
HGL_0650,"Hello, product description ke according nahi hai. Please jaldi resolve karo.",Hinglish,Product Issue,Product Support,High,Hinglish_Product Issue_04,76,11,train
HIN_0792,मुझे सहायता चाहिए क्योंकि मेरा रिटर्न अनुरोध स्वीकार नहीं हो रहा है। मुझे जल्द से जल्द जानकारी चाहिए।,Hindi,Return/Replacement,Returns Team,Medium,Hindi_Return/Replacement_03,101,18,train
HGL_1019,Ye urgent hai: main linked email change nahi kar pa rahi hoon. Please jaldi resolve karo.,Hinglish,Account Issue,Account Support,Medium,Hinglish_Account Issue_08,89,16,test
ENG_0408,I received a smaller refund than expected I need an update as soon as possible.,English,Refund Issue,Refund Team,High,English_Refund Issue_08,79,15,test
HIN_0338,"कृपया मदद करें, मुझे रिफंड की केवल कुछ राशि मिली है। कृपया इसे जल्दी हल करें।",Hindi,Refund Issue,Refund Team,High,Hindi_Refund Issue_03,77,16,train
ENG_1092,I need assistance because my account appears to have been hacked I need an update as soon as possible.,English,Fraud/Security,Security Team,Critical,English_Fraud/Security_03,102,19,test
ENG_0845,"Hello, the return window is incorrectly shown as closed Please resolve this.",English,Return/Replacement,Returns Team,Medium,English_Return/Replacement_07,76,12,test
HIN_0366,"नमस्ते, रिटर्न स्वीकार होने के बाद भी रिफंड नहीं मिला। मुझे जल्द से जल्द जानकारी चाहिए।",Hindi,Refund Issue,Refund Team,High,Hindi_Refund Issue_05,87,16,train
HGL_0197,Courier person ne mujhse contact nahi kiya. Please jaldi resolve karo.,Hinglish,Delivery Issue,Logistics Team,Medium,Hinglish_Delivery Issue_04,70,11,test
HIN_0557,मैं ऑर्डर में से एक सामान रद्द करना चाहती हूँ। कृपया इसे जल्दी हल करें।,Hindi,Cancellation Issue,Order Management,Medium,Hindi_Cancellation Issue_08,71,15,train
HIN_0059,यह बहुत जरूरी है: मेरा कार्ड पेमेंट प्रोसेसिंग में अटका हुआ है। कृपया इसे जल्दी हल करें।,Hindi,Payment Issue,Payments Team,High,Hindi_Payment Issue_04,88,17,train
HIN_0475,मुझे सहायता चाहिए क्योंकि ऑर्डर रद्द करने का बटन उपलब्ध नहीं है।,Hindi,Cancellation Issue,Order Management,Medium,Hindi_Cancellation Issue_02,64,12,test
HIN_0224,यह बहुत जरूरी है: मेरा पैकेज कई दिनों से एक ही जगह अटका है। कृपया इसे जल्दी हल करें।,Hindi,Delivery Issue,Logistics Team,Medium,Hindi_Delivery Issue_05,84,19,train
HIN_0140,"नमस्ते, मेरी खरीदारी के लिए गलत राशि ली गई। कृपया इसे जल्दी हल करें।",Hindi,Payment Issue,Payments Team,High,Hindi_Payment Issue_10,68,14,test
HIN_0820,मुझे सहायता चाहिए क्योंकि मैं सामान को दूसरे आकार से बदलना चाहती हूँ।,Hindi,Return/Replacement,Returns Team,Medium,Hindi_Return/Replacement_05,69,13,test
HGL_0333,Mujhe sirf partial refund mila hai. Mujhe jaldi update chahiye.,Hinglish,Refund Issue,Refund Team,High,Hinglish_Refund Issue_03,63,10,train
HIN_0763,यह बहुत जरूरी है: मैं इस उत्पाद को वापस करना चाहती हूँ।,Hindi,Return/Replacement,Returns Team,Medium,Hindi_Return/Replacement_01,55,12,train
ENG_0945,This is urgent: my account has been locked I need an update as soon as possible.,English,Account Issue,Account Support,Medium,English_Account Issue_03,80,16,train
ENG_0200,"Hello, the courier has not contacted me Please resolve this.",English,Delivery Issue,Logistics Team,Medium,English_Delivery Issue_04,60,10,test
HGL_0988,Ye urgent hai: main password reset nahi kar pa rahi hoon.,Hinglish,Account Issue,Account Support,Medium,Hinglish_Account Issue_06,57,11,train
HIN_0121,चेकआउट के समय पेमेंट पेज बार-बार फेल हो रहा है।,Hindi,Payment Issue,Payments Team,High,Hindi_Payment Issue_09,47,10,test
ENG_0802,"Please help, the pickup for my return has not happened",English,Return/Replacement,Returns Team,Medium,English_Return/Replacement_04,54,10,validation
HIN_0969,"कृपया मदद करें, मेरा सेव किया हुआ पता गायब हो गया है। मुझे जल्द से जल्द जानकारी चाहिए।",Hindi,Account Issue,Account Support,Medium,Hindi_Account Issue_05,86,18,train
HGL_0636,"Hello, mujhe wrong product deliver hua. Mujhe jaldi update chahiye.",Hinglish,Product Issue,Product Support,High,Hinglish_Product Issue_03,67,10,validation
HGL_0517,"Please help, galti se order place hua aur mujhe cancel karna hai.",Hinglish,Cancellation Issue,Order Management,Medium,Hinglish_Cancellation Issue_05,65,12,test
ENG_0232,"Please help, the delivery date keeps changing",English,Delivery Issue,Logistics Team,Medium,English_Delivery Issue_06,45,7,train
HIN_0353,"कृपया मदद करें, ऐप में रिफंड दिख रहा है लेकिन खाते में पैसे नहीं आए। कृपया इसे जल्दी हल करें।",Hindi,Refund Issue,Refund Team,High,Hindi_Refund Issue_04,93,20,test
HGL_0761,Mujhe help chahiye kyunki mujhe ye product return karna hai. Please jaldi resolve karo.,Hinglish,Return/Replacement,Returns Team,Medium,Hinglish_Return/Replacement_01,87,14,test
HIN_0768,मुझे खराब सामान का रिप्लेसमेंट चाहिए। मुझे जल्द से जल्द जानकारी चाहिए।,Hindi,Return/Replacement,Returns Team,Medium,Hindi_Return/Replacement_02,70,12,train
HIN_0806,मुझे सहायता चाहिए क्योंकि रिटर्न के लिए पिकअप अभी तक नहीं हुआ। कृपया इसे जल्दी हल करें।,Hindi,Return/Replacement,Returns Team,Medium,Hindi_Return/Replacement_04,87,17,validation
HIN_0364,"नमस्ते, रिटर्न स्वीकार होने के बाद भी रिफंड नहीं मिला।",Hindi,Refund Issue,Refund Team,High,Hindi_Refund Issue_05,54,10,train
HIN_0131,मुझे सहायता चाहिए क्योंकि चेकआउट के समय पेमेंट पेज बार-बार फेल हो रहा है। कृपया इसे जल्दी हल करें।,Hindi,Payment Issue,Payments Team,High,Hindi_Payment Issue_09,98,19,test
HGL_1035,Ye urgent hai: meri order history missing hai. Mujhe jaldi update chahiye.,Hinglish,Account Issue,Account Support,Medium,Hinglish_Account Issue_09,74,12,train
HIN_0826,रिप्लेसमेंट ऑर्डर अभी तक भेजा नहीं गया।,Hindi,Return/Replacement,Returns Team,Medium,Hindi_Return/Replacement_06,39,7,train
HIN_0793,यह बहुत जरूरी है: मेरा रिटर्न अनुरोध स्वीकार नहीं हो रहा है।,Hindi,Return/Replacement,Returns Team,Medium,Hindi_Return/Replacement_03,60,12,train
ENG_0105,This is urgent: cash was charged even though the order shows payment pending I need an update as soon as possible.,English,Payment Issue,Payments Team,High,English_Payment Issue_07,114,21,test
HGL_0274,"Hello, courier person ne package deliver karne se mana kiya.",Hinglish,Delivery Issue,Logistics Team,Medium,Hinglish_Delivery Issue_09,60,10,train
HIN_0750,यह बहुत जरूरी है: मुझे खाली पैकेज मिला है। मुझे जल्द से जल्द जानकारी चाहिए।,Hindi,Product Issue,Product Support,High,Hindi_Product Issue_10,75,15,test
ENG_1179,"Please help, a fake customer-care agent requested my bank details I need an update as soon as possible.",English,Fraud/Security,Security Team,Critical,English_Fraud/Security_09,103,18,train
HIN_0258,मेरे ऑर्डर का केवल एक हिस्सा मिला है। मुझे जल्द से जल्द जानकारी चाहिए।,Hindi,Delivery Issue,Logistics Team,Medium,Hindi_Delivery Issue_08,70,14,train
HIN_0581,मुझे सहायता चाहिए क्योंकि रद्द करने के बाद भी ऑर्डर सक्रिय दिख रहा है। कृपया इसे जल्दी हल करें।,Hindi,Cancellation Issue,Order Management,Medium,Hindi_Cancellation Issue_09,95,19,train
HGL_0260,"Hello, mere order ka sirf ek part deliver hua. Please jaldi resolve karo.",Hinglish,Delivery Issue,Logistics Team,Medium,Hinglish_Delivery Issue_08,73,13,train
HIN_0043,यह बहुत जरूरी है: पेमेंट फेल हो गया लेकिन खाते से पैसे कट गए।,Hindi,Payment Issue,Payments Team,High,Hindi_Payment Issue_03,61,14,train
HGL_0353,"Please help, app refunded dikha raha hai but account mein paise nahi aaye. Please jaldi resolve karo.",Hinglish,Refund Issue,Refund Team,High,Hinglish_Refund Issue_04,101,17,train
HIN_0971,मुझे सहायता चाहिए क्योंकि मेरा सेव किया हुआ पता गायब हो गया है। कृपया इसे जल्दी हल करें।,Hindi,Account Issue,Account Support,Medium,Hindi_Account Issue_05,88,18,train
HGL_0275,"Hello, courier person ne package deliver karne se mana kiya. Please jaldi resolve karo.",Hinglish,Delivery Issue,Logistics Team,Medium,Hinglish_Delivery Issue_09,87,14,train
HIN_0315,यह बहुत जरूरी है: मैंने ऑर्डर रद्द किया लेकिन रिफंड नहीं मिला। मुझे जल्द से जल्द जानकारी चाहिए।,Hindi,Refund Issue,Refund Team,High,Hindi_Refund Issue_01,95,18,train
HIN_0982,"कृपया मदद करें, मैं अपना पासवर्ड रीसेट नहीं कर पा रही हूँ।",Hindi,Account Issue,Account Support,Medium,Hindi_Account Issue_06,58,12,train
HGL_1021,Meri order history missing hai.,Hinglish,Account Issue,Account Support,Medium,Hinglish_Account Issue_09,31,5,train
HGL_1111,Mere saved card ko bina permission use kiya gaya.,Hinglish,Fraud/Security,Security Team,Critical,Hinglish_Fraud/Security_05,49,9,train
HGL_0079,"Hello, UPI payment successful tha but order place nahi hua.",Hinglish,Payment Issue,Payments Team,High,Hinglish_Payment Issue_06,59,10,train
HIN_0146,मुझे सहायता चाहिए क्योंकि मेरी खरीदारी के लिए गलत राशि ली गई। कृपया इसे जल्दी हल करें।,Hindi,Payment Issue,Payments Team,High,Hindi_Payment Issue_10,86,17,test
HGL_0628,Ye urgent hai: item defective hai aur work nahi kar raha.,Hinglish,Product Issue,Product Support,High,Hinglish_Product Issue_02,57,11,test
ENG_0995,"Hello, the app logs me out repeatedly Please resolve this.",English,Account Issue,Account Support,Medium,English_Account Issue_07,58,10,test
ENG_0465,This is urgent: I am unable to cancel my order I need an update as soon as possible.,English,Cancellation Issue,Order Management,Medium,English_Cancellation Issue_01,84,18,train
HGL_0429,"Please help, refund status kai din se change nahi hua. Mujhe jaldi update chahiye.",Hinglish,Refund Issue,Refund Team,High,Hinglish_Refund Issue_09,82,14,test
HGL_0008,"Please help, payment deduct ho gaya but order confirm nahi hua. Please jaldi resolve karo.",Hinglish,Payment Issue,Payments Team,High,Hinglish_Payment Issue_01,90,15,train
HGL_0496,Cancel karne ke baad bhi order ship ho gaya.,Hinglish,Cancellation Issue,Order Management,Medium,Hinglish_Cancellation Issue_04,44,9,train
HIN_0650,"नमस्ते, उत्पाद उसके विवरण से मेल नहीं खाता। कृपया इसे जल्दी हल करें।",Hindi,Product Issue,Product Support,High,Hindi_Product Issue_04,68,13,train
HIN_1089,"कृपया मदद करें, मेरा अकाउंट हैक हो गया है। मुझे जल्द से जल्द जानकारी चाहिए।",Hindi,Fraud/Security,Security Team,Critical,Hindi_Fraud/Security_03,75,15,train
HGL_0289,"Hello, tracking information update nahi ho rahi hai.",Hinglish,Delivery Issue,Logistics Team,Medium,Hinglish_Delivery Issue_10,52,8,train
ENG_0213,My package is stuck at the same location I need an update as soon as possible.,English,Delivery Issue,Logistics Team,Medium,English_Delivery Issue_05,78,16,test
ENG_1037,I accidentally created two accounts with the same number Please resolve this.,English,Account Issue,Account Support,Medium,English_Account Issue_10,77,12,train
HGL_1083,Lagta hai mera account hack ho gaya hai. Mujhe jaldi update chahiye.,Hinglish,Fraud/Security,Security Team,Critical,Hinglish_Fraud/Security_03,68,12,test
ENG_0901,I cannot log in to my account,English,Account Issue,Account Support,Medium,English_Account Issue_01,29,7,validation
HIN_0162,मुझे सहायता चाहिए क्योंकि मेरा ऑर्डर अभी तक नहीं आया है। मुझे जल्द से जल्द जानकारी चाहिए।,Hindi,Delivery Issue,Logistics Team,Medium,Hindi_Delivery Issue_01,89,17,train
HIN_0307,"कृपया मदद करें, मैंने ऑर्डर रद्द किया लेकिन रिफंड नहीं मिला।",Hindi,Refund Issue,Refund Team,High,Hindi_Refund Issue_01,60,11,train
ENG_0742,"Please help, the package was empty when it arrived",English,Product Issue,Product Support,High,English_Product Issue_10,50,9,train
HGL_0764,Ye urgent hai: mujhe ye product return karna hai. Please jaldi resolve karo.,Hinglish,Return/Replacement,Returns Team,Medium,Hinglish_Return/Replacement_01,76,13,test
HGL_0393,Refund wrong payment method mein bheja gaya. Mujhe jaldi update chahiye.,Hinglish,Refund Issue,Refund Team,High,Hinglish_Refund Issue_07,72,11,train
HIN_0661,पैकेज में एक जरूरी सामान गायब है।,Hindi,Product Issue,Product Support,High,Hindi_Product Issue_05,33,7,train
ENG_0510,This is urgent: the order was shipped after I requested cancellation I need an update as soon as possible.,English,Cancellation Issue,Order Management,Medium,English_Cancellation Issue_04,106,19,test
ENG_0598,This is urgent: I was charged a fee for cancelling the order,English,Cancellation Issue,Order Management,Medium,English_Cancellation Issue_10,60,12,train
HGL_0813,Mujhe item ko different size se exchange karna hai. Mujhe jaldi update chahiye.,Hinglish,Return/Replacement,Returns Team,Medium,Hinglish_Return/Replacement_05,79,13,train
ENG_0982,"Please help, I forgot my password and cannot reset it",English,Account Issue,Account Support,Medium,English_Account Issue_06,53,10,train
HGL_0009,"Please help, payment deduct ho gaya but order confirm nahi hua. Mujhe jaldi update chahiye.",Hinglish,Payment Issue,Payments Team,High,Hinglish_Payment Issue_01,91,15,train
HGL_0768,Damaged item ka replacement chahiye. Mujhe jaldi update chahiye.,Hinglish,Return/Replacement,Returns Team,Medium,Hinglish_Return/Replacement_02,64,9,train
ENG_0519,"Please help, I accidentally placed an order and need to cancel it I need an update as soon as possible.",English,Cancellation Issue,Order Management,Medium,English_Cancellation Issue_05,103,20,train
HGL_0250,Mujhe help chahiye kyunki mera order wrong address par deliver hua.,Hinglish,Delivery Issue,Logistics Team,Medium,Hinglish_Delivery Issue_07,67,11,train
ENG_0768,I need a replacement for the damaged item I need an update as soon as possible.,English,Return/Replacement,Returns Team,Medium,English_Return/Replacement_02,79,16,train
HGL_0516,"Hello, galti se order place hua aur mujhe cancel karna hai. Mujhe jaldi update chahiye.",Hinglish,Cancellation Issue,Order Management,Medium,Hinglish_Cancellation Issue_05,87,15,test
ENG_0422,The refund status has not changed for several days Please resolve this.,English,Refund Issue,Refund Team,High,English_Refund Issue_09,71,12,train
ENG_0124,"Hello, the payment page keeps failing during checkout",English,Payment Issue,Payments Team,High,English_Payment Issue_09,53,8,train
HIN_1059,"कृपया मदद करें, मेरे अकाउंट में एक अनजान लेन-देन हुआ है। मुझे जल्द से जल्द जानकारी चाहिए।",Hindi,Fraud/Security,Security Team,Critical,Hindi_Fraud/Security_01,89,17,test
HGL_0179,Ye urgent hai: promised date ke baad bhi package nahi aaya. Please jaldi resolve karo.,Hinglish,Delivery Issue,Logistics Team,Medium,Hinglish_Delivery Issue_02,86,15,train
ENG_0820,I need assistance because I want to exchange the item for another size,English,Return/Replacement,Returns Team,Medium,English_Return/Replacement_05,70,13,train
ENG_0101,I need assistance because cash was charged even though the order shows payment pending Please resolve this.,English,Payment Issue,Payments Team,High,English_Payment Issue_07,107,17,test
HGL_0765,Ye urgent hai: mujhe ye product return karna hai. Mujhe jaldi update chahiye.,Hinglish,Return/Replacement,Returns Team,Medium,Hinglish_Return/Replacement_01,77,13,test
HGL_0925,Mujhe help chahiye kyunki mujhe login OTP receive nahi ho raha.,Hinglish,Account Issue,Account Support,Medium,Hinglish_Account Issue_02,63,11,test
HGL_0347,App refunded dikha raha hai but account mein paise nahi aaye. Please jaldi resolve karo.,Hinglish,Refund Issue,Refund Team,High,Hinglish_Refund Issue_04,88,15,train
HGL_0745,Mujhe help chahiye kyunki delivery mein empty package mila hai.,Hinglish,Product Issue,Product Support,High,Hinglish_Product Issue_10,63,10,train
ENG_1104,"Please help, I received an OTP for a purchase I did not make I need an update as soon as possible.",English,Fraud/Security,Security Team,Critical,English_Fraud/Security_04,98,21,train
HIN_0152,मेरा ऑर्डर अभी तक नहीं आया है। कृपया इसे जल्दी हल करें।,Hindi,Delivery Issue,Logistics Team,Medium,Hindi_Delivery Issue_01,55,12,train
HGL_0259,"Hello, mere order ka sirf ek part deliver hua.",Hinglish,Delivery Issue,Logistics Team,Medium,Hinglish_Delivery Issue_08,46,9,train
HGL_0481,Cancellation request baar baar fail ho rahi hai.,Hinglish,Cancellation Issue,Order Management,Medium,Hinglish_Cancellation Issue_03,48,8,train
HIN_0079,"नमस्ते, यूपीआई पेमेंट सफल हुआ लेकिन ऑर्डर प्लेस नहीं हुआ।",Hindi,Payment Issue,Payments Team,High,Hindi_Payment Issue_06,57,10,train
HIN_0762,मुझे सहायता चाहिए क्योंकि मैं इस उत्पाद को वापस करना चाहती हूँ। मुझे जल्द से जल्द जानकारी चाहिए।,Hindi,Return/Replacement,Returns Team,Medium,Hindi_Return/Replacement_01,96,18,train
HGL_0553,Ye urgent hai: app mein cancellation option show nahi ho raha.,Hinglish,Cancellation Issue,Order Management,Medium,Hinglish_Cancellation Issue_07,62,11,train
ENG_0983,"Please help, I forgot my password and cannot reset it Please resolve this.",English,Account Issue,Account Support,Medium,English_Account Issue_06,74,13,train
ENG_0457,"Please help, I am unable to cancel my order",English,Cancellation Issue,Order Management,Medium,English_Cancellation Issue_01,43,9,train
HGL_0303,Order cancel kiya but refund abhi tak nahi mila. Mujhe jaldi update chahiye.,Hinglish,Refund Issue,Refund Team,High,Hinglish_Refund Issue_01,76,13,train
HGL_1162,"Please help, mujhe payment maangne wala suspicious message mila.",Hinglish,Fraud/Security,Security Team,Critical,Hinglish_Fraud/Security_08,64,9,train
ENG_0382,"Please help, the refund deadline has already passed",English,Refund Issue,Refund Team,High,English_Refund Issue_06,51,8,train
HGL_0955,Mujhe help chahiye kyunki main apna phone number update nahi kar pa rahi hoon.,Hinglish,Account Issue,Account Support,Medium,Hinglish_Account Issue_04,78,14,train
HGL_0528,Seller ne meri cancellation request reject kar di. Mujhe jaldi update chahiye.,Hinglish,Cancellation Issue,Order Management,Medium,Hinglish_Cancellation Issue_06,78,12,validation
HGL_1147,"Please help, account mein unknown delivery address add hua hai.",Hinglish,Fraud/Security,Security Team,Critical,Hinglish_Fraud/Security_07,63,10,train
ENG_1011,"Hello, I cannot change the email linked to my account I need an update as soon as possible.",English,Account Issue,Account Support,Medium,English_Account Issue_08,91,18,test
HGL_0667,"Please help, package mein ek accessory missing hai.",Hinglish,Product Issue,Product Support,High,Hinglish_Product Issue_05,51,8,train
HIN_0815,"नमस्ते, मैं सामान को दूसरे आकार से बदलना चाहती हूँ। कृपया इसे जल्दी हल करें।",Hindi,Return/Replacement,Returns Team,Medium,Hindi_Return/Replacement_05,76,15,test
ENG_0663,An accessory is missing from the package I need an update as soon as possible.,English,Product Issue,Product Support,High,English_Product Issue_05,78,15,train
HIN_1146,"नमस्ते, मेरे अकाउंट में एक अनजान डिलीवरी पता दिखाई दे रहा है। मुझे जल्द से जल्द जानकारी चाहिए।",Hindi,Fraud/Security,Security Team,Critical,Hindi_Fraud/Security_07,94,18,train
HGL_1138,Ye urgent hai: kisi ne mere account ka password change kar diya.,Hinglish,Fraud/Security,Security Team,Critical,Hinglish_Fraud/Security_06,64,12,train
HGL_0860,"Hello, courier person ne return collect karne se mana kiya. Please jaldi resolve karo.",Hinglish,Return/Replacement,Returns Team,Medium,Hinglish_Return/Replacement_08,86,14,train
HGL_0354,"Please help, app refunded dikha raha hai but account mein paise nahi aaye. Mujhe jaldi update chahiye.",Hinglish,Refund Issue,Refund Team,High,Hinglish_Refund Issue_04,102,17,train
HIN_0847,"कृपया मदद करें, रिटर्न की समय सीमा गलत तरीके से बंद दिखाई जा रही है।",Hindi,Return/Replacement,Returns Team,Medium,Hindi_Return/Replacement_07,68,15,test
HGL_0421,Refund status kai din se change nahi hua.,Hinglish,Refund Issue,Refund Team,High,Hinglish_Refund Issue_09,41,8,test
HGL_0342,Mujhe help chahiye kyunki mujhe sirf partial refund mila hai. Mujhe jaldi update chahiye.,Hinglish,Refund Issue,Refund Team,High,Hinglish_Refund Issue_03,89,14,train
HIN_0728,"कृपया मदद करें, उत्पाद का आकार या रंग मेरे ऑर्डर से अलग है। कृपया इसे जल्दी हल करें।",Hindi,Product Issue,Product Support,High,Hindi_Product Issue_09,84,18,train
ENG_0846,"Hello, the return window is incorrectly shown as closed I need an update as soon as possible.",English,Return/Replacement,Returns Team,Medium,English_Return/Replacement_07,93,17,test
ENG_0543,The app is not showing the cancellation option I need an update as soon as possible.,English,Cancellation Issue,Order Management,Medium,English_Cancellation Issue_07,84,16,test
HIN_0623,"कृपया मदद करें, सामान काम नहीं कर रहा है। कृपया इसे जल्दी हल करें।",Hindi,Product Issue,Product Support,High,Hindi_Product Issue_02,66,14,train
HGL_0786,"Hello, meri return request accept nahi ho rahi. Mujhe jaldi update chahiye.",Hinglish,Return/Replacement,Returns Team,Medium,Hinglish_Return/Replacement_03,75,12,train
HGL_0177,Mujhe help chahiye kyunki promised date ke baad bhi package nahi aaya. Mujhe jaldi update chahiye.,Hinglish,Delivery Issue,Logistics Team,Medium,Hinglish_Delivery Issue_02,98,16,train
ENG_1197,I need assistance because there are multiple unauthorised purchases on my account I need an update as soon as possible.,English,Fraud/Security,Security Team,Critical,English_Fraud/Security_10,119,20,train
ENG_1103,"Please help, I received an OTP for a purchase I did not make Please resolve this.",English,Fraud/Security,Security Team,Critical,English_Fraud/Security_04,81,16,train
HGL_0020,"Hello, same order ke liye do baar paise cut gaye. Please jaldi resolve karo.",Hinglish,Payment Issue,Payments Team,High,Hinglish_Payment Issue_02,76,14,train
HGL_0970,Mujhe help chahiye kyunki mera saved address disappear ho gaya.,Hinglish,Account Issue,Account Support,Medium,Hinglish_Account Issue_05,63,10,train
HIN_0601,मुझे मिला हुआ उत्पाद खराब है।,Hindi,Product Issue,Product Support,High,Hindi_Product Issue_01,29,6,test
HIN_0299,यह बहुत जरूरी है: ट्रैकिंग की जानकारी अपडेट नहीं हो रही है। कृपया इसे जल्दी हल करें।,Hindi,Delivery Issue,Logistics Team,Medium,Hindi_Delivery Issue_10,84,17,test
HIN_1043,"कृपया मदद करें, एक ही नंबर से गलती से दो अकाउंट बन गए हैं। कृपया इसे जल्दी हल करें।",Hindi,Account Issue,Account Support,Medium,Hindi_Account Issue_10,83,19,train
HIN_0253,यह बहुत जरूरी है: मेरा ऑर्डर गलत पते पर भेज दिया गया।,Hindi,Delivery Issue,Logistics Team,Medium,Hindi_Delivery Issue_07,53,12,train
ENG_1049,This is urgent: I accidentally created two accounts with the same number Please resolve this.,English,Account Issue,Account Support,Medium,English_Account Issue_10,93,15,train
HGL_0746,Mujhe help chahiye kyunki delivery mein empty package mila hai. Please jaldi resolve karo.,Hinglish,Product Issue,Product Support,High,Hinglish_Product Issue_10,90,14,train
HIN_0979,"नमस्ते, मैं अपना पासवर्ड रीसेट नहीं कर पा रही हूँ।",Hindi,Account Issue,Account Support,Medium,Hindi_Account Issue_06,50,10,train
HIN_0681,"नमस्ते, उत्पाद के कुछ हिस्से टूटे हुए हैं। मुझे जल्द से जल्द जानकारी चाहिए।",Hindi,Product Issue,Product Support,High,Hindi_Product Issue_06,75,14,train
HGL_0116,Mujhe help chahiye kyunki main apne order ka payment complete nahi kar pa rahi hoon. Please jaldi resolve karo.,Hinglish,Payment Issue,Payments Team,High,Hinglish_Payment Issue_08,111,19,train
ENG_0238,This is urgent: the delivery date keeps changing,English,Delivery Issue,Logistics Team,Medium,English_Delivery Issue_06,48,8,train
HIN_0898,यह बहुत जरूरी है: मेरा रिटर्न अनुरोध बिना कारण रद्द कर दिया गया।,Hindi,Return/Replacement,Returns Team,Medium,Hindi_Return/Replacement_10,64,13,train
HGL_0064,"Hello, checkout fail hua phir bhi amount debit ho gaya.",Hinglish,Payment Issue,Payments Team,High,Hinglish_Payment Issue_05,55,10,test
ENG_1134,"Please help, someone changed my account password I need an update as soon as possible.",English,Fraud/Security,Security Team,Critical,English_Fraud/Security_06,86,15,train
HIN_1151,मुझे सहायता चाहिए क्योंकि मेरे अकाउंट में एक अनजान डिलीवरी पता दिखाई दे रहा है। कृपया इसे जल्दी हल करें।,Hindi,Fraud/Security,Security Team,Critical,Hindi_Fraud/Security_07,104,20,train
HGL_0065,"Hello, checkout fail hua phir bhi amount debit ho gaya. Please jaldi resolve karo.",Hinglish,Payment Issue,Payments Team,High,Hinglish_Payment Issue_05,82,14,test
ENG_0164,This is urgent: my order has not arrived yet Please resolve this.,English,Delivery Issue,Logistics Team,Medium,English_Delivery Issue_01,65,12,train
HIN_0314,यह बहुत जरूरी है: मैंने ऑर्डर रद्द किया लेकिन रिफंड नहीं मिला। कृपया इसे जल्दी हल करें।,Hindi,Refund Issue,Refund Team,High,Hindi_Refund Issue_01,87,17,train
ENG_0253,This is urgent: my order was sent to the wrong address,English,Delivery Issue,Logistics Team,Medium,English_Delivery Issue_07,54,11,train
HIN_0975,यह बहुत जरूरी है: मेरा सेव किया हुआ पता गायब हो गया है। मुझे जल्द से जल्द जानकारी चाहिए।,Hindi,Account Issue,Account Support,Medium,Hindi_Account Issue_05,88,19,train
HGL_0100,Mujhe help chahiye kyunki payment karne ke baad bhi order pending dikha raha hai.,Hinglish,Payment Issue,Payments Team,High,Hinglish_Payment Issue_07,81,14,test
HIN_0394,"नमस्ते, रिफंड गलत पेमेंट माध्यम में भेज दिया गया।",Hindi,Refund Issue,Refund Team,High,Hindi_Refund Issue_07,49,9,test
ENG_0931,My account has been locked,English,Account Issue,Account Support,Medium,English_Account Issue_03,26,5,train
HIN_0458,"कृपया मदद करें, मैं अपना ऑर्डर रद्द नहीं कर पा रही हूँ। कृपया इसे जल्दी हल करें।",Hindi,Cancellation Issue,Order Management,Medium,Hindi_Cancellation Issue_01,80,17,validation
HIN_0584,यह बहुत जरूरी है: रद्द करने के बाद भी ऑर्डर सक्रिय दिख रहा है। कृपया इसे जल्दी हल करें।,Hindi,Cancellation Issue,Order Management,Medium,Hindi_Cancellation Issue_09,87,19,train
HGL_0692,Product ki quality bahut poor hai. Please jaldi resolve karo.,Hinglish,Product Issue,Product Support,High,Hinglish_Product Issue_07,61,10,train
HIN_0251,मुझे सहायता चाहिए क्योंकि मेरा ऑर्डर गलत पते पर भेज दिया गया। कृपया इसे जल्दी हल करें।,Hindi,Delivery Issue,Logistics Team,Medium,Hindi_Delivery Issue_07,86,17,train
HGL_0591,"Hello, order cancel karne par extra fee charge hui. Mujhe jaldi update chahiye.",Hinglish,Cancellation Issue,Order Management,Medium,Hinglish_Cancellation Issue_10,79,13,train
HIN_0772,"कृपया मदद करें, मुझे खराब सामान का रिप्लेसमेंट चाहिए।",Hindi,Return/Replacement,Returns Team,Medium,Hindi_Return/Replacement_02,53,9,train
HGL_1043,"Please help, same number se accidentally do accounts create ho gaye. Please jaldi resolve karo.",Hinglish,Account Issue,Account Support,Medium,Hinglish_Account Issue_10,95,15,validation
ENG_1091,I need assistance because my account appears to have been hacked Please resolve this.,English,Fraud/Security,Security Team,Critical,English_Fraud/Security_03,85,14,test
HGL_0473,"Please help, cancel button available nahi hai. Please jaldi resolve karo.",Hinglish,Cancellation Issue,Order Management,Medium,Hinglish_Cancellation Issue_02,73,11,train
HIN_0388,यह बहुत जरूरी है: रिफंड मिलने की समय सीमा निकल चुकी है।,Hindi,Refund Issue,Refund Team,High,Hindi_Refund Issue_06,55,12,train
ENG_1182,I need assistance because a fake customer-care agent requested my bank details I need an update as soon as possible.,English,Fraud/Security,Security Team,Critical,English_Fraud/Security_09,116,20,train
ENG_0594,"Please help, I was charged a fee for cancelling the order I need an update as soon as possible.",English,Cancellation Issue,Order Management,Medium,English_Cancellation Issue_10,95,19,train
ENG_0678,The item arrived with broken parts I need an update as soon as possible.,English,Product Issue,Product Support,High,English_Product Issue_06,72,14,train
ENG_0042,I need assistance because the payment failed but money was taken from my account I need an update as soon as possible.,English,Payment Issue,Payments Team,High,English_Payment Issue_03,118,22,test
HIN_1084,"नमस्ते, मेरा अकाउंट हैक हो गया है।",Hindi,Fraud/Security,Security Team,Critical,Hindi_Fraud/Security_03,34,7,train
HGL_0980,"Hello, main password reset nahi kar pa rahi hoon. Please jaldi resolve karo.",Hinglish,Account Issue,Account Support,Medium,Hinglish_Account Issue_06,76,13,train
HGL_0067,"Please help, checkout fail hua phir bhi amount debit ho gaya.",Hinglish,Payment Issue,Payments Team,High,Hinglish_Payment Issue_05,61,11,test
ENG_0244,"Hello, my order was sent to the wrong address",English,Delivery Issue,Logistics Team,Medium,English_Delivery Issue_07,45,9,train
ENG_1125,This is urgent: my saved card was used without permission I need an update as soon as possible.,English,Fraud/Security,Security Team,Critical,English_Fraud/Security_05,95,18,test
HIN_0114,"कृपया मदद करें, मैं अपने ऑर्डर का पेमेंट पूरा नहीं कर पा रही हूँ। मुझे जल्द से जल्द जानकारी चाहिए।",Hindi,Payment Issue,Payments Team,High,Hindi_Payment Issue_08,98,20,train
HIN_0300,यह बहुत जरूरी है: ट्रैकिंग की जानकारी अपडेट नहीं हो रही है। मुझे जल्द से जल्द जानकारी चाहिए।,Hindi,Delivery Issue,Logistics Team,Medium,Hindi_Delivery Issue_10,92,18,test
HGL_0272,Courier person ne package deliver karne se mana kiya. Please jaldi resolve karo.,Hinglish,Delivery Issue,Logistics Team,Medium,Hinglish_Delivery Issue_09,80,13,train
ENG_0262,"Please help, only part of my order was delivered",English,Delivery Issue,Logistics Team,Medium,English_Delivery Issue_08,48,9,train
HGL_0209,Ye urgent hai: courier person ne mujhse contact nahi kiya. Please jaldi resolve karo.,Hinglish,Delivery Issue,Logistics Team,Medium,Hinglish_Delivery Issue_04,85,14,test
HIN_0800,"नमस्ते, रिटर्न के लिए पिकअप अभी तक नहीं हुआ। कृपया इसे जल्दी हल करें।",Hindi,Return/Replacement,Returns Team,Medium,Hindi_Return/Replacement_04,69,14,validation
HGL_0004,"Hello, payment deduct ho gaya but order confirm nahi hua.",Hinglish,Payment Issue,Payments Team,High,Hinglish_Payment Issue_01,57,10,train
ENG_0835,I need assistance because the replacement order has not been shipped,English,Return/Replacement,Returns Team,Medium,English_Return/Replacement_06,68,11,test
HGL_1048,Ye urgent hai: same number se accidentally do accounts create ho gaye.,Hinglish,Account Issue,Account Support,Medium,Hinglish_Account Issue_10,70,12,validation
HIN_0161,मुझे सहायता चाहिए क्योंकि मेरा ऑर्डर अभी तक नहीं आया है। कृपया इसे जल्दी हल करें।,Hindi,Delivery Issue,Logistics Team,Medium,Hindi_Delivery Issue_01,81,16,train
HGL_0317,Mera refund abhi bhi pending hai. Please jaldi resolve karo.,Hinglish,Refund Issue,Refund Team,High,Hinglish_Refund Issue_02,60,10,train
HIN_0110,"नमस्ते, मैं अपने ऑर्डर का पेमेंट पूरा नहीं कर पा रही हूँ। कृपया इसे जल्दी हल करें।",Hindi,Payment Issue,Payments Team,High,Hindi_Payment Issue_08,82,17,train
ENG_0341,I need assistance because only part of the refund was credited Please resolve this.,English,Refund Issue,Refund Team,High,English_Refund Issue_03,83,14,train
HIN_0334,"नमस्ते, मुझे रिफंड की केवल कुछ राशि मिली है।",Hindi,Refund Issue,Refund Team,High,Hindi_Refund Issue_03,44,9,train
ENG_0749,This is urgent: the package was empty when it arrived Please resolve this.,English,Product Issue,Product Support,High,English_Product Issue_10,74,13,train
HGL_0687,Mujhe help chahiye kyunki item ke parts broken hain. Mujhe jaldi update chahiye.,Hinglish,Product Issue,Product Support,High,Hinglish_Product Issue_06,80,13,train
ENG_0481,My cancellation request keeps failing,English,Cancellation Issue,Order Management,Medium,English_Cancellation Issue_03,37,5,train
HIN_0498,कैंसलेशन के बाद भी ऑर्डर भेज दिया गया। मुझे जल्द से जल्द जानकारी चाहिए।,Hindi,Cancellation Issue,Order Management,Medium,Hindi_Cancellation Issue_04,71,14,train
HIN_0755,"नमस्ते, मैं इस उत्पाद को वापस करना चाहती हूँ। कृपया इसे जल्दी हल करें।",Hindi,Return/Replacement,Returns Team,Medium,Hindi_Return/Replacement_01,70,14,train
HIN_0463,यह बहुत जरूरी है: मैं अपना ऑर्डर रद्द नहीं कर पा रही हूँ।,Hindi,Cancellation Issue,Order Management,Medium,Hindi_Cancellation Issue_01,57,13,validation
ENG_0784,"Hello, the return request is not being accepted",English,Return/Replacement,Returns Team,Medium,English_Return/Replacement_03,47,8,train
HGL_0684,"Please help, item ke parts broken hain. Mujhe jaldi update chahiye.",Hinglish,Product Issue,Product Support,High,Hinglish_Product Issue_06,67,11,train
HGL_1160,"Hello, mujhe payment maangne wala suspicious message mila. Please jaldi resolve karo.",Hinglish,Fraud/Security,Security Team,Critical,Hinglish_Fraud/Security_08,85,12,train
HIN_1160,"नमस्ते, मुझे पेमेंट मांगने वाला संदिग्ध संदेश मिला। कृपया इसे जल्दी हल करें।",Hindi,Fraud/Security,Security Team,Critical,Hindi_Fraud/Security_08,76,13,train
HGL_1144,"Hello, account mein unknown delivery address add hua hai.",Hinglish,Fraud/Security,Security Team,Critical,Hinglish_Fraud/Security_07,57,9,train
HIN_1182,मुझे सहायता चाहिए क्योंकि नकली कस्टमर केयर एजेंट ने बैंक की जानकारी मांगी। मुझे जल्द से जल्द जानकारी चाहिए।,Hindi,Fraud/Security,Security Team,Critical,Hindi_Fraud/Security_09,107,19,train
HIN_1051,मेरे अकाउंट में एक अनजान लेन-देन हुआ है।,Hindi,Fraud/Security,Security Team,Critical,Hindi_Fraud/Security_01,40,8,test
HIN_0212,मेरा पैकेज कई दिनों से एक ही जगह अटका है। कृपया इसे जल्दी हल करें।,Hindi,Delivery Issue,Logistics Team,Medium,Hindi_Delivery Issue_05,66,15,train
HIN_0476,मुझे सहायता चाहिए क्योंकि ऑर्डर रद्द करने का बटन उपलब्ध नहीं है। कृपया इसे जल्दी हल करें।,Hindi,Cancellation Issue,Order Management,Medium,Hindi_Cancellation Issue_02,89,17,test
HIN_1173,नकली कस्टमर केयर एजेंट ने बैंक की जानकारी मांगी। मुझे जल्द से जल्द जानकारी चाहिए।,Hindi,Fraud/Security,Security Team,Critical,Hindi_Fraud/Security_09,81,15,train
HGL_0149,Ye urgent hai: mere order ke liye wrong amount charge hua hai. Please jaldi resolve karo.,Hinglish,Payment Issue,Payments Team,High,Hinglish_Payment Issue_10,89,16,train
HIN_0262,"कृपया मदद करें, मेरे ऑर्डर का केवल एक हिस्सा मिला है।",Hindi,Delivery Issue,Logistics Team,Medium,Hindi_Delivery Issue_08,53,11,train
HIN_0072,मुझे सहायता चाहिए क्योंकि चेकआउट फेल होने के बाद भी राशि डेबिट हो गई। मुझे जल्द से जल्द जानकारी चाहिए।,Hindi,Payment Issue,Payments Team,High,Hindi_Payment Issue_05,102,20,train
HIN_1034,यह बहुत जरूरी है: मेरी ऑर्डर हिस्ट्री दिखाई नहीं दे रही है। कृपया इसे जल्दी हल करें।,Hindi,Account Issue,Account Support,Medium,Hindi_Account Issue_09,84,17,train
ENG_1128,Someone changed my account password I need an update as soon as possible.,English,Fraud/Security,Security Team,Critical,English_Fraud/Security_06,73,13,train
ENG_0627,I need assistance because the item is defective and does not work I need an update as soon as possible.,English,Product Issue,Product Support,High,English_Product Issue_02,103,20,train
ENG_0348,The app says refunded but the money is not in my account I need an update as soon as possible.,English,Refund Issue,Refund Team,High,English_Refund Issue_04,94,20,test
HIN_1098,मुझे ऐसी खरीदारी का ओटीपी मिला जो मैंने नहीं की। मुझे जल्द से जल्द जानकारी चाहिए।,Hindi,Fraud/Security,Security Team,Critical,Hindi_Fraud/Security_04,81,16,validation
HIN_0567,मुझे सहायता चाहिए क्योंकि मैं ऑर्डर में से एक सामान रद्द करना चाहती हूँ। मुझे जल्द से जल्द जानकारी चाहिए।,Hindi,Cancellation Issue,Order Management,Medium,Hindi_Cancellation Issue_08,105,20,train
ENG_0980,"Hello, I forgot my password and cannot reset it Please resolve this.",English,Account Issue,Account Support,Medium,English_Account Issue_06,68,12,train
HGL_0697,"Please help, product ki quality bahut poor hai.",Hinglish,Product Issue,Product Support,High,Hinglish_Product Issue_07,47,8,train
HIN_0393,रिफंड गलत पेमेंट माध्यम में भेज दिया गया। मुझे जल्द से जल्द जानकारी चाहिए।,Hindi,Refund Issue,Refund Team,High,Hindi_Refund Issue_07,74,14,test
ENG_0912,I need assistance because I cannot log in to my account I need an update as soon as possible.,English,Account Issue,Account Support,Medium,English_Account Issue_01,93,19,validation
HIN_1053,मेरे अकाउंट में एक अनजान लेन-देन हुआ है। मुझे जल्द से जल्द जानकारी चाहिए।,Hindi,Fraud/Security,Security Team,Critical,Hindi_Fraud/Security_01,73,14,test
ENG_0633,I received the wrong product I need an update as soon as possible.,English,Product Issue,Product Support,High,English_Product Issue_03,66,13,train
HIN_0232,"कृपया मदद करें, डिलीवरी की तारीख बार-बार बदल रही है।",Hindi,Delivery Issue,Logistics Team,Medium,Hindi_Delivery Issue_06,52,10,train
ENG_0446,I need assistance because my bank has not received the promised refund Please resolve this.,English,Refund Issue,Refund Team,High,English_Refund Issue_10,91,15,train
ENG_0618,The item is defective and does not work I need an update as soon as possible.,English,Product Issue,Product Support,High,English_Product Issue_02,77,16,train
HGL_0658,Ye urgent hai: product description ke according nahi hai.,Hinglish,Product Issue,Product Support,High,Hinglish_Product Issue_04,57,9,train
HIN_0354,"कृपया मदद करें, ऐप में रिफंड दिख रहा है लेकिन खाते में पैसे नहीं आए। मुझे जल्द से जल्द जानकारी चाहिए।",Hindi,Refund Issue,Refund Team,High,Hindi_Refund Issue_04,101,21,test
HIN_0668,"कृपया मदद करें, पैकेज में एक जरूरी सामान गायब है। कृपया इसे जल्दी हल करें।",Hindi,Product Issue,Product Support,High,Hindi_Product Issue_05,74,15,train
HIN_0443,"कृपया मदद करें, मेरे बैंक खाते में रिफंड नहीं आया है। कृपया इसे जल्दी हल करें।",Hindi,Refund Issue,Refund Team,High,Hindi_Refund Issue_10,78,16,train
HGL_0656,Mujhe help chahiye kyunki product description ke according nahi hai. Please jaldi resolve karo.,Hinglish,Product Issue,Product Support,High,Hinglish_Product Issue_04,95,14,train
HIN_0167,ऑर्डर तय तारीख के बाद भी डिलीवर नहीं हुआ। कृपया इसे जल्दी हल करें।,Hindi,Delivery Issue,Logistics Team,Medium,Hindi_Delivery Issue_02,66,14,train
HIN_0585,यह बहुत जरूरी है: रद्द करने के बाद भी ऑर्डर सक्रिय दिख रहा है। मुझे जल्द से जल्द जानकारी चाहिए।,Hindi,Cancellation Issue,Order Management,Medium,Hindi_Cancellation Issue_09,95,20,train
HIN_0612,मुझे सहायता चाहिए क्योंकि मुझे मिला हुआ उत्पाद खराब है। मुझे जल्द से जल्द जानकारी चाहिए।,Hindi,Product Issue,Product Support,High,Hindi_Product Issue_01,88,16,test
ENG_0354,"Please help, the app says refunded but the money is not in my account I need an update as soon as possible.",English,Refund Issue,Refund Team,High,English_Refund Issue_04,107,22,test
HIN_0033,पेमेंट फेल हो गया लेकिन खाते से पैसे कट गए। मुझे जल्द से जल्द जानकारी चाहिए।,Hindi,Payment Issue,Payments Team,High,Hindi_Payment Issue_03,76,16,train
ENG_0614,This is urgent: the product I received is damaged Please resolve this.,English,Product Issue,Product Support,High,English_Product Issue_01,70,12,validation
HGL_0328,Ye urgent hai: mera refund abhi bhi pending hai.,Hinglish,Refund Issue,Refund Team,High,Hinglish_Refund Issue_02,48,9,train
HIN_1119,"कृपया मदद करें, मेरे सेव किए हुए कार्ड का बिना अनुमति उपयोग हुआ। मुझे जल्द से जल्द जानकारी चाहिए।",Hindi,Fraud/Security,Security Team,Critical,Hindi_Fraud/Security_05,97,19,train
HIN_0913,यह बहुत जरूरी है: मैं अपने अकाउंट में लॉग इन नहीं कर पा रही हूँ।,Hindi,Account Issue,Account Support,Medium,Hindi_Account Issue_01,64,15,test
HIN_0741,"नमस्ते, मुझे खाली पैकेज मिला है। मुझे जल्द से जल्द जानकारी चाहिए।",Hindi,Product Issue,Product Support,High,Hindi_Product Issue_10,65,12,test
HIN_1080,यह बहुत जरूरी है: किसी ने मेरे अकाउंट से ऑर्डर किया है। मुझे जल्द से जल्द जानकारी चाहिए।,Hindi,Fraud/Security,Security Team,Critical,Hindi_Fraud/Security_02,88,18,test
HGL_0982,"Please help, main password reset nahi kar pa rahi hoon.",Hinglish,Account Issue,Account Support,Medium,Hinglish_Account Issue_06,55,10,train
ENG_0058,This is urgent: my card payment is stuck in processing,English,Payment Issue,Payments Team,High,English_Payment Issue_04,54,10,validation
HGL_0992,App mujhe baar baar logout kar raha hai. Please jaldi resolve karo.,Hinglish,Account Issue,Account Support,Medium,Hinglish_Account Issue_07,67,12,train
HGL_0778,Ye urgent hai: damaged item ka replacement chahiye.,Hinglish,Return/Replacement,Returns Team,Medium,Hinglish_Return/Replacement_02,51,8,train
HGL_0235,Mujhe help chahiye kyunki delivery date baar baar change ho rahi hai.,Hinglish,Delivery Issue,Logistics Team,Medium,Hinglish_Delivery Issue_06,69,12,test
HIN_0054,"कृपया मदद करें, मेरा कार्ड पेमेंट प्रोसेसिंग में अटका हुआ है। मुझे जल्द से जल्द जानकारी चाहिए।",Hindi,Payment Issue,Payments Team,High,Hindi_Payment Issue_04,94,17,train
HGL_0602,Mujhe damaged product mila hai. Please jaldi resolve karo.,Hinglish,Product Issue,Product Support,High,Hinglish_Product Issue_01,58,9,train
HIN_1061,मुझे सहायता चाहिए क्योंकि मेरे अकाउंट में एक अनजान लेन-देन हुआ है। कृपया इसे जल्दी हल करें।,Hindi,Fraud/Security,Security Team,Critical,Hindi_Fraud/Security_01,91,17,test
HIN_0904,"नमस्ते, मैं अपने अकाउंट में लॉग इन नहीं कर पा रही हूँ।",Hindi,Account Issue,Account Support,Medium,Hindi_Account Issue_01,54,12,test
HIN_0723,उत्पाद का आकार या रंग मेरे ऑर्डर से अलग है। मुझे जल्द से जल्द जानकारी चाहिए।,Hindi,Product Issue,Product Support,High,Hindi_Product Issue_09,76,16,train
HIN_0359,यह बहुत जरूरी है: ऐप में रिफंड दिख रहा है लेकिन खाते में पैसे नहीं आए। कृपया इसे जल्दी हल करें।,Hindi,Refund Issue,Refund Team,High,Hindi_Refund Issue_04,95,21,test
HIN_1121,मुझे सहायता चाहिए क्योंकि मेरे सेव किए हुए कार्ड का बिना अनुमति उपयोग हुआ। कृपया इसे जल्दी हल करें।,Hindi,Fraud/Security,Security Team,Critical,Hindi_Fraud/Security_05,99,19,train
HIN_0298,यह बहुत जरूरी है: ट्रैकिंग की जानकारी अपडेट नहीं हो रही है।,Hindi,Delivery Issue,Logistics Team,Medium,Hindi_Delivery Issue_10,59,12,test
ENG_0561,"Hello, I want to cancel one item from my order I need an update as soon as possible.",English,Cancellation Issue,Order Management,Medium,English_Cancellation Issue_08,84,18,train
ENG_0708,I received an expired product I need an update as soon as possible.,English,Product Issue,Product Support,High,English_Product Issue_08,67,13,train
HGL_0573,Cancel karne ke baad bhi order active dikha raha hai. Mujhe jaldi update chahiye.,Hinglish,Cancellation Issue,Order Management,Medium,Hinglish_Cancellation Issue_09,81,14,train
ENG_0425,"Hello, the refund status has not changed for several days Please resolve this.",English,Refund Issue,Refund Team,High,English_Refund Issue_09,78,13,train
ENG_1094,This is urgent: my account appears to have been hacked Please resolve this.,English,Fraud/Security,Security Team,Critical,English_Fraud/Security_03,75,13,test
ENG_0648,The product does not match its description I need an update as soon as possible.,English,Product Issue,Product Support,High,English_Product Issue_04,80,15,train
ENG_0073,This is urgent: the amount was debited even though checkout failed,English,Payment Issue,Payments Team,High,English_Payment Issue_05,66,11,train
HGL_0901,Main apne account mein login nahi kar pa rahi hoon.,Hinglish,Account Issue,Account Support,Medium,Hinglish_Account Issue_01,51,10,train
HIN_0346,ऐप में रिफंड दिख रहा है लेकिन खाते में पैसे नहीं आए।,Hindi,Refund Issue,Refund Team,High,Hindi_Refund Issue_04,52,12,test
HIN_0213,मेरा पैकेज कई दिनों से एक ही जगह अटका है। मुझे जल्द से जल्द जानकारी चाहिए।,Hindi,Delivery Issue,Logistics Team,Medium,Hindi_Delivery Issue_05,74,16,train
ENG_1006,I cannot change the email linked to my account,English,Account Issue,Account Support,Medium,English_Account Issue_08,46,9,test
ENG_0621,"Hello, the item is defective and does not work I need an update as soon as possible.",English,Product Issue,Product Support,High,English_Product Issue_02,84,17,train
HIN_0788,"कृपया मदद करें, मेरा रिटर्न अनुरोध स्वीकार नहीं हो रहा है। कृपया इसे जल्दी हल करें।",Hindi,Return/Replacement,Returns Team,Medium,Hindi_Return/Replacement_03,83,16,train
HIN_0838,यह बहुत जरूरी है: रिप्लेसमेंट ऑर्डर अभी तक भेजा नहीं गया।,Hindi,Return/Replacement,Returns Team,Medium,Hindi_Return/Replacement_06,57,11,train
ENG_0554,This is urgent: the app is not showing the cancellation option Please resolve this.,English,Cancellation Issue,Order Management,Medium,English_Cancellation Issue_07,83,14,test
HIN_0318,मेरा रिफंड अभी भी पेंडिंग है। मुझे जल्द से जल्द जानकारी चाहिए।,Hindi,Refund Issue,Refund Team,High,Hindi_Refund Issue_02,62,12,train
HIN_0352,"कृपया मदद करें, ऐप में रिफंड दिख रहा है लेकिन खाते में पैसे नहीं आए।",Hindi,Refund Issue,Refund Team,High,Hindi_Refund Issue_04,68,15,test
HGL_0794,Ye urgent hai: meri return request accept nahi ho rahi. Please jaldi resolve karo.,Hinglish,Return/Replacement,Returns Team,Medium,Hinglish_Return/Replacement_03,82,14,train
HGL_0189,"Please help, tracking delivered dikha raha hai but package nahi mila. Mujhe jaldi update chahiye.",Hinglish,Delivery Issue,Logistics Team,Medium,Hinglish_Delivery Issue_03,97,15,validation
HIN_1104,"कृपया मदद करें, मुझे ऐसी खरीदारी का ओटीपी मिला जो मैंने नहीं की। मुझे जल्द से जल्द जानकारी चाहिए।",Hindi,Fraud/Security,Security Team,Critical,Hindi_Fraud/Security_04,97,19,validation
ENG_0999,"Please help, the app logs me out repeatedly I need an update as soon as possible.",English,Account Issue,Account Support,Medium,English_Account Issue_07,81,16,test
HIN_0576,"नमस्ते, रद्द करने के बाद भी ऑर्डर सक्रिय दिख रहा है। मुझे जल्द से जल्द जानकारी चाहिए।",Hindi,Cancellation Issue,Order Management,Medium,Hindi_Cancellation Issue_09,85,17,train
HIN_0684,"कृपया मदद करें, उत्पाद के कुछ हिस्से टूटे हुए हैं। मुझे जल्द से जल्द जानकारी चाहिए।",Hindi,Product Issue,Product Support,High,Hindi_Product Issue_06,83,16,train
HIN_0829,"नमस्ते, रिप्लेसमेंट ऑर्डर अभी तक भेजा नहीं गया।",Hindi,Return/Replacement,Returns Team,Medium,Hindi_Return/Replacement_06,47,8,train
HGL_0892,"Please help, meri return request bina reason cancel ho gayi.",Hinglish,Return/Replacement,Returns Team,Medium,Hinglish_Return/Replacement_10,60,10,train
HIN_0651,"नमस्ते, उत्पाद उसके विवरण से मेल नहीं खाता। मुझे जल्द से जल्द जानकारी चाहिए।",Hindi,Product Issue,Product Support,High,Hindi_Product Issue_04,76,14,train
HGL_1180,Mujhe help chahiye kyunki fake customer care agent ne bank details maangi.,Hinglish,Fraud/Security,Security Team,Critical,Hinglish_Fraud/Security_09,74,12,train
HIN_0892,"कृपया मदद करें, मेरा रिटर्न अनुरोध बिना कारण रद्द कर दिया गया।",Hindi,Return/Replacement,Returns Team,Medium,Hindi_Return/Replacement_10,62,12,train
HGL_0081,"Hello, UPI payment successful tha but order place nahi hua. Mujhe jaldi update chahiye.",Hinglish,Payment Issue,Payments Team,High,Hinglish_Payment Issue_06,87,14,train
ENG_0441,"Hello, my bank has not received the promised refund I need an update as soon as possible.",English,Refund Issue,Refund Team,High,English_Refund Issue_10,89,17,train
ENG_0509,This is urgent: the order was shipped after I requested cancellation Please resolve this.,English,Cancellation Issue,Order Management,Medium,English_Cancellation Issue_04,89,14,test
ENG_1101,"Hello, I received an OTP for a purchase I did not make I need an update as soon as possible.",English,Fraud/Security,Security Team,Critical,English_Fraud/Security_04,92,20,train
ENG_0590,"Hello, I was charged a fee for cancelling the order Please resolve this.",English,Cancellation Issue,Order Management,Medium,English_Cancellation Issue_10,72,13,train
HIN_0410,"नमस्ते, मुझे अपेक्षा से कम रिफंड मिला। कृपया इसे जल्दी हल करें।",Hindi,Refund Issue,Refund Team,High,Hindi_Refund Issue_08,63,12,train
ENG_0650,"Hello, the product does not match its description Please resolve this.",English,Product Issue,Product Support,High,English_Product Issue_04,70,11,train
HGL_0879,"Please help, mujhe wrong replacement product mila. Mujhe jaldi update chahiye.",Hinglish,Return/Replacement,Returns Team,Medium,Hinglish_Return/Replacement_09,78,11,train
HIN_0894,"कृपया मदद करें, मेरा रिटर्न अनुरोध बिना कारण रद्द कर दिया गया। मुझे जल्द से जल्द जानकारी चाहिए।",Hindi,Return/Replacement,Returns Team,Medium,Hindi_Return/Replacement_10,95,18,train
HGL_1070,"Hello, kisi ne mere account se order place kiya. Please jaldi resolve karo.",Hinglish,Fraud/Security,Security Team,Critical,Hinglish_Fraud/Security_02,75,13,train
HGL_0877,"Please help, mujhe wrong replacement product mila.",Hinglish,Return/Replacement,Returns Team,Medium,Hinglish_Return/Replacement_09,50,7,train
HIN_0538,यह बहुत जरूरी है: विक्रेता ने मेरा कैंसलेशन अनुरोध अस्वीकार कर दिया।,Hindi,Cancellation Issue,Order Management,Medium,Hindi_Cancellation Issue_06,68,12,train
ENG_0661,An accessory is missing from the package,English,Product Issue,Product Support,High,English_Product Issue_05,40,7,train
ENG_0631,I received the wrong product,English,Product Issue,Product Support,High,English_Product Issue_03,28,5,train
HIN_0621,"नमस्ते, सामान काम नहीं कर रहा है। मुझे जल्द से जल्द जानकारी चाहिए।",Hindi,Product Issue,Product Support,High,Hindi_Product Issue_02,66,13,train
HIN_0050,"नमस्ते, मेरा कार्ड पेमेंट प्रोसेसिंग में अटका हुआ है। कृपया इसे जल्दी हल करें।",Hindi,Payment Issue,Payments Team,High,Hindi_Payment Issue_04,78,14,train
HIN_0223,यह बहुत जरूरी है: मेरा पैकेज कई दिनों से एक ही जगह अटका है।,Hindi,Delivery Issue,Logistics Team,Medium,Hindi_Delivery Issue_05,59,14,train
ENG_0483,My cancellation request keeps failing I need an update as soon as possible.,English,Cancellation Issue,Order Management,Medium,English_Cancellation Issue_03,75,13,train
HIN_0422,कई दिनों से रिफंड की स्थिति नहीं बदली है। कृपया इसे जल्दी हल करें।,Hindi,Refund Issue,Refund Team,High,Hindi_Refund Issue_09,66,14,validation
HGL_0670,Mujhe help chahiye kyunki package mein ek accessory missing hai.,Hinglish,Product Issue,Product Support,High,Hinglish_Product Issue_05,64,10,train
HIN_0389,यह बहुत जरूरी है: रिफंड मिलने की समय सीमा निकल चुकी है। कृपया इसे जल्दी हल करें।,Hindi,Refund Issue,Refund Team,High,Hindi_Refund Issue_06,80,17,train
HGL_0106,Main apne order ka payment complete nahi kar pa rahi hoon.,Hinglish,Payment Issue,Payments Team,High,Hinglish_Payment Issue_08,58,11,train
HGL_0575,"Hello, cancel karne ke baad bhi order active dikha raha hai. Please jaldi resolve karo.",Hinglish,Cancellation Issue,Order Management,Medium,Hinglish_Cancellation Issue_09,87,15,train
HIN_1143,मेरे अकाउंट में एक अनजान डिलीवरी पता दिखाई दे रहा है। मुझे जल्द से जल्द जानकारी चाहिए।,Hindi,Fraud/Security,Security Team,Critical,Hindi_Fraud/Security_07,86,17,train
ENG_0857,The courier refused to collect my return Please resolve this.,English,Return/Replacement,Returns Team,Medium,English_Return/Replacement_08,61,10,train
HIN_0026,मुझे सहायता चाहिए क्योंकि एक ही ऑर्डर के लिए दो बार पैसे कट गए। कृपया इसे जल्दी हल करें।,Hindi,Payment Issue,Payments Team,High,Hindi_Payment Issue_02,88,19,train
ENG_1191,"Hello, there are multiple unauthorised purchases on my account I need an update as soon as possible.",English,Fraud/Security,Security Team,Critical,English_Fraud/Security_10,100,17,train
HGL_1151,Mujhe help chahiye kyunki account mein unknown delivery address add hua hai. Please jaldi resolve karo.,Hinglish,Fraud/Security,Security Team,Critical,Hinglish_Fraud/Security_07,103,16,train
ENG_0531,"Hello, the seller rejected my cancellation request I need an update as soon as possible.",English,Cancellation Issue,Order Management,Medium,English_Cancellation Issue_06,88,15,validation
HGL_0007,"Please help, payment deduct ho gaya but order confirm nahi hua.",Hinglish,Payment Issue,Payments Team,High,Hinglish_Payment Issue_01,63,11,train
ENG_0050,"Hello, my card payment is stuck in processing Please resolve this.",English,Payment Issue,Payments Team,High,English_Payment Issue_04,66,11,validation
HGL_0671,Mujhe help chahiye kyunki package mein ek accessory missing hai. Please jaldi resolve karo.,Hinglish,Product Issue,Product Support,High,Hinglish_Product Issue_05,91,14,train
ENG_0859,"Hello, the courier refused to collect my return",English,Return/Replacement,Returns Team,Medium,English_Return/Replacement_08,47,8,train
HIN_0276,"नमस्ते, कूरियर वाले ने पैकेज देने से मना कर दिया। मुझे जल्द से जल्द जानकारी चाहिए।",Hindi,Delivery Issue,Logistics Team,Medium,Hindi_Delivery Issue_09,82,16,validation
ENG_1073,"Please help, someone placed an order using my account Please resolve this.",English,Fraud/Security,Security Team,Critical,English_Fraud/Security_02,74,12,train
ENG_0720,This is urgent: I received an expired product I need an update as soon as possible.,English,Product Issue,Product Support,High,English_Product Issue_08,83,16,train
HIN_0604,"नमस्ते, मुझे मिला हुआ उत्पाद खराब है।",Hindi,Product Issue,Product Support,High,Hindi_Product Issue_01,37,7,test
HIN_1149,"कृपया मदद करें, मेरे अकाउंट में एक अनजान डिलीवरी पता दिखाई दे रहा है। मुझे जल्द से जल्द जानकारी चाहिए।",Hindi,Fraud/Security,Security Team,Critical,Hindi_Fraud/Security_07,102,20,train
HGL_0299,Ye urgent hai: tracking information update nahi ho rahi hai. Please jaldi resolve karo.,Hinglish,Delivery Issue,Logistics Team,Medium,Hinglish_Delivery Issue_10,87,14,train
HGL_0498,Cancel karne ke baad bhi order ship ho gaya. Mujhe jaldi update chahiye.,Hinglish,Cancellation Issue,Order Management,Medium,Hinglish_Cancellation Issue_04,72,13,train
HGL_1153,Ye urgent hai: account mein unknown delivery address add hua hai.,Hinglish,Fraud/Security,Security Team,Critical,Hinglish_Fraud/Security_07,65,11,train
HGL_1125,Ye urgent hai: mere saved card ko bina permission use kiya gaya. Mujhe jaldi update chahiye.,Hinglish,Fraud/Security,Security Team,Critical,Hinglish_Fraud/Security_05,92,16,train
HIN_0670,मुझे सहायता चाहिए क्योंकि पैकेज में एक जरूरी सामान गायब है।,Hindi,Product Issue,Product Support,High,Hindi_Product Issue_05,59,11,train
HGL_0277,"Please help, courier person ne package deliver karne se mana kiya.",Hinglish,Delivery Issue,Logistics Team,Medium,Hinglish_Delivery Issue_09,66,11,train
HIN_0333,मुझे रिफंड की केवल कुछ राशि मिली है। मुझे जल्द से जल्द जानकारी चाहिए।,Hindi,Refund Issue,Refund Team,High,Hindi_Refund Issue_03,69,14,train
HIN_0665,"नमस्ते, पैकेज में एक जरूरी सामान गायब है। कृपया इसे जल्दी हल करें।",Hindi,Product Issue,Product Support,High,Hindi_Product Issue_05,66,13,train
HGL_0841,Return window galat closed show ho rahi hai.,Hinglish,Return/Replacement,Returns Team,Medium,Hinglish_Return/Replacement_07,44,8,test
HGL_0075,Ye urgent hai: checkout fail hua phir bhi amount debit ho gaya. Mujhe jaldi update chahiye.,Hinglish,Payment Issue,Payments Team,High,Hinglish_Payment Issue_05,91,16,test
HIN_0599,यह बहुत जरूरी है: ऑर्डर रद्द करने पर मुझसे शुल्क लिया गया। कृपया इसे जल्दी हल करें।,Hindi,Cancellation Issue,Order Management,Medium,Hindi_Cancellation Issue_10,83,17,train
HIN_0245,"नमस्ते, मेरा ऑर्डर गलत पते पर भेज दिया गया। कृपया इसे जल्दी हल करें।",Hindi,Delivery Issue,Logistics Team,Medium,Hindi_Delivery Issue_07,68,14,train
HIN_0845,"नमस्ते, रिटर्न की समय सीमा गलत तरीके से बंद दिखाई जा रही है। कृपया इसे जल्दी हल करें।",Hindi,Return/Replacement,Returns Team,Medium,Hindi_Return/Replacement_07,85,18,test
HGL_0171,"Hello, promised date ke baad bhi package nahi aaya. Mujhe jaldi update chahiye.",Hinglish,Delivery Issue,Logistics Team,Medium,Hinglish_Delivery Issue_02,79,13,train
HIN_0186,"नमस्ते, ट्रैकिंग में डिलीवर दिख रहा है लेकिन पैकेज नहीं मिला। मुझे जल्द से जल्द जानकारी चाहिए।",Hindi,Delivery Issue,Logistics Team,Medium,Hindi_Delivery Issue_03,94,17,train
HIN_0200,"नमस्ते, कूरियर वाले ने मुझसे संपर्क नहीं किया। कृपया इसे जल्दी हल करें।",Hindi,Delivery Issue,Logistics Team,Medium,Hindi_Delivery Issue_04,71,13,test
ENG_1196,I need assistance because there are multiple unauthorised purchases on my account Please resolve this.,English,Fraud/Security,Security Team,Critical,English_Fraud/Security_10,102,15,train
HGL_0989,Ye urgent hai: main password reset nahi kar pa rahi hoon. Please jaldi resolve karo.,Hinglish,Account Issue,Account Support,Medium,Hinglish_Account Issue_06,84,15,train
HGL_0077,UPI payment successful tha but order place nahi hua. Please jaldi resolve karo.,Hinglish,Payment Issue,Payments Team,High,Hinglish_Payment Issue_06,79,13,train
HGL_0750,Ye urgent hai: delivery mein empty package mila hai. Mujhe jaldi update chahiye.,Hinglish,Product Issue,Product Support,High,Hinglish_Product Issue_10,80,13,train
HGL_0068,"Please help, checkout fail hua phir bhi amount debit ho gaya. Please jaldi resolve karo.",Hinglish,Payment Issue,Payments Team,High,Hinglish_Payment Issue_05,88,15,test
ENG_0298,This is urgent: the tracking information has not been updated,English,Delivery Issue,Logistics Team,Medium,English_Delivery Issue_10,61,10,train
HIN_0528,विक्रेता ने मेरा कैंसलेशन अनुरोध अस्वीकार कर दिया। मुझे जल्द से जल्द जानकारी चाहिए।,Hindi,Cancellation Issue,Order Management,Medium,Hindi_Cancellation Issue_06,83,14,train
HIN_0065,"नमस्ते, चेकआउट फेल होने के बाद भी राशि डेबिट हो गई। कृपया इसे जल्दी हल करें।",Hindi,Payment Issue,Payments Team,High,Hindi_Payment Issue_05,76,16,train
HGL_0908,"Please help, main apne account mein login nahi kar pa rahi hoon. Please jaldi resolve karo.",Hinglish,Account Issue,Account Support,Medium,Hinglish_Account Issue_01,91,16,train
ENG_0959,This is urgent: I cannot update my phone number Please resolve this.,English,Account Issue,Account Support,Medium,English_Account Issue_04,68,12,train
HIN_0521,मुझे सहायता चाहिए क्योंकि गलती से किया गया ऑर्डर रद्द करना है। कृपया इसे जल्दी हल करें।,Hindi,Cancellation Issue,Order Management,Medium,Hindi_Cancellation Issue_05,87,17,train
HIN_0555,यह बहुत जरूरी है: ऐप में कैंसलेशन का विकल्प नहीं दिख रहा है। मुझे जल्द से जल्द जानकारी चाहिए।,Hindi,Cancellation Issue,Order Management,Medium,Hindi_Cancellation Issue_07,93,19,test
HIN_0679,"नमस्ते, उत्पाद के कुछ हिस्से टूटे हुए हैं।",Hindi,Product Issue,Product Support,High,Hindi_Product Issue_06,42,8,train
HGL_0321,"Hello, mera refund abhi bhi pending hai. Mujhe jaldi update chahiye.",Hinglish,Refund Issue,Refund Team,High,Hinglish_Refund Issue_02,68,11,train
HIN_0175,मुझे सहायता चाहिए क्योंकि ऑर्डर तय तारीख के बाद भी डिलीवर नहीं हुआ।,Hindi,Delivery Issue,Logistics Team,Medium,Hindi_Delivery Issue_02,67,13,train
HIN_0087,मुझे सहायता चाहिए क्योंकि यूपीआई पेमेंट सफल हुआ लेकिन ऑर्डर प्लेस नहीं हुआ। मुझे जल्द से जल्द जानकारी चाहिए।,Hindi,Payment Issue,Payments Team,High,Hindi_Payment Issue_06,108,19,train
ENG_0350,"Hello, the app says refunded but the money is not in my account Please resolve this.",English,Refund Issue,Refund Team,High,English_Refund Issue_04,84,16,test
HIN_0169,"नमस्ते, ऑर्डर तय तारीख के बाद भी डिलीवर नहीं हुआ।",Hindi,Delivery Issue,Logistics Team,Medium,Hindi_Delivery Issue_02,49,10,train
HIN_0968,"कृपया मदद करें, मेरा सेव किया हुआ पता गायब हो गया है। कृपया इसे जल्दी हल करें।",Hindi,Account Issue,Account Support,Medium,Hindi_Account Issue_05,78,17,train
ENG_0644,This is urgent: I received the wrong product Please resolve this.,English,Product Issue,Product Support,High,English_Product Issue_03,65,11,train
HGL_0629,Ye urgent hai: item defective hai aur work nahi kar raha. Please jaldi resolve karo.,Hinglish,Product Issue,Product Support,High,Hinglish_Product Issue_02,84,15,test
HIN_0472,"कृपया मदद करें, ऑर्डर रद्द करने का बटन उपलब्ध नहीं है।",Hindi,Cancellation Issue,Order Management,Medium,Hindi_Cancellation Issue_02,54,11,test
ENG_0670,I need assistance because an accessory is missing from the package,English,Product Issue,Product Support,High,English_Product Issue_05,66,11,train
HIN_1016,मुझे सहायता चाहिए क्योंकि मैं अकाउंट से जुड़ा ईमेल नहीं बदल पा रही हूँ। कृपया इसे जल्दी हल करें।,Hindi,Account Issue,Account Support,Medium,Hindi_Account Issue_08,96,19,test
HGL_0884,Ye urgent hai: mujhe wrong replacement product mila. Please jaldi resolve karo.,Hinglish,Return/Replacement,Returns Team,Medium,Hinglish_Return/Replacement_09,79,12,train
HGL_1078,Ye urgent hai: kisi ne mere account se order place kiya.,Hinglish,Fraud/Security,Security Team,Critical,Hinglish_Fraud/Security_02,56,11,train
ENG_1180,I need assistance because a fake customer-care agent requested my bank details,English,Fraud/Security,Security Team,Critical,English_Fraud/Security_09,78,12,train
HIN_1047,मुझे सहायता चाहिए क्योंकि एक ही नंबर से गलती से दो अकाउंट बन गए हैं। मुझे जल्द से जल्द जानकारी चाहिए।,Hindi,Account Issue,Account Support,Medium,Hindi_Account Issue_10,101,21,train
HGL_0594,"Please help, order cancel karne par extra fee charge hui. Mujhe jaldi update chahiye.",Hinglish,Cancellation Issue,Order Management,Medium,Hinglish_Cancellation Issue_10,85,14,train
HGL_0522,Mujhe help chahiye kyunki galti se order place hua aur mujhe cancel karna hai. Mujhe jaldi update chahiye.,Hinglish,Cancellation Issue,Order Management,Medium,Hinglish_Cancellation Issue_05,106,18,test
HIN_0817,"कृपया मदद करें, मैं सामान को दूसरे आकार से बदलना चाहती हूँ।",Hindi,Return/Replacement,Returns Team,Medium,Hindi_Return/Replacement_05,59,12,test
HGL_0117,Mujhe help chahiye kyunki main apne order ka payment complete nahi kar pa rahi hoon. Mujhe jaldi update chahiye.,Hinglish,Payment Issue,Payments Team,High,Hinglish_Payment Issue_08,112,19,train
HIN_0158,"कृपया मदद करें, मेरा ऑर्डर अभी तक नहीं आया है। कृपया इसे जल्दी हल करें।",Hindi,Delivery Issue,Logistics Team,Medium,Hindi_Delivery Issue_01,71,15,train
ENG_0787,"Please help, the return request is not being accepted",English,Return/Replacement,Returns Team,Medium,English_Return/Replacement_03,53,9,train
HGL_0828,Replacement order abhi tak ship nahi hua. Mujhe jaldi update chahiye.,Hinglish,Return/Replacement,Returns Team,Medium,Hinglish_Return/Replacement_06,69,11,train
ENG_0141,"Hello, the wrong amount was charged for my purchase I need an update as soon as possible.",English,Payment Issue,Payments Team,High,English_Payment Issue_10,89,17,train
ENG_0789,"Please help, the return request is not being accepted I need an update as soon as possible.",English,Return/Replacement,Returns Team,Medium,English_Return/Replacement_03,91,17,train
ENG_0324,"Please help, the refund is still pending I need an update as soon as possible.",English,Refund Issue,Refund Team,High,English_Refund Issue_02,78,15,validation
HGL_0038,"Please help, payment fail hua but account se money deduct ho gayi. Please jaldi resolve karo.",Hinglish,Payment Issue,Payments Team,High,Hinglish_Payment Issue_03,93,16,train
ENG_0715,I need assistance because I received an expired product,English,Product Issue,Product Support,High,English_Product Issue_08,55,9,train
HGL_0136,Mere order ke liye wrong amount charge hua hai.,Hinglish,Payment Issue,Payments Team,High,Hinglish_Payment Issue_10,47,9,train
HGL_1082,Lagta hai mera account hack ho gaya hai. Please jaldi resolve karo.,Hinglish,Fraud/Security,Security Team,Critical,Hinglish_Fraud/Security_03,67,12,test
HGL_0923,"Please help, mujhe login OTP receive nahi ho raha. Please jaldi resolve karo.",Hinglish,Account Issue,Account Support,Medium,Hinglish_Account Issue_02,77,13,test
HIN_0503,"कृपया मदद करें, कैंसलेशन के बाद भी ऑर्डर भेज दिया गया। कृपया इसे जल्दी हल करें।",Hindi,Cancellation Issue,Order Management,Medium,Hindi_Cancellation Issue_04,79,16,train
HGL_0631,Mujhe wrong product deliver hua.,Hinglish,Product Issue,Product Support,High,Hinglish_Product Issue_03,32,5,validation
HIN_1157,मुझे पेमेंट मांगने वाला संदिग्ध संदेश मिला। कृपया इसे जल्दी हल करें।,Hindi,Fraud/Security,Security Team,Critical,Hindi_Fraud/Security_08,68,12,train
ENG_0619,"Hello, the item is defective and does not work",English,Product Issue,Product Support,High,English_Product Issue_02,46,9,train
ENG_0407,I received a smaller refund than expected Please resolve this.,English,Refund Issue,Refund Team,High,English_Refund Issue_08,62,10,test
HIN_0485,"नमस्ते, कैंसलेशन अनुरोध बार-बार फेल हो रहा है। कृपया इसे जल्दी हल करें।",Hindi,Cancellation Issue,Order Management,Medium,Hindi_Cancellation Issue_03,71,13,train
HIN_0468,ऑर्डर रद्द करने का बटन उपलब्ध नहीं है। मुझे जल्द से जल्द जानकारी चाहिए।,Hindi,Cancellation Issue,Order Management,Medium,Hindi_Cancellation Issue_02,71,14,test
HGL_0569,Ye urgent hai: mujhe order ka ek item cancel karna hai. Please jaldi resolve karo.,Hinglish,Cancellation Issue,Order Management,Medium,Hinglish_Cancellation Issue_08,82,15,train
HIN_0545,"नमस्ते, ऐप में कैंसलेशन का विकल्प नहीं दिख रहा है। कृपया इसे जल्दी हल करें।",Hindi,Cancellation Issue,Order Management,Medium,Hindi_Cancellation Issue_07,75,15,test
HGL_1050,Ye urgent hai: same number se accidentally do accounts create ho gaye. Mujhe jaldi update chahiye.,Hinglish,Account Issue,Account Support,Medium,Hinglish_Account Issue_10,98,16,validation
ENG_0498,The order was shipped after I requested cancellation I need an update as soon as possible.,English,Cancellation Issue,Order Management,Medium,English_Cancellation Issue_04,90,16,test
HIN_0816,"नमस्ते, मैं सामान को दूसरे आकार से बदलना चाहती हूँ। मुझे जल्द से जल्द जानकारी चाहिए।",Hindi,Return/Replacement,Returns Team,Medium,Hindi_Return/Replacement_05,84,16,test
ENG_0343,This is urgent: only part of the refund was credited,English,Refund Issue,Refund Team,High,English_Refund Issue_03,52,10,train
HIN_1134,"कृपया मदद करें, किसी ने मेरे अकाउंट का पासवर्ड बदल दिया। मुझे जल्द से जल्द जानकारी चाहिए।",Hindi,Fraud/Security,Security Team,Critical,Hindi_Fraud/Security_06,89,17,train
HGL_0849,"Please help, return window galat closed show ho rahi hai. Mujhe jaldi update chahiye.",Hinglish,Return/Replacement,Returns Team,Medium,Hinglish_Return/Replacement_07,85,14,test
ENG_0783,The return request is not being accepted I need an update as soon as possible.,English,Return/Replacement,Returns Team,Medium,English_Return/Replacement_03,78,15,train
HIN_0124,"नमस्ते, चेकआउट के समय पेमेंट पेज बार-बार फेल हो रहा है।",Hindi,Payment Issue,Payments Team,High,Hindi_Payment Issue_09,55,11,test
HIN_1085,"नमस्ते, मेरा अकाउंट हैक हो गया है। कृपया इसे जल्दी हल करें।",Hindi,Fraud/Security,Security Team,Critical,Hindi_Fraud/Security_03,59,12,train
HGL_0071,Mujhe help chahiye kyunki checkout fail hua phir bhi amount debit ho gaya. Please jaldi resolve karo.,Hinglish,Payment Issue,Payments Team,High,Hinglish_Payment Issue_05,101,17,test
ENG_0304,"Hello, I cancelled my order but have not received the refund",English,Refund Issue,Refund Team,High,English_Refund Issue_01,60,11,train
HGL_0537,Mujhe help chahiye kyunki seller ne meri cancellation request reject kar di. Mujhe jaldi update chahiye.,Hinglish,Cancellation Issue,Order Management,Medium,Hinglish_Cancellation Issue_06,104,16,validation
HGL_0153,Mera order abhi tak deliver nahi hua. Mujhe jaldi update chahiye.,Hinglish,Delivery Issue,Logistics Team,Medium,Hinglish_Delivery Issue_01,65,11,train
ENG_0665,"Hello, an accessory is missing from the package Please resolve this.",English,Product Issue,Product Support,High,English_Product Issue_05,68,11,train
ENG_1178,"Please help, a fake customer-care agent requested my bank details Please resolve this.",English,Fraud/Security,Security Team,Critical,English_Fraud/Security_09,86,13,train
HIN_0045,यह बहुत जरूरी है: पेमेंट फेल हो गया लेकिन खाते से पैसे कट गए। मुझे जल्द से जल्द जानकारी चाहिए।,Hindi,Payment Issue,Payments Team,High,Hindi_Payment Issue_03,94,20,train
HGL_0730,Mujhe help chahiye kyunki product ka size ya colour order se different hai.,Hinglish,Product Issue,Product Support,High,Hinglish_Product Issue_09,75,13,train
HGL_0247,"Please help, mera order wrong address par deliver hua.",Hinglish,Delivery Issue,Logistics Team,Medium,Hinglish_Delivery Issue_07,54,9,train
HGL_0323,"Please help, mera refund abhi bhi pending hai. Please jaldi resolve karo.",Hinglish,Refund Issue,Refund Team,High,Hinglish_Refund Issue_02,73,12,train
HGL_0810,Ye urgent hai: return pickup abhi tak nahi hua. Mujhe jaldi update chahiye.,Hinglish,Return/Replacement,Returns Team,Medium,Hinglish_Return/Replacement_04,75,13,validation
HIN_1145,"नमस्ते, मेरे अकाउंट में एक अनजान डिलीवरी पता दिखाई दे रहा है। कृपया इसे जल्दी हल करें।",Hindi,Fraud/Security,Security Team,Critical,Hindi_Fraud/Security_07,86,17,train
ENG_0085,I need assistance because the UPI transaction succeeded but the order was not placed,English,Payment Issue,Payments Team,High,English_Payment Issue_06,84,14,train
HGL_0257,Mere order ka sirf ek part deliver hua. Please jaldi resolve karo.,Hinglish,Delivery Issue,Logistics Team,Medium,Hinglish_Delivery Issue_08,66,12,train
ENG_0942,I need assistance because my account has been locked I need an update as soon as possible.,English,Account Issue,Account Support,Medium,English_Account Issue_03,90,17,train
ENG_0962,My saved address has disappeared Please resolve this.,English,Account Issue,Account Support,Medium,English_Account Issue_05,53,8,train
ENG_0842,The return window is incorrectly shown as closed Please resolve this.,English,Return/Replacement,Returns Team,Medium,English_Return/Replacement_07,69,11,test
HIN_0739,"नमस्ते, मुझे खाली पैकेज मिला है।",Hindi,Product Issue,Product Support,High,Hindi_Product Issue_10,32,6,test
HGL_0446,Mujhe help chahiye kyunki mere bank account mein promised refund nahi aaya. Please jaldi resolve karo.,Hinglish,Refund Issue,Refund Team,High,Hinglish_Refund Issue_10,102,16,train
HIN_0722,उत्पाद का आकार या रंग मेरे ऑर्डर से अलग है। कृपया इसे जल्दी हल करें।,Hindi,Product Issue,Product Support,High,Hindi_Product Issue_09,68,15,train
HIN_0897,मुझे सहायता चाहिए क्योंकि मेरा रिटर्न अनुरोध बिना कारण रद्द कर दिया गया। मुझे जल्द से जल्द जानकारी चाहिए।,Hindi,Return/Replacement,Returns Team,Medium,Hindi_Return/Replacement_10,105,19,train
HIN_0640,मुझे सहायता चाहिए क्योंकि मुझे गलत उत्पाद भेजा गया।,Hindi,Product Issue,Product Support,High,Hindi_Product Issue_03,51,9,train
ENG_0291,"Hello, the tracking information has not been updated I need an update as soon as possible.",English,Delivery Issue,Logistics Team,Medium,English_Delivery Issue_10,90,16,train
HIN_1100,"नमस्ते, मुझे ऐसी खरीदारी का ओटीपी मिला जो मैंने नहीं की। कृपया इसे जल्दी हल करें।",Hindi,Fraud/Security,Security Team,Critical,Hindi_Fraud/Security_04,81,16,validation
HIN_0419,यह बहुत जरूरी है: मुझे अपेक्षा से कम रिफंड मिला। कृपया इसे जल्दी हल करें।,Hindi,Refund Issue,Refund Team,High,Hindi_Refund Issue_08,73,15,train
HGL_0615,Ye urgent hai: mujhe damaged product mila hai. Mujhe jaldi update chahiye.,Hinglish,Product Issue,Product Support,High,Hinglish_Product Issue_01,74,12,train
ENG_0605,"Hello, the product I received is damaged Please resolve this.",English,Product Issue,Product Support,High,English_Product Issue_01,61,10,validation
HGL_0547,"Please help, app mein cancellation option show nahi ho raha.",Hinglish,Cancellation Issue,Order Management,Medium,Hinglish_Cancellation Issue_07,60,10,train
ENG_0917,I am not receiving the login OTP Please resolve this.,English,Account Issue,Account Support,Medium,English_Account Issue_02,53,10,train
HIN_0602,मुझे मिला हुआ उत्पाद खराब है। कृपया इसे जल्दी हल करें।,Hindi,Product Issue,Product Support,High,Hindi_Product Issue_01,54,11,test
HGL_0014,Ye urgent hai: payment deduct ho gaya but order confirm nahi hua. Please jaldi resolve karo.,Hinglish,Payment Issue,Payments Team,High,Hinglish_Payment Issue_01,92,16,train
ENG_1100,"Hello, I received an OTP for a purchase I did not make Please resolve this.",English,Fraud/Security,Security Team,Critical,English_Fraud/Security_04,75,15,train
ENG_1089,"Please help, my account appears to have been hacked I need an update as soon as possible.",English,Fraud/Security,Security Team,Critical,English_Fraud/Security_03,89,17,test
HGL_0490,Mujhe help chahiye kyunki cancellation request baar baar fail ho rahi hai.,Hinglish,Cancellation Issue,Order Management,Medium,Hinglish_Cancellation Issue_03,74,12,train
HIN_0674,यह बहुत जरूरी है: पैकेज में एक जरूरी सामान गायब है। कृपया इसे जल्दी हल करें।,Hindi,Product Issue,Product Support,High,Hindi_Product Issue_05,76,16,train
ENG_0822,I need assistance because I want to exchange the item for another size I need an update as soon as possible.,English,Return/Replacement,Returns Team,Medium,English_Return/Replacement_05,108,21,train
HIN_0660,यह बहुत जरूरी है: उत्पाद उसके विवरण से मेल नहीं खाता। मुझे जल्द से जल्द जानकारी चाहिए।,Hindi,Product Issue,Product Support,High,Hindi_Product Issue_04,86,17,train
HGL_0997,"Please help, app mujhe baar baar logout kar raha hai.",Hinglish,Account Issue,Account Support,Medium,Hinglish_Account Issue_07,53,10,train
HGL_0514,"Hello, galti se order place hua aur mujhe cancel karna hai.",Hinglish,Cancellation Issue,Order Management,Medium,Hinglish_Cancellation Issue_05,59,11,test
HGL_0552,Mujhe help chahiye kyunki app mein cancellation option show nahi ho raha. Mujhe jaldi update chahiye.,Hinglish,Cancellation Issue,Order Management,Medium,Hinglish_Cancellation Issue_07,101,16,train
HIN_0103,यह बहुत जरूरी है: ऑर्डर में पेमेंट अभी भी पेंडिंग दिख रहा है।,Hindi,Payment Issue,Payments Team,High,Hindi_Payment Issue_07,61,13,validation
ENG_1001,I need assistance because the app logs me out repeatedly Please resolve this.,English,Account Issue,Account Support,Medium,English_Account Issue_07,77,13,test
HGL_1187,Mere account se multiple unauthorised purchases hui hain. Please jaldi resolve karo.,Hinglish,Fraud/Security,Security Team,Critical,Hinglish_Fraud/Security_10,84,12,test
HIN_0757,"कृपया मदद करें, मैं इस उत्पाद को वापस करना चाहती हूँ।",Hindi,Return/Replacement,Returns Team,Medium,Hindi_Return/Replacement_01,53,11,train
HIN_0278,"कृपया मदद करें, कूरियर वाले ने पैकेज देने से मना कर दिया। कृपया इसे जल्दी हल करें।",Hindi,Delivery Issue,Logistics Team,Medium,Hindi_Delivery Issue_09,82,17,validation
ENG_0019,"Hello, I was charged twice for the same order",English,Payment Issue,Payments Team,High,English_Payment Issue_02,45,9,train
ENG_0494,This is urgent: my cancellation request keeps failing Please resolve this.,English,Cancellation Issue,Order Management,Medium,English_Cancellation Issue_03,74,11,train
ENG_1126,Someone changed my account password,English,Fraud/Security,Security Team,Critical,English_Fraud/Security_06,35,5,train
HIN_0205,मुझे सहायता चाहिए क्योंकि कूरियर वाले ने मुझसे संपर्क नहीं किया।,Hindi,Delivery Issue,Logistics Team,Medium,Hindi_Delivery Issue_04,64,11,test
HGL_0795,Ye urgent hai: meri return request accept nahi ho rahi. Mujhe jaldi update chahiye.,Hinglish,Return/Replacement,Returns Team,Medium,Hinglish_Return/Replacement_03,83,14,train
HIN_0561,"नमस्ते, मैं ऑर्डर में से एक सामान रद्द करना चाहती हूँ। मुझे जल्द से जल्द जानकारी चाहिए।",Hindi,Cancellation Issue,Order Management,Medium,Hindi_Cancellation Issue_08,87,17,train
HIN_1009,"नमस्ते, मैं अकाउंट से जुड़ा ईमेल नहीं बदल पा रही हूँ।",Hindi,Account Issue,Account Support,Medium,Hindi_Account Issue_08,53,11,test
HIN_0986,मुझे सहायता चाहिए क्योंकि मैं अपना पासवर्ड रीसेट नहीं कर पा रही हूँ। कृपया इसे जल्दी हल करें।,Hindi,Account Issue,Account Support,Medium,Hindi_Account Issue_06,93,18,train
HGL_0468,Cancel button available nahi hai. Mujhe jaldi update chahiye.,Hinglish,Cancellation Issue,Order Management,Medium,Hinglish_Cancellation Issue_02,61,9,train
ENG_0585,This is urgent: my order still appears active after cancellation I need an update as soon as possible.,English,Cancellation Issue,Order Management,Medium,English_Cancellation Issue_09,102,18,train
HIN_0903,मैं अपने अकाउंट में लॉग इन नहीं कर पा रही हूँ। मुझे जल्द से जल्द जानकारी चाहिए।,Hindi,Account Issue,Account Support,Medium,Hindi_Account Issue_01,79,17,test
ENG_0688,This is urgent: the item arrived with broken parts,English,Product Issue,Product Support,High,English_Product Issue_06,50,9,train
HIN_1011,"नमस्ते, मैं अकाउंट से जुड़ा ईमेल नहीं बदल पा रही हूँ। मुझे जल्द से जल्द जानकारी चाहिए।",Hindi,Account Issue,Account Support,Medium,Hindi_Account Issue_08,86,17,test
HIN_0908,"कृपया मदद करें, मैं अपने अकाउंट में लॉग इन नहीं कर पा रही हूँ। कृपया इसे जल्दी हल करें।",Hindi,Account Issue,Account Support,Medium,Hindi_Account Issue_01,87,19,test
HGL_0022,"Please help, same order ke liye do baar paise cut gaye.",Hinglish,Payment Issue,Payments Team,High,Hinglish_Payment Issue_02,55,11,train
HIN_0779,यह बहुत जरूरी है: मुझे खराब सामान का रिप्लेसमेंट चाहिए। कृपया इसे जल्दी हल करें।,Hindi,Return/Replacement,Returns Team,Medium,Hindi_Return/Replacement_02,80,15,train
ENG_1010,"Hello, I cannot change the email linked to my account Please resolve this.",English,Account Issue,Account Support,Medium,English_Account Issue_08,74,13,test
HGL_0493,Ye urgent hai: cancellation request baar baar fail ho rahi hai.,Hinglish,Cancellation Issue,Order Management,Medium,Hinglish_Cancellation Issue_03,63,11,train
ENG_0361,My return was accepted but the refund was not processed,English,Refund Issue,Refund Team,High,English_Refund Issue_05,55,10,train
HGL_1004,Ye urgent hai: app mujhe baar baar logout kar raha hai. Please jaldi resolve karo.,Hinglish,Account Issue,Account Support,Medium,Hinglish_Account Issue_07,82,15,train
HGL_0883,Ye urgent hai: mujhe wrong replacement product mila.,Hinglish,Return/Replacement,Returns Team,Medium,Hinglish_Return/Replacement_09,52,8,train
HIN_1108,यह बहुत जरूरी है: मुझे ऐसी खरीदारी का ओटीपी मिला जो मैंने नहीं की।,Hindi,Fraud/Security,Security Team,Critical,Hindi_Fraud/Security_04,66,14,validation
HIN_0111,"नमस्ते, मैं अपने ऑर्डर का पेमेंट पूरा नहीं कर पा रही हूँ। मुझे जल्द से जल्द जानकारी चाहिए।",Hindi,Payment Issue,Payments Team,High,Hindi_Payment Issue_08,90,18,train
HIN_0550,मुझे सहायता चाहिए क्योंकि ऐप में कैंसलेशन का विकल्प नहीं दिख रहा है।,Hindi,Cancellation Issue,Order Management,Medium,Hindi_Cancellation Issue_07,68,13,test
HGL_0531,"Hello, seller ne meri cancellation request reject kar di. Mujhe jaldi update chahiye.",Hinglish,Cancellation Issue,Order Management,Medium,Hinglish_Cancellation Issue_06,85,13,validation
HIN_0615,यह बहुत जरूरी है: मुझे मिला हुआ उत्पाद खराब है। मुझे जल्द से जल्द जानकारी चाहिए।,Hindi,Product Issue,Product Support,High,Hindi_Product Issue_01,80,16,test
HIN_0964,"नमस्ते, मेरा सेव किया हुआ पता गायब हो गया है।",Hindi,Account Issue,Account Support,Medium,Hindi_Account Issue_05,45,10,train
ENG_0345,This is urgent: only part of the refund was credited I need an update as soon as possible.,English,Refund Issue,Refund Team,High,English_Refund Issue_03,90,18,train
ENG_0987,I need assistance because I forgot my password and cannot reset it I need an update as soon as possible.,English,Account Issue,Account Support,Medium,English_Account Issue_06,104,20,train
HIN_0631,मुझे गलत उत्पाद भेजा गया।,Hindi,Product Issue,Product Support,High,Hindi_Product Issue_03,25,5,train
ENG_0744,"Please help, the package was empty when it arrived I need an update as soon as possible.",English,Product Issue,Product Support,High,English_Product Issue_10,88,17,train
HIN_0726,"नमस्ते, उत्पाद का आकार या रंग मेरे ऑर्डर से अलग है। मुझे जल्द से जल्द जानकारी चाहिए।",Hindi,Product Issue,Product Support,High,Hindi_Product Issue_09,84,17,train
HIN_0456,"नमस्ते, मैं अपना ऑर्डर रद्द नहीं कर पा रही हूँ। मुझे जल्द से जल्द जानकारी चाहिए।",Hindi,Cancellation Issue,Order Management,Medium,Hindi_Cancellation Issue_01,80,16,validation
ENG_0114,"Please help, I cannot complete the payment for my order I need an update as soon as possible.",English,Payment Issue,Payments Team,High,English_Payment Issue_08,93,18,train
HIN_0238,यह बहुत जरूरी है: डिलीवरी की तारीख बार-बार बदल रही है।,Hindi,Delivery Issue,Logistics Team,Medium,Hindi_Delivery Issue_06,54,11,train
HIN_0378,रिफंड मिलने की समय सीमा निकल चुकी है। मुझे जल्द से जल्द जानकारी चाहिए।,Hindi,Refund Issue,Refund Team,High,Hindi_Refund Issue_06,70,14,train
HIN_0042,मुझे सहायता चाहिए क्योंकि पेमेंट फेल हो गया लेकिन खाते से पैसे कट गए। मुझे जल्द से जल्द जानकारी चाहिए।,Hindi,Payment Issue,Payments Team,High,Hindi_Payment Issue_03,102,20,train
ENG_1143,I found an unfamiliar delivery address in my account I need an update as soon as possible.,English,Fraud/Security,Security Team,Critical,English_Fraud/Security_07,90,17,validation
HIN_0973,यह बहुत जरूरी है: मेरा सेव किया हुआ पता गायब हो गया है।,Hindi,Account Issue,Account Support,Medium,Hindi_Account Issue_05,55,13,train
HIN_0017,एक ही ऑर्डर के लिए दो बार पैसे कट गए। कृपया इसे जल्दी हल करें।,Hindi,Payment Issue,Payments Team,High,Hindi_Payment Issue_02,62,15,train
ENG_1199,This is urgent: there are multiple unauthorised purchases on my account Please resolve this.,English,Fraud/Security,Security Team,Critical,English_Fraud/Security_10,92,14,train
ENG_0086,I need assistance because the UPI transaction succeeded but the order was not placed Please resolve this.,English,Payment Issue,Payments Team,High,English_Payment Issue_06,105,17,train
HIN_0648,उत्पाद उसके विवरण से मेल नहीं खाता। मुझे जल्द से जल्द जानकारी चाहिए।,Hindi,Product Issue,Product Support,High,Hindi_Product Issue_04,68,13,train
HGL_0078,UPI payment successful tha but order place nahi hua. Mujhe jaldi update chahiye.,Hinglish,Payment Issue,Payments Team,High,Hinglish_Payment Issue_06,80,13,train
HIN_0182,ट्रैकिंग में डिलीवर दिख रहा है लेकिन पैकेज नहीं मिला। कृपया इसे जल्दी हल करें।,Hindi,Delivery Issue,Logistics Team,Medium,Hindi_Delivery Issue_03,78,15,train
HIN_0536,मुझे सहायता चाहिए क्योंकि विक्रेता ने मेरा कैंसलेशन अनुरोध अस्वीकार कर दिया। कृपया इसे जल्दी हल करें।,Hindi,Cancellation Issue,Order Management,Medium,Hindi_Cancellation Issue_06,101,17,train
ENG_0669,"Please help, an accessory is missing from the package I need an update as soon as possible.",English,Product Issue,Product Support,High,English_Product Issue_05,91,17,train
ENG_1015,I need assistance because I cannot change the email linked to my account,English,Account Issue,Account Support,Medium,English_Account Issue_08,72,13,test
ENG_0129,"Please help, the payment page keeps failing during checkout I need an update as soon as possible.",English,Payment Issue,Payments Team,High,English_Payment Issue_09,97,17,train
HIN_0165,यह बहुत जरूरी है: मेरा ऑर्डर अभी तक नहीं आया है। मुझे जल्द से जल्द जानकारी चाहिए।,Hindi,Delivery Issue,Logistics Team,Medium,Hindi_Delivery Issue_01,81,17,train
HGL_0442,"Please help, mere bank account mein promised refund nahi aaya.",Hinglish,Refund Issue,Refund Team,High,Hinglish_Refund Issue_10,62,10,train
HIN_0471,"नमस्ते, ऑर्डर रद्द करने का बटन उपलब्ध नहीं है। मुझे जल्द से जल्द जानकारी चाहिए।",Hindi,Cancellation Issue,Order Management,Medium,Hindi_Cancellation Issue_02,79,15,test
ENG_0892,"Please help, my return request was cancelled without explanation",English,Return/Replacement,Returns Team,Medium,English_Return/Replacement_10,64,9,train
HIN_1120,मुझे सहायता चाहिए क्योंकि मेरे सेव किए हुए कार्ड का बिना अनुमति उपयोग हुआ।,Hindi,Fraud/Security,Security Team,Critical,Hindi_Fraud/Security_05,74,14,train
HIN_0160,मुझे सहायता चाहिए क्योंकि मेरा ऑर्डर अभी तक नहीं आया है।,Hindi,Delivery Issue,Logistics Team,Medium,Hindi_Delivery Issue_01,56,11,train
ENG_0308,"Please help, I cancelled my order but have not received the refund Please resolve this.",English,Refund Issue,Refund Team,High,English_Refund Issue_01,87,15,train
ENG_0384,"Please help, the refund deadline has already passed I need an update as soon as possible.",English,Refund Issue,Refund Team,High,English_Refund Issue_06,89,16,train
ENG_0151,My order has not arrived yet,English,Delivery Issue,Logistics Team,Medium,English_Delivery Issue_01,28,6,train
HIN_0118,यह बहुत जरूरी है: मैं अपने ऑर्डर का पेमेंट पूरा नहीं कर पा रही हूँ।,Hindi,Payment Issue,Payments Team,High,Hindi_Payment Issue_08,67,15,train
HIN_0252,मुझे सहायता चाहिए क्योंकि मेरा ऑर्डर गलत पते पर भेज दिया गया। मुझे जल्द से जल्द जानकारी चाहिए।,Hindi,Delivery Issue,Logistics Team,Medium,Hindi_Delivery Issue_07,94,18,train
HIN_0445,मुझे सहायता चाहिए क्योंकि मेरे बैंक खाते में रिफंड नहीं आया है।,Hindi,Refund Issue,Refund Team,High,Hindi_Refund Issue_10,63,12,train
HIN_1152,मुझे सहायता चाहिए क्योंकि मेरे अकाउंट में एक अनजान डिलीवरी पता दिखाई दे रहा है। मुझे जल्द से जल्द जानकारी चाहिए।,Hindi,Fraud/Security,Security Team,Critical,Hindi_Fraud/Security_07,112,21,train
ENG_0427,"Please help, the refund status has not changed for several days",English,Refund Issue,Refund Team,High,English_Refund Issue_09,63,11,train
ENG_0495,This is urgent: my cancellation request keeps failing I need an update as soon as possible.,English,Cancellation Issue,Order Management,Medium,English_Cancellation Issue_03,91,16,train
HIN_0008,"कृपया मदद करें, मेरे पैसे कट गए लेकिन ऑर्डर कन्फर्म नहीं हुआ। कृपया इसे जल्दी हल करें।",Hindi,Payment Issue,Payments Team,High,Hindi_Payment Issue_01,86,17,train
HIN_0824,यह बहुत जरूरी है: मैं सामान को दूसरे आकार से बदलना चाहती हूँ। कृपया इसे जल्दी हल करें।,Hindi,Return/Replacement,Returns Team,Medium,Hindi_Return/Replacement_05,86,18,test
HIN_1031,मुझे सहायता चाहिए क्योंकि मेरी ऑर्डर हिस्ट्री दिखाई नहीं दे रही है। कृपया इसे जल्दी हल करें।,Hindi,Account Issue,Account Support,Medium,Hindi_Account Issue_09,92,17,train
HIN_0009,"कृपया मदद करें, मेरे पैसे कट गए लेकिन ऑर्डर कन्फर्म नहीं हुआ। मुझे जल्द से जल्द जानकारी चाहिए।",Hindi,Payment Issue,Payments Team,High,Hindi_Payment Issue_01,94,18,train
HGL_0437,Mere bank account mein promised refund nahi aaya. Please jaldi resolve karo.,Hinglish,Refund Issue,Refund Team,High,Hinglish_Refund Issue_10,76,12,train
HGL_0508,Ye urgent hai: cancel karne ke baad bhi order ship ho gaya.,Hinglish,Cancellation Issue,Order Management,Medium,Hinglish_Cancellation Issue_04,59,12,train
HGL_0240,Ye urgent hai: delivery date baar baar change ho rahi hai. Mujhe jaldi update chahiye.,Hinglish,Delivery Issue,Logistics Team,Medium,Hinglish_Delivery Issue_06,86,15,test
HIN_0413,"कृपया मदद करें, मुझे अपेक्षा से कम रिफंड मिला। कृपया इसे जल्दी हल करें।",Hindi,Refund Issue,Refund Team,High,Hindi_Refund Issue_08,71,14,train
HIN_0040,मुझे सहायता चाहिए क्योंकि पेमेंट फेल हो गया लेकिन खाते से पैसे कट गए।,Hindi,Payment Issue,Payments Team,High,Hindi_Payment Issue_03,69,14,train
HGL_0367,"Please help, return accept hua but refund process nahi hua.",Hinglish,Refund Issue,Refund Team,High,Hinglish_Refund Issue_05,59,10,validation
HGL_0854,Ye urgent hai: return window galat closed show ho rahi hai. Please jaldi resolve karo.,Hinglish,Return/Replacement,Returns Team,Medium,Hinglish_Return/Replacement_07,86,15,test
ENG_0276,"Hello, the courier refused to deliver my package I need an update as soon as possible.",English,Delivery Issue,Logistics Team,Medium,English_Delivery Issue_09,86,16,train
ENG_0490,I need assistance because my cancellation request keeps failing,English,Cancellation Issue,Order Management,Medium,English_Cancellation Issue_03,63,9,train
HIN_1110,यह बहुत जरूरी है: मुझे ऐसी खरीदारी का ओटीपी मिला जो मैंने नहीं की। मुझे जल्द से जल्द जानकारी चाहिए।,Hindi,Fraud/Security,Security Team,Critical,Hindi_Fraud/Security_04,99,20,validation
HIN_0030,यह बहुत जरूरी है: एक ही ऑर्डर के लिए दो बार पैसे कट गए। मुझे जल्द से जल्द जानकारी चाहिए।,Hindi,Payment Issue,Payments Team,High,Hindi_Payment Issue_02,88,20,train
ENG_0691,The product quality is very poor,English,Product Issue,Product Support,High,English_Product Issue_07,32,6,test
HIN_0710,"नमस्ते, मुझे एक्सपायर हो चुका उत्पाद मिला। कृपया इसे जल्दी हल करें।",Hindi,Product Issue,Product Support,High,Hindi_Product Issue_08,67,12,train
HGL_0001,Payment deduct ho gaya but order confirm nahi hua.,Hinglish,Payment Issue,Payments Team,High,Hinglish_Payment Issue_01,50,9,train
HGL_0181,Tracking delivered dikha raha hai but package nahi mila.,Hinglish,Delivery Issue,Logistics Team,Medium,Hinglish_Delivery Issue_03,56,9,validation
HIN_0533,"कृपया मदद करें, विक्रेता ने मेरा कैंसलेशन अनुरोध अस्वीकार कर दिया। कृपया इसे जल्दी हल करें।",Hindi,Cancellation Issue,Order Management,Medium,Hindi_Cancellation Issue_06,91,16,train
HGL_0248,"Please help, mera order wrong address par deliver hua. Please jaldi resolve karo.",Hinglish,Delivery Issue,Logistics Team,Medium,Hinglish_Delivery Issue_07,81,13,train
HGL_1039,"Hello, same number se accidentally do accounts create ho gaye.",Hinglish,Account Issue,Account Support,Medium,Hinglish_Account Issue_10,62,10,validation
ENG_1059,"Please help, there is an unknown transaction on my account I need an update as soon as possible.",English,Fraud/Security,Security Team,Critical,English_Fraud/Security_01,96,18,train
ENG_0119,This is urgent: I cannot complete the payment for my order Please resolve this.,English,Payment Issue,Payments Team,High,English_Payment Issue_08,79,14,train
ENG_1025,"Hello, my order history is missing Please resolve this.",English,Account Issue,Account Support,Medium,English_Account Issue_09,55,9,train
HIN_0746,मुझे सहायता चाहिए क्योंकि मुझे खाली पैकेज मिला है। कृपया इसे जल्दी हल करें।,Hindi,Product Issue,Product Support,High,Hindi_Product Issue_10,75,14,test
ENG_0282,I need assistance because the courier refused to deliver my package I need an update as soon as possible.,English,Delivery Issue,Logistics Team,Medium,English_Delivery Issue_09,105,19,train
HIN_0911,मुझे सहायता चाहिए क्योंकि मैं अपने अकाउंट में लॉग इन नहीं कर पा रही हूँ। कृपया इसे जल्दी हल करें।,Hindi,Account Issue,Account Support,Medium,Hindi_Account Issue_01,97,20,test
HIN_0117,मुझे सहायता चाहिए क्योंकि मैं अपने ऑर्डर का पेमेंट पूरा नहीं कर पा रही हूँ। मुझे जल्द से जल्द जानकारी चाहिए।,Hindi,Payment Issue,Payments Team,High,Hindi_Payment Issue_08,108,21,train
HGL_0395,"Hello, refund wrong payment method mein bheja gaya. Please jaldi resolve karo.",Hinglish,Refund Issue,Refund Team,High,Hinglish_Refund Issue_07,78,12,train
ENG_0969,"Please help, my saved address has disappeared I need an update as soon as possible.",English,Account Issue,Account Support,Medium,English_Account Issue_05,83,15,train
HIN_0473,"कृपया मदद करें, ऑर्डर रद्द करने का बटन उपलब्ध नहीं है। कृपया इसे जल्दी हल करें।",Hindi,Cancellation Issue,Order Management,Medium,Hindi_Cancellation Issue_02,79,16,test
HGL_1058,"Please help, mere account mein unknown transaction hua hai. Please jaldi resolve karo.",Hinglish,Fraud/Security,Security Team,Critical,Hinglish_Fraud/Security_01,86,13,train
HGL_0146,Mujhe help chahiye kyunki mere order ke liye wrong amount charge hua hai. Please jaldi resolve karo.,Hinglish,Payment Issue,Payments Team,High,Hinglish_Payment Issue_10,100,17,train
ENG_0620,"Hello, the item is defective and does not work Please resolve this.",English,Product Issue,Product Support,High,English_Product Issue_02,67,12,train
HGL_0751,Mujhe ye product return karna hai.,Hinglish,Return/Replacement,Returns Team,Medium,Hinglish_Return/Replacement_01,34,6,test
ENG_0156,"Hello, my order has not arrived yet I need an update as soon as possible.",English,Delivery Issue,Logistics Team,Medium,English_Delivery Issue_01,73,15,train
HGL_1199,Ye urgent hai: mere account se multiple unauthorised purchases hui hain. Please jaldi resolve karo.,Hinglish,Fraud/Security,Security Team,Critical,Hinglish_Fraud/Security_10,99,15,test
HGL_0298,Ye urgent hai: tracking information update nahi ho rahi hai.,Hinglish,Delivery Issue,Logistics Team,Medium,Hinglish_Delivery Issue_10,60,10,train
ENG_0305,"Hello, I cancelled my order but have not received the refund Please resolve this.",English,Refund Issue,Refund Team,High,English_Refund Issue_01,81,14,train
HIN_1138,यह बहुत जरूरी है: किसी ने मेरे अकाउंट का पासवर्ड बदल दिया।,Hindi,Fraud/Security,Security Team,Critical,Hindi_Fraud/Security_06,58,12,train
HGL_0655,Mujhe help chahiye kyunki product description ke according nahi hai.,Hinglish,Product Issue,Product Support,High,Hinglish_Product Issue_04,68,10,train
HIN_0778,यह बहुत जरूरी है: मुझे खराब सामान का रिप्लेसमेंट चाहिए।,Hindi,Return/Replacement,Returns Team,Medium,Hindi_Return/Replacement_02,55,10,train
HGL_1196,Mujhe help chahiye kyunki mere account se multiple unauthorised purchases hui hain. Please jaldi resolve karo.,Hinglish,Fraud/Security,Security Team,Critical,Hinglish_Fraud/Security_10,110,16,test
HGL_0285,Ye urgent hai: courier person ne package deliver karne se mana kiya. Mujhe jaldi update chahiye.,Hinglish,Delivery Issue,Logistics Team,Medium,Hinglish_Delivery Issue_09,96,16,train
HIN_0108,मैं अपने ऑर्डर का पेमेंट पूरा नहीं कर पा रही हूँ। मुझे जल्द से जल्द जानकारी चाहिए।,Hindi,Payment Issue,Payments Team,High,Hindi_Payment Issue_08,82,17,train
HGL_1027,"Please help, meri order history missing hai.",Hinglish,Account Issue,Account Support,Medium,Hinglish_Account Issue_09,44,7,train
ENG_0576,"Hello, my order still appears active after cancellation I need an update as soon as possible.",English,Cancellation Issue,Order Management,Medium,English_Cancellation Issue_09,93,16,train
HGL_0053,"Please help, mera card payment processing mein stuck hai. Please jaldi resolve karo.",Hinglish,Payment Issue,Payments Team,High,Hinglish_Payment Issue_04,84,13,train
HGL_0680,"Hello, item ke parts broken hain. Please jaldi resolve karo.",Hinglish,Product Issue,Product Support,High,Hinglish_Product Issue_06,60,10,train
HGL_0743,"Please help, delivery mein empty package mila hai. Please jaldi resolve karo.",Hinglish,Product Issue,Product Support,High,Hinglish_Product Issue_10,77,12,train
HIN_0100,मुझे सहायता चाहिए क्योंकि ऑर्डर में पेमेंट अभी भी पेंडिंग दिख रहा है।,Hindi,Payment Issue,Payments Team,High,Hindi_Payment Issue_07,69,13,validation
ENG_0133,This is urgent: the payment page keeps failing during checkout,English,Payment Issue,Payments Team,High,English_Payment Issue_09,62,10,train
HGL_0211,Mera package same location par stuck hai.,Hinglish,Delivery Issue,Logistics Team,Medium,Hinglish_Delivery Issue_05,41,7,train
HGL_0486,"Hello, cancellation request baar baar fail ho rahi hai. Mujhe jaldi update chahiye.",Hinglish,Cancellation Issue,Order Management,Medium,Hinglish_Cancellation Issue_03,83,13,train
HIN_0522,मुझे सहायता चाहिए क्योंकि गलती से किया गया ऑर्डर रद्द करना है। मुझे जल्द से जल्द जानकारी चाहिए।,Hindi,Cancellation Issue,Order Management,Medium,Hindi_Cancellation Issue_05,95,18,train
ENG_0844,"Hello, the return window is incorrectly shown as closed",English,Return/Replacement,Returns Team,Medium,English_Return/Replacement_07,55,9,test
HGL_0774,"Please help, damaged item ka replacement chahiye. Mujhe jaldi update chahiye.",Hinglish,Return/Replacement,Returns Team,Medium,Hinglish_Return/Replacement_02,77,11,train
HIN_0626,मुझे सहायता चाहिए क्योंकि सामान काम नहीं कर रहा है। कृपया इसे जल्दी हल करें।,Hindi,Product Issue,Product Support,High,Hindi_Product Issue_02,76,15,train
ENG_0270,This is urgent: only part of my order was delivered I need an update as soon as possible.,English,Delivery Issue,Logistics Team,Medium,English_Delivery Issue_08,89,18,train
ENG_0630,This is urgent: the item is defective and does not work I need an update as soon as possible.,English,Product Issue,Product Support,High,English_Product Issue_02,93,19,train
ENG_1034,This is urgent: my order history is missing Please resolve this.,English,Account Issue,Account Support,Medium,English_Account Issue_09,64,11,train
HIN_0885,यह बहुत जरूरी है: मुझे गलत रिप्लेसमेंट उत्पाद मिला। मुझे जल्द से जल्द जानकारी चाहिए।,Hindi,Return/Replacement,Returns Team,Medium,Hindi_Return/Replacement_09,84,15,train
ENG_0287,The tracking information has not been updated Please resolve this.,English,Delivery Issue,Logistics Team,Medium,English_Delivery Issue_10,66,10,train
HIN_0127,"कृपया मदद करें, चेकआउट के समय पेमेंट पेज बार-बार फेल हो रहा है।",Hindi,Payment Issue,Payments Team,High,Hindi_Payment Issue_09,63,13,test
HGL_0255,Ye urgent hai: mera order wrong address par deliver hua. Mujhe jaldi update chahiye.,Hinglish,Delivery Issue,Logistics Team,Medium,Hinglish_Delivery Issue_07,84,14,train
ENG_0301,I cancelled my order but have not received the refund,English,Refund Issue,Refund Team,High,English_Refund Issue_01,53,10,train
HGL_0767,Damaged item ka replacement chahiye. Please jaldi resolve karo.,Hinglish,Return/Replacement,Returns Team,Medium,Hinglish_Return/Replacement_02,63,9,train
HIN_0248,"कृपया मदद करें, मेरा ऑर्डर गलत पते पर भेज दिया गया। कृपया इसे जल्दी हल करें।",Hindi,Delivery Issue,Logistics Team,Medium,Hindi_Delivery Issue_07,76,16,train
HIN_0273,कूरियर वाले ने पैकेज देने से मना कर दिया। मुझे जल्द से जल्द जानकारी चाहिए।,Hindi,Delivery Issue,Logistics Team,Medium,Hindi_Delivery Issue_09,74,15,validation
HGL_0156,"Hello, mera order abhi tak deliver nahi hua. Mujhe jaldi update chahiye.",Hinglish,Delivery Issue,Logistics Team,Medium,Hinglish_Delivery Issue_01,72,12,train
HIN_1029,"कृपया मदद करें, मेरी ऑर्डर हिस्ट्री दिखाई नहीं दे रही है। मुझे जल्द से जल्द जानकारी चाहिए।",Hindi,Account Issue,Account Support,Medium,Hindi_Account Issue_09,90,17,train
HIN_0916,मुझे लॉगिन ओटीपी नहीं मिल रहा है।,Hindi,Account Issue,Account Support,Medium,Hindi_Account Issue_02,33,7,train
ENG_0066,"Hello, the amount was debited even though checkout failed I need an update as soon as possible.",English,Payment Issue,Payments Team,High,English_Payment Issue_05,95,17,train
HGL_0264,"Please help, mere order ka sirf ek part deliver hua. Mujhe jaldi update chahiye.",Hinglish,Delivery Issue,Logistics Team,Medium,Hinglish_Delivery Issue_08,80,14,train
ENG_0891,"Hello, my return request was cancelled without explanation I need an update as soon as possible.",English,Return/Replacement,Returns Team,Medium,English_Return/Replacement_10,96,16,train
HGL_0382,"Please help, refund ki deadline already cross ho gayi.",Hinglish,Refund Issue,Refund Team,High,Hinglish_Refund Issue_06,54,9,test
HGL_0724,"Hello, product ka size ya colour order se different hai.",Hinglish,Product Issue,Product Support,High,Hinglish_Product Issue_09,56,10,train
HGL_0954,"Please help, main apna phone number update nahi kar pa rahi hoon. Mujhe jaldi update chahiye.",Hinglish,Account Issue,Account Support,Medium,Hinglish_Account Issue_04,93,16,train
HGL_0601,Mujhe damaged product mila hai.,Hinglish,Product Issue,Product Support,High,Hinglish_Product Issue_01,31,5,train
ENG_0231,"Hello, the delivery date keeps changing I need an update as soon as possible.",English,Delivery Issue,Logistics Team,Medium,English_Delivery Issue_06,77,14,train
ENG_0504,"Please help, the order was shipped after I requested cancellation I need an update as soon as possible.",English,Cancellation Issue,Order Management,Medium,English_Cancellation Issue_04,103,18,test
HGL_0222,Mujhe help chahiye kyunki mera package same location par stuck hai. Mujhe jaldi update chahiye.,Hinglish,Delivery Issue,Logistics Team,Medium,Hinglish_Delivery Issue_05,95,15,train
HGL_0503,"Please help, cancel karne ke baad bhi order ship ho gaya. Please jaldi resolve karo.",Hinglish,Cancellation Issue,Order Management,Medium,Hinglish_Cancellation Issue_04,84,15,train
HGL_0099,"Please help, payment karne ke baad bhi order pending dikha raha hai. Mujhe jaldi update chahiye.",Hinglish,Payment Issue,Payments Team,High,Hinglish_Payment Issue_07,96,16,test
HIN_0326,मुझे सहायता चाहिए क्योंकि मेरा रिफंड अभी भी पेंडिंग है। कृपया इसे जल्दी हल करें।,Hindi,Refund Issue,Refund Team,High,Hindi_Refund Issue_02,80,15,train
HIN_0868,यह बहुत जरूरी है: कूरियर वाले ने रिटर्न लेने से मना कर दिया।,Hindi,Return/Replacement,Returns Team,Medium,Hindi_Return/Replacement_08,60,13,train
HGL_0891,"Hello, meri return request bina reason cancel ho gayi. Mujhe jaldi update chahiye.",Hinglish,Return/Replacement,Returns Team,Medium,Hinglish_Return/Replacement_10,82,13,train
ENG_1005,This is urgent: the app logs me out repeatedly I need an update as soon as possible.,English,Account Issue,Account Support,Medium,English_Account Issue_07,84,17,test
ENG_0837,I need assistance because the replacement order has not been shipped I need an update as soon as possible.,English,Return/Replacement,Returns Team,Medium,English_Return/Replacement_06,106,19,test
HGL_0659,Ye urgent hai: product description ke according nahi hai. Please jaldi resolve karo.,Hinglish,Product Issue,Product Support,High,Hinglish_Product Issue_04,84,13,train
ENG_0375,This is urgent: my return was accepted but the refund was not processed I need an update as soon as possible.,English,Refund Issue,Refund Team,High,English_Refund Issue_05,109,21,train
HGL_0779,Ye urgent hai: damaged item ka replacement chahiye. Please jaldi resolve karo.,Hinglish,Return/Replacement,Returns Team,Medium,Hinglish_Return/Replacement_02,78,12,train
HGL_0137,Mere order ke liye wrong amount charge hua hai. Please jaldi resolve karo.,Hinglish,Payment Issue,Payments Team,High,Hinglish_Payment Issue_10,74,13,train
HGL_1056,"Hello, mere account mein unknown transaction hua hai. Mujhe jaldi update chahiye.",Hinglish,Fraud/Security,Security Team,Critical,Hinglish_Fraud/Security_01,81,12,train
ENG_0940,I need assistance because my account has been locked,English,Account Issue,Account Support,Medium,English_Account Issue_03,52,9,train
HIN_0122,चेकआउट के समय पेमेंट पेज बार-बार फेल हो रहा है। कृपया इसे जल्दी हल करें।,Hindi,Payment Issue,Payments Team,High,Hindi_Payment Issue_09,72,15,test
HGL_0295,Mujhe help chahiye kyunki tracking information update nahi ho rahi hai.,Hinglish,Delivery Issue,Logistics Team,Medium,Hinglish_Delivery Issue_10,71,11,train
HGL_0089,Ye urgent hai: UPI payment successful tha but order place nahi hua. Please jaldi resolve karo.,Hinglish,Payment Issue,Payments Team,High,Hinglish_Payment Issue_06,94,16,train
ENG_0752,I want to return this product Please resolve this.,English,Return/Replacement,Returns Team,Medium,English_Return/Replacement_01,50,9,train
ENG_0100,I need assistance because cash was charged even though the order shows payment pending,English,Payment Issue,Payments Team,High,English_Payment Issue_07,86,14,test
HIN_0344,यह बहुत जरूरी है: मुझे रिफंड की केवल कुछ राशि मिली है। कृपया इसे जल्दी हल करें।,Hindi,Refund Issue,Refund Team,High,Hindi_Refund Issue_03,79,17,train
HIN_1180,मुझे सहायता चाहिए क्योंकि नकली कस्टमर केयर एजेंट ने बैंक की जानकारी मांगी।,Hindi,Fraud/Security,Security Team,Critical,Hindi_Fraud/Security_09,74,13,train
ENG_0867,I need assistance because the courier refused to collect my return I need an update as soon as possible.,English,Return/Replacement,Returns Team,Medium,English_Return/Replacement_08,104,19,train
ENG_0911,I need assistance because I cannot log in to my account Please resolve this.,English,Account Issue,Account Support,Medium,English_Account Issue_01,76,14,validation
HIN_0727,"कृपया मदद करें, उत्पाद का आकार या रंग मेरे ऑर्डर से अलग है।",Hindi,Product Issue,Product Support,High,Hindi_Product Issue_09,59,13,train
HIN_0376,रिफंड मिलने की समय सीमा निकल चुकी है।,Hindi,Refund Issue,Refund Team,High,Hindi_Refund Issue_06,37,8,train
ENG_0530,"Hello, the seller rejected my cancellation request Please resolve this.",English,Cancellation Issue,Order Management,Medium,English_Cancellation Issue_06,71,10,validation
HIN_0061,चेकआउट फेल होने के बाद भी राशि डेबिट हो गई।,Hindi,Payment Issue,Payments Team,High,Hindi_Payment Issue_05,43,10,train
HIN_0532,"कृपया मदद करें, विक्रेता ने मेरा कैंसलेशन अनुरोध अस्वीकार कर दिया।",Hindi,Cancellation Issue,Order Management,Medium,Hindi_Cancellation Issue_06,66,11,train
HIN_1156,मुझे पेमेंट मांगने वाला संदिग्ध संदेश मिला।,Hindi,Fraud/Security,Security Team,Critical,Hindi_Fraud/Security_08,43,7,train
ENG_0637,"Please help, I received the wrong product",English,Product Issue,Product Support,High,English_Product Issue_03,41,7,train
HIN_0070,मुझे सहायता चाहिए क्योंकि चेकआउट फेल होने के बाद भी राशि डेबिट हो गई।,Hindi,Payment Issue,Payments Team,High,Hindi_Payment Issue_05,69,14,train
ENG_0186,"Hello, tracking shows delivered but I did not receive the package I need an update as soon as possible.",English,Delivery Issue,Logistics Team,Medium,English_Delivery Issue_03,103,19,train
HGL_0111,"Hello, main apne order ka payment complete nahi kar pa rahi hoon. Mujhe jaldi update chahiye.",Hinglish,Payment Issue,Payments Team,High,Hinglish_Payment Issue_08,93,16,train
HIN_0530,"नमस्ते, विक्रेता ने मेरा कैंसलेशन अनुरोध अस्वीकार कर दिया। कृपया इसे जल्दी हल करें।",Hindi,Cancellation Issue,Order Management,Medium,Hindi_Cancellation Issue_06,83,14,train
HIN_0945,यह बहुत जरूरी है: मेरा अकाउंट लॉक हो गया है। मुझे जल्द से जल्द जानकारी चाहिए।,Hindi,Account Issue,Account Support,Medium,Hindi_Account Issue_03,77,16,train
ENG_0932,My account has been locked Please resolve this.,English,Account Issue,Account Support,Medium,English_Account Issue_03,47,8,train
HIN_0242,मेरा ऑर्डर गलत पते पर भेज दिया गया। कृपया इसे जल्दी हल करें।,Hindi,Delivery Issue,Logistics Team,Medium,Hindi_Delivery Issue_07,60,13,train
HIN_0805,मुझे सहायता चाहिए क्योंकि रिटर्न के लिए पिकअप अभी तक नहीं हुआ।,Hindi,Return/Replacement,Returns Team,Medium,Hindi_Return/Replacement_04,62,12,validation
HGL_0351,"Hello, app refunded dikha raha hai but account mein paise nahi aaye. Mujhe jaldi update chahiye.",Hinglish,Refund Issue,Refund Team,High,Hinglish_Refund Issue_04,96,16,train
HIN_0336,"नमस्ते, मुझे रिफंड की केवल कुछ राशि मिली है। मुझे जल्द से जल्द जानकारी चाहिए।",Hindi,Refund Issue,Refund Team,High,Hindi_Refund Issue_03,77,15,train
HIN_0823,यह बहुत जरूरी है: मैं सामान को दूसरे आकार से बदलना चाहती हूँ।,Hindi,Return/Replacement,Returns Team,Medium,Hindi_Return/Replacement_05,61,13,test
HGL_0474,"Please help, cancel button available nahi hai. Mujhe jaldi update chahiye.",Hinglish,Cancellation Issue,Order Management,Medium,Hinglish_Cancellation Issue_02,74,11,train
HIN_0074,यह बहुत जरूरी है: चेकआउट फेल होने के बाद भी राशि डेबिट हो गई। कृपया इसे जल्दी हल करें।,Hindi,Payment Issue,Payments Team,High,Hindi_Payment Issue_05,86,19,train
HGL_0821,Mujhe help chahiye kyunki mujhe item ko different size se exchange karna hai. Please jaldi resolve karo.,Hinglish,Return/Replacement,Returns Team,Medium,Hinglish_Return/Replacement_05,104,17,train
HIN_0896,मुझे सहायता चाहिए क्योंकि मेरा रिटर्न अनुरोध बिना कारण रद्द कर दिया गया। कृपया इसे जल्दी हल करें।,Hindi,Return/Replacement,Returns Team,Medium,Hindi_Return/Replacement_10,97,18,train
ENG_0608,"Please help, the product I received is damaged Please resolve this.",English,Product Issue,Product Support,High,English_Product Issue_01,67,11,validation
HIN_0761,मुझे सहायता चाहिए क्योंकि मैं इस उत्पाद को वापस करना चाहती हूँ। कृपया इसे जल्दी हल करें।,Hindi,Return/Replacement,Returns Team,Medium,Hindi_Return/Replacement_01,88,17,train
HIN_0865,मुझे सहायता चाहिए क्योंकि कूरियर वाले ने रिटर्न लेने से मना कर दिया।,Hindi,Return/Replacement,Returns Team,Medium,Hindi_Return/Replacement_08,68,13,train
ENG_0152,My order has not arrived yet Please resolve this.,English,Delivery Issue,Logistics Team,Medium,English_Delivery Issue_01,49,9,train
HIN_0667,"कृपया मदद करें, पैकेज में एक जरूरी सामान गायब है।",Hindi,Product Issue,Product Support,High,Hindi_Product Issue_05,49,10,train
HGL_0174,"Please help, promised date ke baad bhi package nahi aaya. Mujhe jaldi update chahiye.",Hinglish,Delivery Issue,Logistics Team,Medium,Hinglish_Delivery Issue_02,85,14,train
HGL_0623,"Please help, item defective hai aur work nahi kar raha. Please jaldi resolve karo.",Hinglish,Product Issue,Product Support,High,Hinglish_Product Issue_02,82,14,test
HIN_1105,मुझे सहायता चाहिए क्योंकि मुझे ऐसी खरीदारी का ओटीपी मिला जो मैंने नहीं की।,Hindi,Fraud/Security,Security Team,Critical,Hindi_Fraud/Security_04,74,14,validation
ENG_0732,I need assistance because the size or colour is different from what I ordered I need an update as soon as possible.,English,Product Issue,Product Support,High,English_Product Issue_09,115,22,test
HIN_0753,मैं इस उत्पाद को वापस करना चाहती हूँ। मुझे जल्द से जल्द जानकारी चाहिए।,Hindi,Return/Replacement,Returns Team,Medium,Hindi_Return/Replacement_01,70,14,train
HIN_1091,मुझे सहायता चाहिए क्योंकि मेरा अकाउंट हैक हो गया है। कृपया इसे जल्दी हल करें।,Hindi,Fraud/Security,Security Team,Critical,Hindi_Fraud/Security_03,77,15,train
HGL_0871,Mujhe wrong replacement product mila.,Hinglish,Return/Replacement,Returns Team,Medium,Hinglish_Return/Replacement_09,37,5,train
ENG_0024,"Please help, I was charged twice for the same order I need an update as soon as possible.",English,Payment Issue,Payments Team,High,English_Payment Issue_02,89,18,train
HGL_0619,"Hello, item defective hai aur work nahi kar raha.",Hinglish,Product Issue,Product Support,High,Hinglish_Product Issue_02,49,9,test
ENG_0159,"Please help, my order has not arrived yet I need an update as soon as possible.",English,Delivery Issue,Logistics Team,Medium,English_Delivery Issue_01,79,16,train
ENG_0862,"Please help, the courier refused to collect my return",English,Return/Replacement,Returns Team,Medium,English_Return/Replacement_08,53,9,train
HIN_0891,"नमस्ते, मेरा रिटर्न अनुरोध बिना कारण रद्द कर दिया गया। मुझे जल्द से जल्द जानकारी चाहिए।",Hindi,Return/Replacement,Returns Team,Medium,Hindi_Return/Replacement_10,87,16,train
ENG_0903,I cannot log in to my account I need an update as soon as possible.,English,Account Issue,Account Support,Medium,English_Account Issue_01,67,15,validation
ENG_0353,"Please help, the app says refunded but the money is not in my account Please resolve this.",English,Refund Issue,Refund Team,High,English_Refund Issue_04,90,17,test
HIN_0031,पेमेंट फेल हो गया लेकिन खाते से पैसे कट गए।,Hindi,Payment Issue,Payments Team,High,Hindi_Payment Issue_03,43,10,train
HGL_0307,"Please help, order cancel kiya but refund abhi tak nahi mila.",Hinglish,Refund Issue,Refund Team,High,Hinglish_Refund Issue_01,61,11,train
ENG_0445,I need assistance because my bank has not received the promised refund,English,Refund Issue,Refund Team,High,English_Refund Issue_10,70,12,train
HGL_1123,Ye urgent hai: mere saved card ko bina permission use kiya gaya.,Hinglish,Fraud/Security,Security Team,Critical,Hinglish_Fraud/Security_05,64,12,train
ENG_0755,"Hello, I want to return this product Please resolve this.",English,Return/Replacement,Returns Team,Medium,English_Return/Replacement_01,57,10,train
ENG_0924,"Please help, I am not receiving the login OTP I need an update as soon as possible.",English,Account Issue,Account Support,Medium,English_Account Issue_02,83,17,train
HIN_0467,ऑर्डर रद्द करने का बटन उपलब्ध नहीं है। कृपया इसे जल्दी हल करें।,Hindi,Cancellation Issue,Order Management,Medium,Hindi_Cancellation Issue_02,63,13,test
HGL_1163,"Please help, mujhe payment maangne wala suspicious message mila. Please jaldi resolve karo.",Hinglish,Fraud/Security,Security Team,Critical,Hinglish_Fraud/Security_08,91,13,train
HGL_0129,"Please help, checkout ke time payment page baar baar fail ho raha hai. Mujhe jaldi update chahiye.",Hinglish,Payment Issue,Payments Team,High,Hinglish_Payment Issue_09,98,17,validation
ENG_0312,I need assistance because I cancelled my order but have not received the refund I need an update as soon as possible.,English,Refund Issue,Refund Team,High,English_Refund Issue_01,117,22,train
HIN_0176,मुझे सहायता चाहिए क्योंकि ऑर्डर तय तारीख के बाद भी डिलीवर नहीं हुआ। कृपया इसे जल्दी हल करें।,Hindi,Delivery Issue,Logistics Team,Medium,Hindi_Delivery Issue_02,92,18,train
ENG_0549,"Please help, the app is not showing the cancellation option I need an update as soon as possible.",English,Cancellation Issue,Order Management,Medium,English_Cancellation Issue_07,97,18,test
HGL_0482,Cancellation request baar baar fail ho rahi hai. Please jaldi resolve karo.,Hinglish,Cancellation Issue,Order Management,Medium,Hinglish_Cancellation Issue_03,75,12,train
HGL_0021,"Hello, same order ke liye do baar paise cut gaye. Mujhe jaldi update chahiye.",Hinglish,Payment Issue,Payments Team,High,Hinglish_Payment Issue_02,77,14,train
HGL_0420,Ye urgent hai: mujhe expected amount se kam refund mila. Mujhe jaldi update chahiye.,Hinglish,Refund Issue,Refund Team,High,Hinglish_Refund Issue_08,84,14,train
ENG_0307,"Please help, I cancelled my order but have not received the refund",English,Refund Issue,Refund Team,High,English_Refund Issue_01,66,12,train
ENG_0288,The tracking information has not been updated I need an update as soon as possible.,English,Delivery Issue,Logistics Team,Medium,English_Delivery Issue_10,83,15,train
ENG_0695,"Hello, the product quality is very poor Please resolve this.",English,Product Issue,Product Support,High,English_Product Issue_07,60,10,test
ENG_0309,"Please help, I cancelled my order but have not received the refund I need an update as soon as possible.",English,Refund Issue,Refund Team,High,English_Refund Issue_01,104,20,train
HGL_0249,"Please help, mera order wrong address par deliver hua. Mujhe jaldi update chahiye.",Hinglish,Delivery Issue,Logistics Team,Medium,Hinglish_Delivery Issue_07,82,13,train
HGL_0377,Refund ki deadline already cross ho gayi. Please jaldi resolve karo.,Hinglish,Refund Issue,Refund Team,High,Hinglish_Refund Issue_06,68,11,test
HGL_0283,Ye urgent hai: courier person ne package deliver karne se mana kiya.,Hinglish,Delivery Issue,Logistics Team,Medium,Hinglish_Delivery Issue_09,68,12,train
ENG_0750,This is urgent: the package was empty when it arrived I need an update as soon as possible.,English,Product Issue,Product Support,High,English_Product Issue_10,91,18,train
HIN_0391,रिफंड गलत पेमेंट माध्यम में भेज दिया गया।,Hindi,Refund Issue,Refund Team,High,Hindi_Refund Issue_07,41,8,test
ENG_1171,A fake customer-care agent requested my bank details,English,Fraud/Security,Security Team,Critical,English_Fraud/Security_09,52,8,train
HGL_0403,Ye urgent hai: refund wrong payment method mein bheja gaya.,Hinglish,Refund Issue,Refund Team,High,Hinglish_Refund Issue_07,59,10,train
HIN_0067,"कृपया मदद करें, चेकआउट फेल होने के बाद भी राशि डेबिट हो गई।",Hindi,Payment Issue,Payments Team,High,Hindi_Payment Issue_05,59,13,train
HIN_0643,यह बहुत जरूरी है: मुझे गलत उत्पाद भेजा गया।,Hindi,Product Issue,Product Support,High,Hindi_Product Issue_03,43,9,train
HGL_0824,Ye urgent hai: mujhe item ko different size se exchange karna hai. Please jaldi resolve karo.,Hinglish,Return/Replacement,Returns Team,Medium,Hinglish_Return/Replacement_05,93,16,train
ENG_0909,"Please help, I cannot log in to my account I need an update as soon as possible.",English,Account Issue,Account Support,Medium,English_Account Issue_01,80,17,validation
HGL_0251,Mujhe help chahiye kyunki mera order wrong address par deliver hua. Please jaldi resolve karo.,Hinglish,Delivery Issue,Logistics Team,Medium,Hinglish_Delivery Issue_07,94,15,train
ENG_0087,I need assistance because the UPI transaction succeeded but the order was not placed I need an update as soon as possible.,English,Payment Issue,Payments Team,High,English_Payment Issue_06,122,22,train
HGL_0640,Mujhe help chahiye kyunki mujhe wrong product deliver hua.,Hinglish,Product Issue,Product Support,High,Hinglish_Product Issue_03,58,9,validation
HGL_0043,Ye urgent hai: payment fail hua but account se money deduct ho gayi.,Hinglish,Payment Issue,Payments Team,High,Hinglish_Payment Issue_03,68,13,train
HGL_0582,Mujhe help chahiye kyunki cancel karne ke baad bhi order active dikha raha hai. Mujhe jaldi update chahiye.,Hinglish,Cancellation Issue,Order Management,Medium,Hinglish_Cancellation Issue_09,107,18,train
ENG_0971,I need assistance because my saved address has disappeared Please resolve this.,English,Account Issue,Account Support,Medium,English_Account Issue_05,79,12,train
ENG_0014,This is urgent: my payment was deducted but the order was not confirmed Please resolve this.,English,Payment Issue,Payments Team,High,English_Payment Issue_01,92,16,train
ENG_0874,"Hello, I received the wrong replacement product",English,Return/Replacement,Returns Team,Medium,English_Return/Replacement_09,47,7,train
HIN_0524,यह बहुत जरूरी है: गलती से किया गया ऑर्डर रद्द करना है। कृपया इसे जल्दी हल करें।,Hindi,Cancellation Issue,Order Management,Medium,Hindi_Cancellation Issue_05,79,17,train
ENG_0809,This is urgent: the pickup for my return has not happened Please resolve this.,English,Return/Replacement,Returns Team,Medium,English_Return/Replacement_04,78,14,validation
HGL_0686,Mujhe help chahiye kyunki item ke parts broken hain. Please jaldi resolve karo.,Hinglish,Product Issue,Product Support,High,Hinglish_Product Issue_06,79,13,train
ENG_0515,"Hello, I accidentally placed an order and need to cancel it Please resolve this.",English,Cancellation Issue,Order Management,Medium,English_Cancellation Issue_05,80,14,train
HGL_0487,"Please help, cancellation request baar baar fail ho rahi hai.",Hinglish,Cancellation Issue,Order Management,Medium,Hinglish_Cancellation Issue_03,61,10,train
ENG_0410,"Hello, I received a smaller refund than expected Please resolve this.",English,Refund Issue,Refund Team,High,English_Refund Issue_08,69,11,test
HGL_0360,Ye urgent hai: app refunded dikha raha hai but account mein paise nahi aaye. Mujhe jaldi update chahiye.,Hinglish,Refund Issue,Refund Team,High,Hinglish_Refund Issue_04,104,18,train
HIN_0138,मेरी खरीदारी के लिए गलत राशि ली गई। मुझे जल्द से जल्द जानकारी चाहिए।,Hindi,Payment Issue,Payments Team,High,Hindi_Payment Issue_10,68,14,test
HIN_0214,"नमस्ते, मेरा पैकेज कई दिनों से एक ही जगह अटका है।",Hindi,Delivery Issue,Logistics Team,Medium,Hindi_Delivery Issue_05,49,11,train
HGL_0313,Ye urgent hai: order cancel kiya but refund abhi tak nahi mila.,Hinglish,Refund Issue,Refund Team,High,Hinglish_Refund Issue_01,63,12,train
HIN_0703,यह बहुत जरूरी है: उत्पाद की गुणवत्ता बहुत खराब है।,Hindi,Product Issue,Product Support,High,Hindi_Product Issue_07,50,10,validation
HIN_1096,मुझे ऐसी खरीदारी का ओटीपी मिला जो मैंने नहीं की।,Hindi,Fraud/Security,Security Team,Critical,Hindi_Fraud/Security_04,48,10,validation
HGL_0904,"Hello, main apne account mein login nahi kar pa rahi hoon.",Hinglish,Account Issue,Account Support,Medium,Hinglish_Account Issue_01,58,11,train
ENG_0007,"Please help, my payment was deducted but the order was not confirmed",English,Payment Issue,Payments Team,High,English_Payment Issue_01,68,12,train
ENG_0383,"Please help, the refund deadline has already passed Please resolve this.",English,Refund Issue,Refund Team,High,English_Refund Issue_06,72,11,train
HGL_1192,"Please help, mere account se multiple unauthorised purchases hui hain.",Hinglish,Fraud/Security,Security Team,Critical,Hinglish_Fraud/Security_10,70,10,test
HGL_0229,"Hello, delivery date baar baar change ho rahi hai.",Hinglish,Delivery Issue,Logistics Team,Medium,Hinglish_Delivery Issue_06,50,9,test
HGL_0929,Ye urgent hai: mujhe login OTP receive nahi ho raha. Please jaldi resolve karo.,Hinglish,Account Issue,Account Support,Medium,Hinglish_Account Issue_02,79,14,test
HIN_0738,मुझे खाली पैकेज मिला है। मुझे जल्द से जल्द जानकारी चाहिए।,Hindi,Product Issue,Product Support,High,Hindi_Product Issue_10,57,11,test
HIN_1019,यह बहुत जरूरी है: मैं अकाउंट से जुड़ा ईमेल नहीं बदल पा रही हूँ। कृपया इसे जल्दी हल करें।,Hindi,Account Issue,Account Support,Medium,Hindi_Account Issue_08,88,19,test
HIN_0514,"नमस्ते, गलती से किया गया ऑर्डर रद्द करना है।",Hindi,Cancellation Issue,Order Management,Medium,Hindi_Cancellation Issue_05,44,9,train
HGL_0115,Mujhe help chahiye kyunki main apne order ka payment complete nahi kar pa rahi hoon.,Hinglish,Payment Issue,Payments Team,High,Hinglish_Payment Issue_08,84,15,train
HGL_0221,Mujhe help chahiye kyunki mera package same location par stuck hai. Please jaldi resolve karo.,Hinglish,Delivery Issue,Logistics Team,Medium,Hinglish_Delivery Issue_05,94,15,train
HIN_0194,यह बहुत जरूरी है: ट्रैकिंग में डिलीवर दिख रहा है लेकिन पैकेज नहीं मिला। कृपया इसे जल्दी हल करें।,Hindi,Delivery Issue,Logistics Team,Medium,Hindi_Delivery Issue_03,96,19,train
ENG_0553,This is urgent: the app is not showing the cancellation option,English,Cancellation Issue,Order Management,Medium,English_Cancellation Issue_07,62,11,test
HGL_0941,Mujhe help chahiye kyunki mera account lock ho gaya hai. Please jaldi resolve karo.,Hinglish,Account Issue,Account Support,Medium,Hinglish_Account Issue_03,83,14,train
ENG_0223,This is urgent: my package is stuck at the same location,English,Delivery Issue,Logistics Team,Medium,English_Delivery Issue_05,56,11,test
HIN_0183,ट्रैकिंग में डिलीवर दिख रहा है लेकिन पैकेज नहीं मिला। मुझे जल्द से जल्द जानकारी चाहिए।,Hindi,Delivery Issue,Logistics Team,Medium,Hindi_Delivery Issue_03,86,16,train
ENG_1097,I received an OTP for a purchase I did not make Please resolve this.,English,Fraud/Security,Security Team,Critical,English_Fraud/Security_04,68,14,train
HGL_0712,"Please help, mujhe expired product mila hai.",Hinglish,Product Issue,Product Support,High,Hinglish_Product Issue_08,44,7,test
ENG_0009,"Please help, my payment was deducted but the order was not confirmed I need an update as soon as possible.",English,Payment Issue,Payments Team,High,English_Payment Issue_01,106,20,train
ENG_0635,"Hello, I received the wrong product Please resolve this.",English,Product Issue,Product Support,High,English_Product Issue_03,56,9,train
ENG_0317,The refund is still pending Please resolve this.,English,Refund Issue,Refund Team,High,English_Refund Issue_02,48,8,validation
HIN_0129,"कृपया मदद करें, चेकआउट के समय पेमेंट पेज बार-बार फेल हो रहा है। मुझे जल्द से जल्द जानकारी चाहिए।",Hindi,Payment Issue,Payments Team,High,Hindi_Payment Issue_09,96,19,test
ENG_0428,"Please help, the refund status has not changed for several days Please resolve this.",English,Refund Issue,Refund Team,High,English_Refund Issue_09,84,14,train
HGL_0431,Mujhe help chahiye kyunki refund status kai din se change nahi hua. Please jaldi resolve karo.,Hinglish,Refund Issue,Refund Team,High,Hinglish_Refund Issue_09,94,16,test
ENG_0106,I cannot complete the payment for my order,English,Payment Issue,Payments Team,High,English_Payment Issue_08,42,8,train
HIN_0809,यह बहुत जरूरी है: रिटर्न के लिए पिकअप अभी तक नहीं हुआ। कृपया इसे जल्दी हल करें।,Hindi,Return/Replacement,Returns Team,Medium,Hindi_Return/Replacement_04,79,17,validation
ENG_0143,"Please help, the wrong amount was charged for my purchase Please resolve this.",English,Payment Issue,Payments Team,High,English_Payment Issue_10,78,13,train
ENG_0122,The payment page keeps failing during checkout Please resolve this.,English,Payment Issue,Payments Team,High,English_Payment Issue_09,67,10,train
HGL_0161,Mujhe help chahiye kyunki mera order abhi tak deliver nahi hua. Please jaldi resolve karo.,Hinglish,Delivery Issue,Logistics Team,Medium,Hinglish_Delivery Issue_01,90,15,train
HGL_0669,"Please help, package mein ek accessory missing hai. Mujhe jaldi update chahiye.",Hinglish,Product Issue,Product Support,High,Hinglish_Product Issue_05,79,12,train
HGL_1037,Same number se accidentally do accounts create ho gaye. Please jaldi resolve karo.,Hinglish,Account Issue,Account Support,Medium,Hinglish_Account Issue_10,82,13,validation
ENG_1190,"Hello, there are multiple unauthorised purchases on my account Please resolve this.",English,Fraud/Security,Security Team,Critical,English_Fraud/Security_10,83,12,train
HGL_0747,Mujhe help chahiye kyunki delivery mein empty package mila hai. Mujhe jaldi update chahiye.,Hinglish,Product Issue,Product Support,High,Hinglish_Product Issue_10,91,14,train
HGL_0714,"Please help, mujhe expired product mila hai. Mujhe jaldi update chahiye.",Hinglish,Product Issue,Product Support,High,Hinglish_Product Issue_08,72,11,test
HGL_0728,"Please help, product ka size ya colour order se different hai. Please jaldi resolve karo.",Hinglish,Product Issue,Product Support,High,Hinglish_Product Issue_09,89,15,train
HIN_0490,मुझे सहायता चाहिए क्योंकि कैंसलेशन अनुरोध बार-बार फेल हो रहा है।,Hindi,Cancellation Issue,Order Management,Medium,Hindi_Cancellation Issue_03,64,11,train
ENG_0116,I need assistance because I cannot complete the payment for my order Please resolve this.,English,Payment Issue,Payments Team,High,English_Payment Issue_08,89,15,train
HGL_0427,"Please help, refund status kai din se change nahi hua.",Hinglish,Refund Issue,Refund Team,High,Hinglish_Refund Issue_09,54,10,test
HGL_0798,Return pickup abhi tak nahi hua. Mujhe jaldi update chahiye.,Hinglish,Return/Replacement,Returns Team,Medium,Hinglish_Return/Replacement_04,60,10,validation
HIN_0641,मुझे सहायता चाहिए क्योंकि मुझे गलत उत्पाद भेजा गया। कृपया इसे जल्दी हल करें।,Hindi,Product Issue,Product Support,High,Hindi_Product Issue_03,76,14,train
HGL_0175,Mujhe help chahiye kyunki promised date ke baad bhi package nahi aaya.,Hinglish,Delivery Issue,Logistics Team,Medium,Hinglish_Delivery Issue_02,70,12,train
HGL_0956,Mujhe help chahiye kyunki main apna phone number update nahi kar pa rahi hoon. Please jaldi resolve karo.,Hinglish,Account Issue,Account Support,Medium,Hinglish_Account Issue_04,105,18,train
HGL_1137,Mujhe help chahiye kyunki kisi ne mere account ka password change kar diya. Mujhe jaldi update chahiye.,Hinglish,Fraud/Security,Security Team,Critical,Hinglish_Fraud/Security_06,103,17,train
HGL_0029,Ye urgent hai: same order ke liye do baar paise cut gaye. Please jaldi resolve karo.,Hinglish,Payment Issue,Payments Team,High,Hinglish_Payment Issue_02,84,16,train
HGL_0246,"Hello, mera order wrong address par deliver hua. Mujhe jaldi update chahiye.",Hinglish,Delivery Issue,Logistics Team,Medium,Hinglish_Delivery Issue_07,76,12,train
ENG_0673,This is urgent: an accessory is missing from the package,English,Product Issue,Product Support,High,English_Product Issue_05,56,10,train
HGL_0060,Ye urgent hai: mera card payment processing mein stuck hai. Mujhe jaldi update chahiye.,Hinglish,Payment Issue,Payments Team,High,Hinglish_Payment Issue_04,87,14,train
ENG_0092,Cash was charged even though the order shows payment pending Please resolve this.,English,Payment Issue,Payments Team,High,English_Payment Issue_07,81,13,test
ENG_1110,This is urgent: I received an OTP for a purchase I did not make I need an update as soon as possible.,English,Fraud/Security,Security Team,Critical,English_Fraud/Security_04,101,22,train
HIN_0922,"कृपया मदद करें, मुझे लॉगिन ओटीपी नहीं मिल रहा है।",Hindi,Account Issue,Account Support,Medium,Hindi_Account Issue_02,49,10,train
ENG_0592,"Please help, I was charged a fee for cancelling the order",English,Cancellation Issue,Order Management,Medium,English_Cancellation Issue_10,57,11,train
HIN_0888,मेरा रिटर्न अनुरोध बिना कारण रद्द कर दिया गया। मुझे जल्द से जल्द जानकारी चाहिए।,Hindi,Return/Replacement,Returns Team,Medium,Hindi_Return/Replacement_10,79,15,train
HGL_1101,"Hello, mujhe aisi purchase ka OTP mila jo maine nahi ki. Mujhe jaldi update chahiye.",Hinglish,Fraud/Security,Security Team,Critical,Hinglish_Fraud/Security_04,84,15,validation
HIN_0830,"नमस्ते, रिप्लेसमेंट ऑर्डर अभी तक भेजा नहीं गया। कृपया इसे जल्दी हल करें।",Hindi,Return/Replacement,Returns Team,Medium,Hindi_Return/Replacement_06,72,13,train
ENG_0889,"Hello, my return request was cancelled without explanation",English,Return/Replacement,Returns Team,Medium,English_Return/Replacement_10,58,8,train
HIN_1082,मेरा अकाउंट हैक हो गया है। कृपया इसे जल्दी हल करें।,Hindi,Fraud/Security,Security Team,Critical,Hindi_Fraud/Security_03,51,11,train
HIN_0789,"कृपया मदद करें, मेरा रिटर्न अनुरोध स्वीकार नहीं हो रहा है। मुझे जल्द से जल्द जानकारी चाहिए।",Hindi,Return/Replacement,Returns Team,Medium,Hindi_Return/Replacement_03,91,17,train
HIN_0377,रिफंड मिलने की समय सीमा निकल चुकी है। कृपया इसे जल्दी हल करें।,Hindi,Refund Issue,Refund Team,High,Hindi_Refund Issue_06,62,13,train
HIN_1142,मेरे अकाउंट में एक अनजान डिलीवरी पता दिखाई दे रहा है। कृपया इसे जल्दी हल करें।,Hindi,Fraud/Security,Security Team,Critical,Hindi_Fraud/Security_07,78,16,train
HIN_0515,"नमस्ते, गलती से किया गया ऑर्डर रद्द करना है। कृपया इसे जल्दी हल करें।",Hindi,Cancellation Issue,Order Management,Medium,Hindi_Cancellation Issue_05,69,14,train
ENG_0214,"Hello, my package is stuck at the same location",English,Delivery Issue,Logistics Team,Medium,English_Delivery Issue_05,47,9,test
ENG_0779,This is urgent: I need a replacement for the damaged item Please resolve this.,English,Return/Replacement,Returns Team,Medium,English_Return/Replacement_02,78,14,train
HGL_0184,"Hello, tracking delivered dikha raha hai but package nahi mila.",Hinglish,Delivery Issue,Logistics Team,Medium,Hinglish_Delivery Issue_03,63,10,validation
HIN_0249,"कृपया मदद करें, मेरा ऑर्डर गलत पते पर भेज दिया गया। मुझे जल्द से जल्द जानकारी चाहिए।",Hindi,Delivery Issue,Logistics Team,Medium,Hindi_Delivery Issue_07,84,17,train
HIN_1200,यह बहुत जरूरी है: मेरे अकाउंट से कई अनधिकृत खरीदारी हुई हैं। मुझे जल्द से जल्द जानकारी चाहिए।,Hindi,Fraud/Security,Security Team,Critical,Hindi_Fraud/Security_10,93,18,train
ENG_0801,"Hello, the pickup for my return has not happened I need an update as soon as possible.",English,Return/Replacement,Returns Team,Medium,English_Return/Replacement_04,86,17,validation
HGL_0566,Mujhe help chahiye kyunki mujhe order ka ek item cancel karna hai. Please jaldi resolve karo.,Hinglish,Cancellation Issue,Order Management,Medium,Hinglish_Cancellation Issue_08,93,16,train
HGL_1145,"Hello, account mein unknown delivery address add hua hai. Please jaldi resolve karo.",Hinglish,Fraud/Security,Security Team,Critical,Hinglish_Fraud/Security_07,84,13,train
HIN_0928,यह बहुत जरूरी है: मुझे लॉगिन ओटीपी नहीं मिल रहा है।,Hindi,Account Issue,Account Support,Medium,Hindi_Account Issue_02,51,11,train
HIN_0368,"कृपया मदद करें, रिटर्न स्वीकार होने के बाद भी रिफंड नहीं मिला। कृपया इसे जल्दी हल करें।",Hindi,Refund Issue,Refund Team,High,Hindi_Refund Issue_05,87,17,train
HGL_0622,"Please help, item defective hai aur work nahi kar raha.",Hinglish,Product Issue,Product Support,High,Hinglish_Product Issue_02,55,10,test
HGL_0868,Ye urgent hai: courier person ne return collect karne se mana kiya.,Hinglish,Return/Replacement,Returns Team,Medium,Hinglish_Return/Replacement_08,67,12,train
HIN_0319,"नमस्ते, मेरा रिफंड अभी भी पेंडिंग है।",Hindi,Refund Issue,Refund Team,High,Hindi_Refund Issue_02,37,7,train
HIN_0920,"नमस्ते, मुझे लॉगिन ओटीपी नहीं मिल रहा है। कृपया इसे जल्दी हल करें।",Hindi,Account Issue,Account Support,Medium,Hindi_Account Issue_02,66,13,train
HGL_0850,Mujhe help chahiye kyunki return window galat closed show ho rahi hai.,Hinglish,Return/Replacement,Returns Team,Medium,Hinglish_Return/Replacement_07,70,12,test
HIN_0144,"कृपया मदद करें, मेरी खरीदारी के लिए गलत राशि ली गई। मुझे जल्द से जल्द जानकारी चाहिए।",Hindi,Payment Issue,Payments Team,High,Hindi_Payment Issue_10,84,17,test
ENG_0274,"Hello, the courier refused to deliver my package",English,Delivery Issue,Logistics Team,Medium,English_Delivery Issue_09,48,8,train
HIN_0613,यह बहुत जरूरी है: मुझे मिला हुआ उत्पाद खराब है।,Hindi,Product Issue,Product Support,High,Hindi_Product Issue_01,47,10,test
ENG_0072,I need assistance because the amount was debited even though checkout failed I need an update as soon as possible.,English,Payment Issue,Payments Team,High,English_Payment Issue_05,114,20,train
ENG_0721,The size or colour is different from what I ordered,English,Product Issue,Product Support,High,English_Product Issue_09,51,10,test
HIN_0541,ऐप में कैंसलेशन का विकल्प नहीं दिख रहा है।,Hindi,Cancellation Issue,Order Management,Medium,Hindi_Cancellation Issue_07,42,9,test
ENG_1088,"Please help, my account appears to have been hacked Please resolve this.",English,Fraud/Security,Security Team,Critical,English_Fraud/Security_03,72,12,test
ENG_0395,"Hello, the refund was sent to the wrong payment method Please resolve this.",English,Refund Issue,Refund Team,High,English_Refund Issue_07,75,13,train
ENG_0584,This is urgent: my order still appears active after cancellation Please resolve this.,English,Cancellation Issue,Order Management,Medium,English_Cancellation Issue_09,85,13,train
HGL_1081,Lagta hai mera account hack ho gaya hai.,Hinglish,Fraud/Security,Security Team,Critical,Hinglish_Fraud/Security_03,40,8,test
HGL_0017,Same order ke liye do baar paise cut gaye. Please jaldi resolve karo.,Hinglish,Payment Issue,Payments Team,High,Hinglish_Payment Issue_02,69,13,train
HGL_0024,"Please help, same order ke liye do baar paise cut gaye. Mujhe jaldi update chahiye.",Hinglish,Payment Issue,Payments Team,High,Hinglish_Payment Issue_02,83,15,train
ENG_0501,"Hello, the order was shipped after I requested cancellation I need an update as soon as possible.",English,Cancellation Issue,Order Management,Medium,English_Cancellation Issue_04,97,17,test
HGL_0096,"Hello, payment karne ke baad bhi order pending dikha raha hai. Mujhe jaldi update chahiye.",Hinglish,Payment Issue,Payments Team,High,Hinglish_Payment Issue_07,90,15,test
HGL_0267,Mujhe help chahiye kyunki mere order ka sirf ek part deliver hua. Mujhe jaldi update chahiye.,Hinglish,Delivery Issue,Logistics Team,Medium,Hinglish_Delivery Issue_08,93,16,train
HIN_1148,"कृपया मदद करें, मेरे अकाउंट में एक अनजान डिलीवरी पता दिखाई दे रहा है। कृपया इसे जल्दी हल करें।",Hindi,Fraud/Security,Security Team,Critical,Hindi_Fraud/Security_07,94,19,train
HGL_1173,Fake customer care agent ne bank details maangi. Mujhe jaldi update chahiye.,Hinglish,Fraud/Security,Security Team,Critical,Hinglish_Fraud/Security_09,76,12,train
HGL_0887,Meri return request bina reason cancel ho gayi. Please jaldi resolve karo.,Hinglish,Return/Replacement,Returns Team,Medium,Hinglish_Return/Replacement_10,74,12,train
HIN_1165,मुझे सहायता चाहिए क्योंकि मुझे पेमेंट मांगने वाला संदिग्ध संदेश मिला।,Hindi,Fraud/Security,Security Team,Critical,Hindi_Fraud/Security_08,69,11,train
HGL_1064,Ye urgent hai: mere account mein unknown transaction hua hai. Please jaldi resolve karo.,Hinglish,Fraud/Security,Security Team,Critical,Hinglish_Fraud/Security_01,88,14,train
HIN_0564,"कृपया मदद करें, मैं ऑर्डर में से एक सामान रद्द करना चाहती हूँ। मुझे जल्द से जल्द जानकारी चाहिए।",Hindi,Cancellation Issue,Order Management,Medium,Hindi_Cancellation Issue_08,95,19,train
HIN_0060,यह बहुत जरूरी है: मेरा कार्ड पेमेंट प्रोसेसिंग में अटका हुआ है। मुझे जल्द से जल्द जानकारी चाहिए।,Hindi,Payment Issue,Payments Team,High,Hindi_Payment Issue_04,96,18,train
HIN_0987,मुझे सहायता चाहिए क्योंकि मैं अपना पासवर्ड रीसेट नहीं कर पा रही हूँ। मुझे जल्द से जल्द जानकारी चाहिए।,Hindi,Account Issue,Account Support,Medium,Hindi_Account Issue_06,101,19,train
HIN_1072,"कृपया मदद करें, किसी ने मेरे अकाउंट से ऑर्डर किया है।",Hindi,Fraud/Security,Security Team,Critical,Hindi_Fraud/Security_02,53,11,test
ENG_0206,I need assistance because the courier has not contacted me Please resolve this.,English,Delivery Issue,Logistics Team,Medium,English_Delivery Issue_04,79,13,test
ENG_0734,This is urgent: the size or colour is different from what I ordered Please resolve this.,English,Product Issue,Product Support,High,English_Product Issue_09,88,16,test
ENG_1177,"Please help, a fake customer-care agent requested my bank details",English,Fraud/Security,Security Team,Critical,English_Fraud/Security_09,65,10,train
ENG_0527,The seller rejected my cancellation request Please resolve this.,English,Cancellation Issue,Order Management,Medium,English_Cancellation Issue_06,64,9,validation
HGL_0422,Refund status kai din se change nahi hua. Please jaldi resolve karo.,Hinglish,Refund Issue,Refund Team,High,Hinglish_Refund Issue_09,68,12,test
HIN_0939,"कृपया मदद करें, मेरा अकाउंट लॉक हो गया है। मुझे जल्द से जल्द जानकारी चाहिए।",Hindi,Account Issue,Account Support,Medium,Hindi_Account Issue_03,75,15,train
ENG_0899,This is urgent: my return request was cancelled without explanation Please resolve this.,English,Return/Replacement,Returns Team,Medium,English_Return/Replacement_10,88,13,train
ENG_0378,The refund deadline has already passed I need an update as soon as possible.,English,Refund Issue,Refund Team,High,English_Refund Issue_06,76,14,train
HGL_0126,"Hello, checkout ke time payment page baar baar fail ho raha hai. Mujhe jaldi update chahiye.",Hinglish,Payment Issue,Payments Team,High,Hinglish_Payment Issue_09,92,16,validation
HIN_0360,यह बहुत जरूरी है: ऐप में रिफंड दिख रहा है लेकिन खाते में पैसे नहीं आए। मुझे जल्द से जल्द जानकारी चाहिए।,Hindi,Refund Issue,Refund Team,High,Hindi_Refund Issue_04,103,22,test
HGL_0574,"Hello, cancel karne ke baad bhi order active dikha raha hai.",Hinglish,Cancellation Issue,Order Management,Medium,Hinglish_Cancellation Issue_09,60,11,train
HGL_0814,"Hello, mujhe item ko different size se exchange karna hai.",Hinglish,Return/Replacement,Returns Team,Medium,Hinglish_Return/Replacement_05,58,10,train
ENG_0349,"Hello, the app says refunded but the money is not in my account",English,Refund Issue,Refund Team,High,English_Refund Issue_04,63,13,test
ENG_0387,I need assistance because the refund deadline has already passed I need an update as soon as possible.,English,Refund Issue,Refund Team,High,English_Refund Issue_06,102,18,train
ENG_0199,"Hello, the courier has not contacted me",English,Delivery Issue,Logistics Team,Medium,English_Delivery Issue_04,39,7,test
HGL_1119,"Please help, mere saved card ko bina permission use kiya gaya. Mujhe jaldi update chahiye.",Hinglish,Fraud/Security,Security Team,Critical,Hinglish_Fraud/Security_05,90,15,train
HIN_0510,यह बहुत जरूरी है: कैंसलेशन के बाद भी ऑर्डर भेज दिया गया। मुझे जल्द से जल्द जानकारी चाहिए।,Hindi,Cancellation Issue,Order Management,Medium,Hindi_Cancellation Issue_04,89,18,train
ENG_1051,There is an unknown transaction on my account,English,Fraud/Security,Security Team,Critical,English_Fraud/Security_01,45,8,train
ENG_0591,"Hello, I was charged a fee for cancelling the order I need an update as soon as possible.",English,Cancellation Issue,Order Management,Medium,English_Cancellation Issue_10,89,18,train
ENG_0520,I need assistance because I accidentally placed an order and need to cancel it,English,Cancellation Issue,Order Management,Medium,English_Cancellation Issue_05,78,14,train
HGL_0027,Mujhe help chahiye kyunki same order ke liye do baar paise cut gaye. Mujhe jaldi update chahiye.,Hinglish,Payment Issue,Payments Team,High,Hinglish_Payment Issue_02,96,17,train
HIN_0429,"कृपया मदद करें, कई दिनों से रिफंड की स्थिति नहीं बदली है। मुझे जल्द से जल्द जानकारी चाहिए।",Hindi,Refund Issue,Refund Team,High,Hindi_Refund Issue_09,90,18,validation
HGL_0510,Ye urgent hai: cancel karne ke baad bhi order ship ho gaya. Mujhe jaldi update chahiye.,Hinglish,Cancellation Issue,Order Management,Medium,Hinglish_Cancellation Issue_04,87,16,train
HGL_0048,Mera card payment processing mein stuck hai. Mujhe jaldi update chahiye.,Hinglish,Payment Issue,Payments Team,High,Hinglish_Payment Issue_04,72,11,train
ENG_0430,I need assistance because the refund status has not changed for several days,English,Refund Issue,Refund Team,High,English_Refund Issue_09,76,13,train
ENG_1084,"Hello, my account appears to have been hacked",English,Fraud/Security,Security Team,Critical,English_Fraud/Security_03,45,8,test
HGL_0018,Same order ke liye do baar paise cut gaye. Mujhe jaldi update chahiye.,Hinglish,Payment Issue,Payments Team,High,Hinglish_Payment Issue_02,70,13,train
HGL_0621,"Hello, item defective hai aur work nahi kar raha. Mujhe jaldi update chahiye.",Hinglish,Product Issue,Product Support,High,Hinglish_Product Issue_02,77,13,test
ENG_0208,This is urgent: the courier has not contacted me,English,Delivery Issue,Logistics Team,Medium,English_Delivery Issue_04,48,9,test
ENG_0492,I need assistance because my cancellation request keeps failing I need an update as soon as possible.,English,Cancellation Issue,Order Management,Medium,English_Cancellation Issue_03,101,17,train
HIN_0748,यह बहुत जरूरी है: मुझे खाली पैकेज मिला है।,Hindi,Product Issue,Product Support,High,Hindi_Product Issue_10,42,9,test
HIN_0610,मुझे सहायता चाहिए क्योंकि मुझे मिला हुआ उत्पाद खराब है।,Hindi,Product Issue,Product Support,High,Hindi_Product Issue_01,55,10,test
HIN_0835,मुझे सहायता चाहिए क्योंकि रिप्लेसमेंट ऑर्डर अभी तक भेजा नहीं गया।,Hindi,Return/Replacement,Returns Team,Medium,Hindi_Return/Replacement_06,65,11,train
HGL_1092,Mujhe help chahiye kyunki lagta hai mera account hack ho gaya hai. Mujhe jaldi update chahiye.,Hinglish,Fraud/Security,Security Team,Critical,Hinglish_Fraud/Security_03,94,16,test
ENG_0793,This is urgent: the return request is not being accepted,English,Return/Replacement,Returns Team,Medium,English_Return/Replacement_03,56,10,train
HGL_0581,Mujhe help chahiye kyunki cancel karne ke baad bhi order active dikha raha hai. Please jaldi resolve karo.,Hinglish,Cancellation Issue,Order Management,Medium,Hinglish_Cancellation Issue_09,106,18,train
HGL_0131,Mujhe help chahiye kyunki checkout ke time payment page baar baar fail ho raha hai. Please jaldi resolve karo.,Hinglish,Payment Issue,Payments Team,High,Hinglish_Payment Issue_09,110,19,validation
ENG_1187,There are multiple unauthorised purchases on my account Please resolve this.,English,Fraud/Security,Security Team,Critical,English_Fraud/Security_10,76,11,train
ENG_1186,There are multiple unauthorised purchases on my account,English,Fraud/Security,Security Team,Critical,English_Fraud/Security_10,55,8,train
HIN_0351,"नमस्ते, ऐप में रिफंड दिख रहा है लेकिन खाते में पैसे नहीं आए। मुझे जल्द से जल्द जानकारी चाहिए।",Hindi,Refund Issue,Refund Team,High,Hindi_Refund Issue_04,93,19,test
HGL_0718,Ye urgent hai: mujhe expired product mila hai.,Hinglish,Product Issue,Product Support,High,Hinglish_Product Issue_08,46,8,test
HIN_0716,मुझे सहायता चाहिए क्योंकि मुझे एक्सपायर हो चुका उत्पाद मिला। कृपया इसे जल्दी हल करें।,Hindi,Product Issue,Product Support,High,Hindi_Product Issue_08,85,15,train
HGL_0485,"Hello, cancellation request baar baar fail ho rahi hai. Please jaldi resolve karo.",Hinglish,Cancellation Issue,Order Management,Medium,Hinglish_Cancellation Issue_03,82,13,train
HGL_0985,Mujhe help chahiye kyunki main password reset nahi kar pa rahi hoon.,Hinglish,Account Issue,Account Support,Medium,Hinglish_Account Issue_06,68,12,train
HIN_0331,मुझे रिफंड की केवल कुछ राशि मिली है।,Hindi,Refund Issue,Refund Team,High,Hindi_Refund Issue_03,36,8,train
HIN_0211,मेरा पैकेज कई दिनों से एक ही जगह अटका है।,Hindi,Delivery Issue,Logistics Team,Medium,Hindi_Delivery Issue_05,41,10,train
HIN_0277,"कृपया मदद करें, कूरियर वाले ने पैकेज देने से मना कर दिया।",Hindi,Delivery Issue,Logistics Team,Medium,Hindi_Delivery Issue_09,57,12,validation
HGL_0459,"Please help, main apna order cancel nahi kar pa rahi hoon. Mujhe jaldi update chahiye.",Hinglish,Cancellation Issue,Order Management,Medium,Hinglish_Cancellation Issue_01,86,15,test
HIN_0598,यह बहुत जरूरी है: ऑर्डर रद्द करने पर मुझसे शुल्क लिया गया।,Hindi,Cancellation Issue,Order Management,Medium,Hindi_Cancellation Issue_10,58,12,train
ENG_0084,"Please help, the UPI transaction succeeded but the order was not placed I need an update as soon as possible.",English,Payment Issue,Payments Team,High,English_Payment Issue_06,109,20,train
HGL_0434,Ye urgent hai: refund status kai din se change nahi hua. Please jaldi resolve karo.,Hinglish,Refund Issue,Refund Team,High,Hinglish_Refund Issue_09,83,15,test
HGL_0270,Ye urgent hai: mere order ka sirf ek part deliver hua. Mujhe jaldi update chahiye.,Hinglish,Delivery Issue,Logistics Team,Medium,Hinglish_Delivery Issue_08,82,15,train
ENG_0021,"Hello, I was charged twice for the same order I need an update as soon as possible.",English,Payment Issue,Payments Team,High,English_Payment Issue_02,83,17,train
HIN_1176,"नमस्ते, नकली कस्टमर केयर एजेंट ने बैंक की जानकारी मांगी। मुझे जल्द से जल्द जानकारी चाहिए।",Hindi,Fraud/Security,Security Team,Critical,Hindi_Fraud/Security_09,89,16,train
HIN_0428,"कृपया मदद करें, कई दिनों से रिफंड की स्थिति नहीं बदली है। कृपया इसे जल्दी हल करें।",Hindi,Refund Issue,Refund Team,High,Hindi_Refund Issue_09,82,17,validation
HIN_0930,यह बहुत जरूरी है: मुझे लॉगिन ओटीपी नहीं मिल रहा है। मुझे जल्द से जल्द जानकारी चाहिए।,Hindi,Account Issue,Account Support,Medium,Hindi_Account Issue_02,84,17,train
HGL_0233,"Please help, delivery date baar baar change ho rahi hai. Please jaldi resolve karo.",Hinglish,Delivery Issue,Logistics Team,Medium,Hinglish_Delivery Issue_06,83,14,test
HIN_0206,मुझे सहायता चाहिए क्योंकि कूरियर वाले ने मुझसे संपर्क नहीं किया। कृपया इसे जल्दी हल करें।,Hindi,Delivery Issue,Logistics Team,Medium,Hindi_Delivery Issue_04,89,16,test
HGL_1179,"Please help, fake customer care agent ne bank details maangi. Mujhe jaldi update chahiye.",Hinglish,Fraud/Security,Security Team,Critical,Hinglish_Fraud/Security_09,89,14,train
HIN_0531,"नमस्ते, विक्रेता ने मेरा कैंसलेशन अनुरोध अस्वीकार कर दिया। मुझे जल्द से जल्द जानकारी चाहिए।",Hindi,Cancellation Issue,Order Management,Medium,Hindi_Cancellation Issue_06,91,15,train
HIN_0363,रिटर्न स्वीकार होने के बाद भी रिफंड नहीं मिला। मुझे जल्द से जल्द जानकारी चाहिए।,Hindi,Refund Issue,Refund Team,High,Hindi_Refund Issue_05,79,15,train
HGL_1188,Mere account se multiple unauthorised purchases hui hain. Mujhe jaldi update chahiye.,Hinglish,Fraud/Security,Security Team,Critical,Hinglish_Fraud/Security_10,85,12,test
HGL_0827,Replacement order abhi tak ship nahi hua. Please jaldi resolve karo.,Hinglish,Return/Replacement,Returns Team,Medium,Hinglish_Return/Replacement_06,68,11,train
HIN_1191,"नमस्ते, मेरे अकाउंट से कई अनधिकृत खरीदारी हुई हैं। मुझे जल्द से जल्द जानकारी चाहिए।",Hindi,Fraud/Security,Security Team,Critical,Hindi_Fraud/Security_10,83,15,train
ENG_0974,This is urgent: my saved address has disappeared Please resolve this.,English,Account Issue,Account Support,Medium,English_Account Issue_05,69,11,train
HIN_0511,गलती से किया गया ऑर्डर रद्द करना है।,Hindi,Cancellation Issue,Order Management,Medium,Hindi_Cancellation Issue_05,36,8,train
HGL_0947,Main apna phone number update nahi kar pa rahi hoon. Please jaldi resolve karo.,Hinglish,Account Issue,Account Support,Medium,Hinglish_Account Issue_04,79,14,train
HGL_0727,"Please help, product ka size ya colour order se different hai.",Hinglish,Product Issue,Product Support,High,Hinglish_Product Issue_09,62,11,train
ENG_0884,This is urgent: I received the wrong replacement product Please resolve this.,English,Return/Replacement,Returns Team,Medium,English_Return/Replacement_09,77,12,train
ENG_1099,"Hello, I received an OTP for a purchase I did not make",English,Fraud/Security,Security Team,Critical,English_Fraud/Security_04,54,12,train
ENG_0157,"Please help, my order has not arrived yet",English,Delivery Issue,Logistics Team,Medium,English_Delivery Issue_01,41,8,train
HGL_0331,Mujhe sirf partial refund mila hai.,Hinglish,Refund Issue,Refund Team,High,Hinglish_Refund Issue_03,35,6,train
ENG_0887,My return request was cancelled without explanation Please resolve this.,English,Return/Replacement,Returns Team,Medium,English_Return/Replacement_10,72,10,train
HGL_1197,Mujhe help chahiye kyunki mere account se multiple unauthorised purchases hui hain. Mujhe jaldi update chahiye.,Hinglish,Fraud/Security,Security Team,Critical,Hinglish_Fraud/Security_10,111,16,test
HIN_0980,"नमस्ते, मैं अपना पासवर्ड रीसेट नहीं कर पा रही हूँ। कृपया इसे जल्दी हल करें।",Hindi,Account Issue,Account Support,Medium,Hindi_Account Issue_06,75,15,train
HIN_0313,यह बहुत जरूरी है: मैंने ऑर्डर रद्द किया लेकिन रिफंड नहीं मिला।,Hindi,Refund Issue,Refund Team,High,Hindi_Refund Issue_01,62,12,train
HGL_0564,"Please help, mujhe order ka ek item cancel karna hai. Mujhe jaldi update chahiye.",Hinglish,Cancellation Issue,Order Management,Medium,Hinglish_Cancellation Issue_08,81,14,train
HGL_0832,"Please help, replacement order abhi tak ship nahi hua.",Hinglish,Return/Replacement,Returns Team,Medium,Hinglish_Return/Replacement_06,54,9,train
HGL_0633,Mujhe wrong product deliver hua. Mujhe jaldi update chahiye.,Hinglish,Product Issue,Product Support,High,Hinglish_Product Issue_03,60,9,validation
HGL_0215,"Hello, mera package same location par stuck hai. Please jaldi resolve karo.",Hinglish,Delivery Issue,Logistics Team,Medium,Hinglish_Delivery Issue_05,75,12,train
ENG_0738,The package was empty when it arrived I need an update as soon as possible.,English,Product Issue,Product Support,High,English_Product Issue_10,75,15,train
HIN_0254,यह बहुत जरूरी है: मेरा ऑर्डर गलत पते पर भेज दिया गया। कृपया इसे जल्दी हल करें।,Hindi,Delivery Issue,Logistics Team,Medium,Hindi_Delivery Issue_07,78,17,train
HIN_0306,"नमस्ते, मैंने ऑर्डर रद्द किया लेकिन रिफंड नहीं मिला। मुझे जल्द से जल्द जानकारी चाहिए।",Hindi,Refund Issue,Refund Team,High,Hindi_Refund Issue_01,85,15,train
HGL_0626,Mujhe help chahiye kyunki item defective hai aur work nahi kar raha. Please jaldi resolve karo.,Hinglish,Product Issue,Product Support,High,Hinglish_Product Issue_02,95,16,test
HGL_0776,Mujhe help chahiye kyunki damaged item ka replacement chahiye. Please jaldi resolve karo.,Hinglish,Return/Replacement,Returns Team,Medium,Hinglish_Return/Replacement_02,89,13,train
ENG_0459,"Please help, I am unable to cancel my order I need an update as soon as possible.",English,Cancellation Issue,Order Management,Medium,English_Cancellation Issue_01,81,17,train
HGL_1139,Ye urgent hai: kisi ne mere account ka password change kar diya. Please jaldi resolve karo.,Hinglish,Fraud/Security,Security Team,Critical,Hinglish_Fraud/Security_06,91,16,train
HIN_0752,मैं इस उत्पाद को वापस करना चाहती हूँ। कृपया इसे जल्दी हल करें।,Hindi,Return/Replacement,Returns Team,Medium,Hindi_Return/Replacement_01,62,13,train
ENG_0079,"Hello, the UPI transaction succeeded but the order was not placed",English,Payment Issue,Payments Team,High,English_Payment Issue_06,65,11,train
HGL_1094,Ye urgent hai: lagta hai mera account hack ho gaya hai. Please jaldi resolve karo.,Hinglish,Fraud/Security,Security Team,Critical,Hinglish_Fraud/Security_03,82,15,test
HGL_0097,"Please help, payment karne ke baad bhi order pending dikha raha hai.",Hinglish,Payment Issue,Payments Team,High,Hinglish_Payment Issue_07,68,12,test
ENG_1057,"Please help, there is an unknown transaction on my account",English,Fraud/Security,Security Team,Critical,English_Fraud/Security_01,58,10,train
ENG_0907,"Please help, I cannot log in to my account",English,Account Issue,Account Support,Medium,English_Account Issue_01,42,9,validation
HIN_0963,मेरा सेव किया हुआ पता गायब हो गया है। मुझे जल्द से जल्द जानकारी चाहिए।,Hindi,Account Issue,Account Support,Medium,Hindi_Account Issue_05,70,15,train
HGL_0258,Mere order ka sirf ek part deliver hua. Mujhe jaldi update chahiye.,Hinglish,Delivery Issue,Logistics Team,Medium,Hinglish_Delivery Issue_08,67,12,train
HGL_0830,"Hello, replacement order abhi tak ship nahi hua. Please jaldi resolve karo.",Hinglish,Return/Replacement,Returns Team,Medium,Hinglish_Return/Replacement_06,75,12,train
ENG_0381,"Hello, the refund deadline has already passed I need an update as soon as possible.",English,Refund Issue,Refund Team,High,English_Refund Issue_06,83,15,train
ENG_0948,I cannot update my phone number I need an update as soon as possible.,English,Account Issue,Account Support,Medium,English_Account Issue_04,69,14,train
HGL_0924,"Please help, mujhe login OTP receive nahi ho raha. Mujhe jaldi update chahiye.",Hinglish,Account Issue,Account Support,Medium,Hinglish_Account Issue_02,78,13,test
HGL_0010,Mujhe help chahiye kyunki payment deduct ho gaya but order confirm nahi hua.,Hinglish,Payment Issue,Payments Team,High,Hinglish_Payment Issue_01,76,13,train
HGL_0461,Mujhe help chahiye kyunki main apna order cancel nahi kar pa rahi hoon. Please jaldi resolve karo.,Hinglish,Cancellation Issue,Order Management,Medium,Hinglish_Cancellation Issue_01,98,17,test
ENG_0716,I need assistance because I received an expired product Please resolve this.,English,Product Issue,Product Support,High,English_Product Issue_08,76,12,train
HIN_1199,यह बहुत जरूरी है: मेरे अकाउंट से कई अनधिकृत खरीदारी हुई हैं। कृपया इसे जल्दी हल करें।,Hindi,Fraud/Security,Security Team,Critical,Hindi_Fraud/Security_10,85,17,train
ENG_0687,I need assistance because the item arrived with broken parts I need an update as soon as possible.,English,Product Issue,Product Support,High,English_Product Issue_06,98,18,train
HGL_0672,Mujhe help chahiye kyunki package mein ek accessory missing hai. Mujhe jaldi update chahiye.,Hinglish,Product Issue,Product Support,High,Hinglish_Product Issue_05,92,14,train
HIN_0094,"नमस्ते, ऑर्डर में पेमेंट अभी भी पेंडिंग दिख रहा है।",Hindi,Payment Issue,Payments Team,High,Hindi_Payment Issue_07,51,10,validation
ENG_0306,"Hello, I cancelled my order but have not received the refund I need an update as soon as possible.",English,Refund Issue,Refund Team,High,English_Refund Issue_01,98,19,train
ENG_0210,This is urgent: the courier has not contacted me I need an update as soon as possible.,English,Delivery Issue,Logistics Team,Medium,English_Delivery Issue_04,86,17,test
ENG_1144,"Hello, I found an unfamiliar delivery address in my account",English,Fraud/Security,Security Team,Critical,English_Fraud/Security_07,59,10,validation
HGL_0265,Mujhe help chahiye kyunki mere order ka sirf ek part deliver hua.,Hinglish,Delivery Issue,Logistics Team,Medium,Hinglish_Delivery Issue_08,65,12,train
HGL_1168,Ye urgent hai: mujhe payment maangne wala suspicious message mila.,Hinglish,Fraud/Security,Security Team,Critical,Hinglish_Fraud/Security_08,66,10,train
HGL_1130,"Hello, kisi ne mere account ka password change kar diya. Please jaldi resolve karo.",Hinglish,Fraud/Security,Security Team,Critical,Hinglish_Fraud/Security_06,83,14,train
ENG_0886,My return request was cancelled without explanation,English,Return/Replacement,Returns Team,Medium,English_Return/Replacement_10,51,7,train
HIN_0730,मुझे सहायता चाहिए क्योंकि उत्पाद का आकार या रंग मेरे ऑर्डर से अलग है।,Hindi,Product Issue,Product Support,High,Hindi_Product Issue_09,69,14,train
HIN_1003,यह बहुत जरूरी है: ऐप मुझे बार-बार लॉग आउट कर रहा है।,Hindi,Account Issue,Account Support,Medium,Hindi_Account Issue_07,52,12,train
ENG_0918,I am not receiving the login OTP I need an update as soon as possible.,English,Account Issue,Account Support,Medium,English_Account Issue_02,70,15,train
HGL_1003,Ye urgent hai: app mujhe baar baar logout kar raha hai.,Hinglish,Account Issue,Account Support,Medium,Hinglish_Account Issue_07,55,11,train
HIN_1023,मेरी ऑर्डर हिस्ट्री दिखाई नहीं दे रही है। मुझे जल्द से जल्द जानकारी चाहिए।,Hindi,Account Issue,Account Support,Medium,Hindi_Account Issue_09,74,14,train
ENG_0192,I need assistance because tracking shows delivered but I did not receive the package I need an update as soon as possible.,English,Delivery Issue,Logistics Team,Medium,English_Delivery Issue_03,122,22,train
HIN_1077,मुझे सहायता चाहिए क्योंकि किसी ने मेरे अकाउंट से ऑर्डर किया है। मुझे जल्द से जल्द जानकारी चाहिए।,Hindi,Fraud/Security,Security Team,Critical,Hindi_Fraud/Security_02,96,18,test
HGL_1011,"Hello, main linked email change nahi kar pa rahi hoon. Mujhe jaldi update chahiye.",Hinglish,Account Issue,Account Support,Medium,Hinglish_Account Issue_08,82,14,test
HIN_0066,"नमस्ते, चेकआउट फेल होने के बाद भी राशि डेबिट हो गई। मुझे जल्द से जल्द जानकारी चाहिए।",Hindi,Payment Issue,Payments Team,High,Hindi_Payment Issue_05,84,17,train
ENG_0484,"Hello, my cancellation request keeps failing",English,Cancellation Issue,Order Management,Medium,English_Cancellation Issue_03,44,6,train
HGL_0309,"Please help, order cancel kiya but refund abhi tak nahi mila. Mujhe jaldi update chahiye.",Hinglish,Refund Issue,Refund Team,High,Hinglish_Refund Issue_01,89,15,train
ENG_0916,I am not receiving the login OTP,English,Account Issue,Account Support,Medium,English_Account Issue_02,32,7,train
HGL_1177,"Please help, fake customer care agent ne bank details maangi.",Hinglish,Fraud/Security,Security Team,Critical,Hinglish_Fraud/Security_09,61,10,train
ENG_0278,"Please help, the courier refused to deliver my package Please resolve this.",English,Delivery Issue,Logistics Team,Medium,English_Delivery Issue_09,75,12,train
ENG_0989,This is urgent: I forgot my password and cannot reset it Please resolve this.,English,Account Issue,Account Support,Medium,English_Account Issue_06,77,14,train
HGL_1020,Ye urgent hai: main linked email change nahi kar pa rahi hoon. Mujhe jaldi update chahiye.,Hinglish,Account Issue,Account Support,Medium,Hinglish_Account Issue_08,90,16,test
HIN_0046,मेरा कार्ड पेमेंट प्रोसेसिंग में अटका हुआ है।,Hindi,Payment Issue,Payments Team,High,Hindi_Payment Issue_04,45,8,train
HIN_1129,"नमस्ते, किसी ने मेरे अकाउंट का पासवर्ड बदल दिया।",Hindi,Fraud/Security,Security Team,Critical,Hindi_Fraud/Security_06,48,9,train
ENG_0572,My order still appears active after cancellation Please resolve this.,English,Cancellation Issue,Order Management,Medium,English_Cancellation Issue_09,69,10,train
HIN_0236,मुझे सहायता चाहिए क्योंकि डिलीवरी की तारीख बार-बार बदल रही है। कृपया इसे जल्दी हल करें।,Hindi,Delivery Issue,Logistics Team,Medium,Hindi_Delivery Issue_06,87,16,train
HGL_0032,Payment fail hua but account se money deduct ho gayi. Please jaldi resolve karo.,Hinglish,Payment Issue,Payments Team,High,Hinglish_Payment Issue_03,80,14,train
ENG_0994,"Hello, the app logs me out repeatedly",English,Account Issue,Account Support,Medium,English_Account Issue_07,37,7,test
HIN_0832,"कृपया मदद करें, रिप्लेसमेंट ऑर्डर अभी तक भेजा नहीं गया।",Hindi,Return/Replacement,Returns Team,Medium,Hindi_Return/Replacement_06,55,10,train
HGL_0722,Product ka size ya colour order se different hai. Please jaldi resolve karo.,Hinglish,Product Issue,Product Support,High,Hinglish_Product Issue_09,76,13,train
ENG_0586,I was charged a fee for cancelling the order,English,Cancellation Issue,Order Management,Medium,English_Cancellation Issue_10,44,9,train
HGL_1127,Kisi ne mere account ka password change kar diya. Please jaldi resolve karo.,Hinglish,Fraud/Security,Security Team,Critical,Hinglish_Fraud/Security_06,76,13,train
ENG_0414,"Please help, I received a smaller refund than expected I need an update as soon as possible.",English,Refund Issue,Refund Team,High,English_Refund Issue_08,92,17,test
HGL_1191,"Hello, mere account se multiple unauthorised purchases hui hain. Mujhe jaldi update chahiye.",Hinglish,Fraud/Security,Security Team,Critical,Hinglish_Fraud/Security_10,92,13,test
HIN_0150,यह बहुत जरूरी है: मेरी खरीदारी के लिए गलत राशि ली गई। मुझे जल्द से जल्द जानकारी चाहिए।,Hindi,Payment Issue,Payments Team,High,Hindi_Payment Issue_10,86,18,test
ENG_1008,I cannot change the email linked to my account I need an update as soon as possible.,English,Account Issue,Account Support,Medium,English_Account Issue_08,84,17,test
ENG_0675,This is urgent: an accessory is missing from the package I need an update as soon as possible.,English,Product Issue,Product Support,High,English_Product Issue_05,94,18,train
HIN_1045,मुझे सहायता चाहिए क्योंकि एक ही नंबर से गलती से दो अकाउंट बन गए हैं।,Hindi,Account Issue,Account Support,Medium,Hindi_Account Issue_10,68,15,train
ENG_0856,The courier refused to collect my return,English,Return/Replacement,Returns Team,Medium,English_Return/Replacement_08,40,7,train
ENG_0448,This is urgent: my bank has not received the promised refund,English,Refund Issue,Refund Team,High,English_Refund Issue_10,60,11,train
HGL_0123,Checkout ke time payment page baar baar fail ho raha hai. Mujhe jaldi update chahiye.,Hinglish,Payment Issue,Payments Team,High,Hinglish_Payment Issue_09,85,15,validation
ENG_0866,I need assistance because the courier refused to collect my return Please resolve this.,English,Return/Replacement,Returns Team,Medium,English_Return/Replacement_08,87,14,train
HGL_0200,"Hello, courier person ne mujhse contact nahi kiya. Please jaldi resolve karo.",Hinglish,Delivery Issue,Logistics Team,Medium,Hinglish_Delivery Issue_04,77,12,test
HGL_0312,Mujhe help chahiye kyunki order cancel kiya but refund abhi tak nahi mila. Mujhe jaldi update chahiye.,Hinglish,Refund Issue,Refund Team,High,Hinglish_Refund Issue_01,102,17,train
HGL_0805,Mujhe help chahiye kyunki return pickup abhi tak nahi hua.,Hinglish,Return/Replacement,Returns Team,Medium,Hinglish_Return/Replacement_04,58,10,validation
HGL_0456,"Hello, main apna order cancel nahi kar pa rahi hoon. Mujhe jaldi update chahiye.",Hinglish,Cancellation Issue,Order Management,Medium,Hinglish_Cancellation Issue_01,80,14,test
HIN_1058,"कृपया मदद करें, मेरे अकाउंट में एक अनजान लेन-देन हुआ है। कृपया इसे जल्दी हल करें।",Hindi,Fraud/Security,Security Team,Critical,Hindi_Fraud/Security_01,81,16,test
HIN_0491,मुझे सहायता चाहिए क्योंकि कैंसलेशन अनुरोध बार-बार फेल हो रहा है। कृपया इसे जल्दी हल करें।,Hindi,Cancellation Issue,Order Management,Medium,Hindi_Cancellation Issue_03,89,16,train
HGL_0801,"Hello, return pickup abhi tak nahi hua. Mujhe jaldi update chahiye.",Hinglish,Return/Replacement,Returns Team,Medium,Hinglish_Return/Replacement_04,67,11,validation
HGL_0859,"Hello, courier person ne return collect karne se mana kiya.",Hinglish,Return/Replacement,Returns Team,Medium,Hinglish_Return/Replacement_08,59,10,train
HIN_0048,मेरा कार्ड पेमेंट प्रोसेसिंग में अटका हुआ है। मुझे जल्द से जल्द जानकारी चाहिए।,Hindi,Payment Issue,Payments Team,High,Hindi_Payment Issue_04,78,14,train
HIN_0786,"नमस्ते, मेरा रिटर्न अनुरोध स्वीकार नहीं हो रहा है। मुझे जल्द से जल्द जानकारी चाहिए।",Hindi,Return/Replacement,Returns Team,Medium,Hindi_Return/Replacement_03,83,15,train
ENG_0295,I need assistance because the tracking information has not been updated,English,Delivery Issue,Logistics Team,Medium,English_Delivery Issue_10,71,11,train
HIN_0348,ऐप में रिफंड दिख रहा है लेकिन खाते में पैसे नहीं आए। मुझे जल्द से जल्द जानकारी चाहिए।,Hindi,Refund Issue,Refund Team,High,Hindi_Refund Issue_04,85,18,test
HIN_0813,मैं सामान को दूसरे आकार से बदलना चाहती हूँ। मुझे जल्द से जल्द जानकारी चाहिए।,Hindi,Return/Replacement,Returns Team,Medium,Hindi_Return/Replacement_05,76,15,test
ENG_0589,"Hello, I was charged a fee for cancelling the order",English,Cancellation Issue,Order Management,Medium,English_Cancellation Issue_10,51,10,train
HIN_0542,ऐप में कैंसलेशन का विकल्प नहीं दिख रहा है। कृपया इसे जल्दी हल करें।,Hindi,Cancellation Issue,Order Management,Medium,Hindi_Cancellation Issue_07,67,14,test
HIN_0082,"कृपया मदद करें, यूपीआई पेमेंट सफल हुआ लेकिन ऑर्डर प्लेस नहीं हुआ।",Hindi,Payment Issue,Payments Team,High,Hindi_Payment Issue_06,65,12,train
HGL_0816,"Hello, mujhe item ko different size se exchange karna hai. Mujhe jaldi update chahiye.",Hinglish,Return/Replacement,Returns Team,Medium,Hinglish_Return/Replacement_05,86,14,train
HIN_1124,यह बहुत जरूरी है: मेरे सेव किए हुए कार्ड का बिना अनुमति उपयोग हुआ। कृपया इसे जल्दी हल करें।,Hindi,Fraud/Security,Security Team,Critical,Hindi_Fraud/Security_05,91,19,train
HIN_0751,मैं इस उत्पाद को वापस करना चाहती हूँ।,Hindi,Return/Replacement,Returns Team,Medium,Hindi_Return/Replacement_01,37,8,train
HGL_1096,Mujhe aisi purchase ka OTP mila jo maine nahi ki.,Hinglish,Fraud/Security,Security Team,Critical,Hinglish_Fraud/Security_04,49,10,validation
HGL_0699,"Please help, product ki quality bahut poor hai. Mujhe jaldi update chahiye.",Hinglish,Product Issue,Product Support,High,Hinglish_Product Issue_07,75,12,train
HGL_0216,"Hello, mera package same location par stuck hai. Mujhe jaldi update chahiye.",Hinglish,Delivery Issue,Logistics Team,Medium,Hinglish_Delivery Issue_05,76,12,train
HIN_0858,कूरियर वाले ने रिटर्न लेने से मना कर दिया। मुझे जल्द से जल्द जानकारी चाहिए।,Hindi,Return/Replacement,Returns Team,Medium,Hindi_Return/Replacement_08,75,15,train
HGL_0533,"Please help, seller ne meri cancellation request reject kar di. Please jaldi resolve karo.",Hinglish,Cancellation Issue,Order Management,Medium,Hinglish_Cancellation Issue_06,90,14,validation
HIN_0218,"कृपया मदद करें, मेरा पैकेज कई दिनों से एक ही जगह अटका है। कृपया इसे जल्दी हल करें।",Hindi,Delivery Issue,Logistics Team,Medium,Hindi_Delivery Issue_05,82,18,train
ENG_0426,"Hello, the refund status has not changed for several days I need an update as soon as possible.",English,Refund Issue,Refund Team,High,English_Refund Issue_09,95,18,train
ENG_1055,"Hello, there is an unknown transaction on my account Please resolve this.",English,Fraud/Security,Security Team,Critical,English_Fraud/Security_01,73,12,train
HGL_0596,Mujhe help chahiye kyunki order cancel karne par extra fee charge hui. Please jaldi resolve karo.,Hinglish,Cancellation Issue,Order Management,Medium,Hinglish_Cancellation Issue_10,97,16,train
ENG_0557,I want to cancel one item from my order Please resolve this.,English,Cancellation Issue,Order Management,Medium,English_Cancellation Issue_08,60,12,train
HGL_0790,Mujhe help chahiye kyunki meri return request accept nahi ho rahi.,Hinglish,Return/Replacement,Returns Team,Medium,Hinglish_Return/Replacement_03,66,11,train
HGL_0787,"Please help, meri return request accept nahi ho rahi.",Hinglish,Return/Replacement,Returns Team,Medium,Hinglish_Return/Replacement_03,53,9,train
HGL_0611,Mujhe help chahiye kyunki mujhe damaged product mila hai. Please jaldi resolve karo.,Hinglish,Product Issue,Product Support,High,Hinglish_Product Issue_01,84,13,train
ENG_1194,"Please help, there are multiple unauthorised purchases on my account I need an update as soon as possible.",English,Fraud/Security,Security Team,Critical,English_Fraud/Security_10,106,18,train
HIN_0517,"कृपया मदद करें, गलती से किया गया ऑर्डर रद्द करना है।",Hindi,Cancellation Issue,Order Management,Medium,Hindi_Cancellation Issue_05,52,11,train
HGL_0052,"Please help, mera card payment processing mein stuck hai.",Hinglish,Payment Issue,Payments Team,High,Hinglish_Payment Issue_04,57,9,train
HGL_0846,"Hello, return window galat closed show ho rahi hai. Mujhe jaldi update chahiye.",Hinglish,Return/Replacement,Returns Team,Medium,Hinglish_Return/Replacement_07,79,13,test
HGL_0524,Ye urgent hai: galti se order place hua aur mujhe cancel karna hai. Please jaldi resolve karo.,Hinglish,Cancellation Issue,Order Management,Medium,Hinglish_Cancellation Issue_05,94,17,test
HIN_0086,मुझे सहायता चाहिए क्योंकि यूपीआई पेमेंट सफल हुआ लेकिन ऑर्डर प्लेस नहीं हुआ। कृपया इसे जल्दी हल करें।,Hindi,Payment Issue,Payments Team,High,Hindi_Payment Issue_06,100,18,train
HIN_1049,यह बहुत जरूरी है: एक ही नंबर से गलती से दो अकाउंट बन गए हैं। कृपया इसे जल्दी हल करें।,Hindi,Account Issue,Account Support,Medium,Hindi_Account Issue_10,85,20,train
HIN_1074,"कृपया मदद करें, किसी ने मेरे अकाउंट से ऑर्डर किया है। मुझे जल्द से जल्द जानकारी चाहिए।",Hindi,Fraud/Security,Security Team,Critical,Hindi_Fraud/Security_02,86,17,test
HGL_0483,Cancellation request baar baar fail ho rahi hai. Mujhe jaldi update chahiye.,Hinglish,Cancellation Issue,Order Management,Medium,Hinglish_Cancellation Issue_03,76,12,train
HIN_0690,यह बहुत जरूरी है: उत्पाद के कुछ हिस्से टूटे हुए हैं। मुझे जल्द से जल्द जानकारी चाहिए।,Hindi,Product Issue,Product Support,High,Hindi_Product Issue_06,85,17,train
HIN_0392,रिफंड गलत पेमेंट माध्यम में भेज दिया गया। कृपया इसे जल्दी हल करें।,Hindi,Refund Issue,Refund Team,High,Hindi_Refund Issue_07,66,13,test
HGL_1200,Ye urgent hai: mere account se multiple unauthorised purchases hui hain. Mujhe jaldi update chahiye.,Hinglish,Fraud/Security,Security Team,Critical,Hinglish_Fraud/Security_10,100,15,test
HGL_0231,"Hello, delivery date baar baar change ho rahi hai. Mujhe jaldi update chahiye.",Hinglish,Delivery Issue,Logistics Team,Medium,Hinglish_Delivery Issue_06,78,13,test
HGL_0507,Mujhe help chahiye kyunki cancel karne ke baad bhi order ship ho gaya. Mujhe jaldi update chahiye.,Hinglish,Cancellation Issue,Order Management,Medium,Hinglish_Cancellation Issue_04,98,17,train
ENG_1138,This is urgent: someone changed my account password,English,Fraud/Security,Security Team,Critical,English_Fraud/Security_06,51,8,train
HIN_1103,"कृपया मदद करें, मुझे ऐसी खरीदारी का ओटीपी मिला जो मैंने नहीं की। कृपया इसे जल्दी हल करें।",Hindi,Fraud/Security,Security Team,Critical,Hindi_Fraud/Security_04,89,18,validation
HGL_0984,"Please help, main password reset nahi kar pa rahi hoon. Mujhe jaldi update chahiye.",Hinglish,Account Issue,Account Support,Medium,Hinglish_Account Issue_06,83,14,train
HGL_1002,Mujhe help chahiye kyunki app mujhe baar baar logout kar raha hai. Mujhe jaldi update chahiye.,Hinglish,Account Issue,Account Support,Medium,Hinglish_Account Issue_07,94,16,train
HIN_0512,गलती से किया गया ऑर्डर रद्द करना है। कृपया इसे जल्दी हल करें।,Hindi,Cancellation Issue,Order Management,Medium,Hindi_Cancellation Issue_05,61,13,train
HGL_0969,"Please help, mera saved address disappear ho gaya. Mujhe jaldi update chahiye.",Hinglish,Account Issue,Account Support,Medium,Hinglish_Account Issue_05,78,12,train
ENG_0454,"Hello, I am unable to cancel my order",English,Cancellation Issue,Order Management,Medium,English_Cancellation Issue_01,37,8,train
ENG_0914,This is urgent: I cannot log in to my account Please resolve this.,English,Account Issue,Account Support,Medium,English_Account Issue_01,66,13,validation
HGL_0030,Ye urgent hai: same order ke liye do baar paise cut gaye. Mujhe jaldi update chahiye.,Hinglish,Payment Issue,Payments Team,High,Hinglish_Payment Issue_02,85,16,train
ENG_1200,This is urgent: there are multiple unauthorised purchases on my account I need an update as soon as possible.,English,Fraud/Security,Security Team,Critical,English_Fraud/Security_10,109,19,train
HIN_0075,यह बहुत जरूरी है: चेकआउट फेल होने के बाद भी राशि डेबिट हो गई। मुझे जल्द से जल्द जानकारी चाहिए।,Hindi,Payment Issue,Payments Team,High,Hindi_Payment Issue_05,94,20,train
ENG_0038,"Please help, the payment failed but money was taken from my account Please resolve this.",English,Payment Issue,Payments Team,High,English_Payment Issue_03,88,15,test
ENG_0975,This is urgent: my saved address has disappeared I need an update as soon as possible.,English,Account Issue,Account Support,Medium,English_Account Issue_05,86,16,train
ENG_0984,"Please help, I forgot my password and cannot reset it I need an update as soon as possible.",English,Account Issue,Account Support,Medium,English_Account Issue_06,91,18,train
HGL_0012,Mujhe help chahiye kyunki payment deduct ho gaya but order confirm nahi hua. Mujhe jaldi update chahiye.,Hinglish,Payment Issue,Payments Team,High,Hinglish_Payment Issue_01,104,17,train
HIN_0219,"कृपया मदद करें, मेरा पैकेज कई दिनों से एक ही जगह अटका है। मुझे जल्द से जल्द जानकारी चाहिए।",Hindi,Delivery Issue,Logistics Team,Medium,Hindi_Delivery Issue_05,90,19,train
HIN_0361,रिटर्न स्वीकार होने के बाद भी रिफंड नहीं मिला।,Hindi,Refund Issue,Refund Team,High,Hindi_Refund Issue_05,46,9,train
ENG_0040,I need assistance because the payment failed but money was taken from my account,English,Payment Issue,Payments Team,High,English_Payment Issue_03,80,14,test
HIN_0287,ट्रैकिंग की जानकारी अपडेट नहीं हो रही है। कृपया इसे जल्दी हल करें।,Hindi,Delivery Issue,Logistics Team,Medium,Hindi_Delivery Issue_10,66,13,test
HIN_1099,"नमस्ते, मुझे ऐसी खरीदारी का ओटीपी मिला जो मैंने नहीं की।",Hindi,Fraud/Security,Security Team,Critical,Hindi_Fraud/Security_04,56,11,validation
ENG_0170,"Hello, the delivery is delayed beyond the promised date Please resolve this.",English,Delivery Issue,Logistics Team,Medium,English_Delivery Issue_02,76,12,validation
HIN_0156,"नमस्ते, मेरा ऑर्डर अभी तक नहीं आया है। मुझे जल्द से जल्द जानकारी चाहिए।",Hindi,Delivery Issue,Logistics Team,Medium,Hindi_Delivery Issue_01,71,14,train
HGL_1159,"Hello, mujhe payment maangne wala suspicious message mila.",Hinglish,Fraud/Security,Security Team,Critical,Hinglish_Fraud/Security_08,58,8,train
HGL_0848,"Please help, return window galat closed show ho rahi hai. Please jaldi resolve karo.",Hinglish,Return/Replacement,Returns Team,Medium,Hinglish_Return/Replacement_07,84,14,test
HIN_1168,यह बहुत जरूरी है: मुझे पेमेंट मांगने वाला संदिग्ध संदेश मिला।,Hindi,Fraud/Security,Security Team,Critical,Hindi_Fraud/Security_08,61,11,train
HIN_1179,"कृपया मदद करें, नकली कस्टमर केयर एजेंट ने बैंक की जानकारी मांगी। मुझे जल्द से जल्द जानकारी चाहिए।",Hindi,Fraud/Security,Security Team,Critical,Hindi_Fraud/Security_09,97,18,train
HIN_0441,"नमस्ते, मेरे बैंक खाते में रिफंड नहीं आया है। मुझे जल्द से जल्द जानकारी चाहिए।",Hindi,Refund Issue,Refund Team,High,Hindi_Refund Issue_10,78,15,train
HIN_0091,ऑर्डर में पेमेंट अभी भी पेंडिंग दिख रहा है।,Hindi,Payment Issue,Payments Team,High,Hindi_Payment Issue_07,43,9,validation
HIN_0181,ट्रैकिंग में डिलीवर दिख रहा है लेकिन पैकेज नहीं मिला।,Hindi,Delivery Issue,Logistics Team,Medium,Hindi_Delivery Issue_03,53,10,train
HIN_0734,यह बहुत जरूरी है: उत्पाद का आकार या रंग मेरे ऑर्डर से अलग है। कृपया इसे जल्दी हल करें।,Hindi,Product Issue,Product Support,High,Hindi_Product Issue_09,86,19,train
ENG_0580,I need assistance because my order still appears active after cancellation,English,Cancellation Issue,Order Management,Medium,English_Cancellation Issue_09,74,11,train
HIN_0831,"नमस्ते, रिप्लेसमेंट ऑर्डर अभी तक भेजा नहीं गया। मुझे जल्द से जल्द जानकारी चाहिए।",Hindi,Return/Replacement,Returns Team,Medium,Hindi_Return/Replacement_06,80,14,train
ENG_0893,"Please help, my return request was cancelled without explanation Please resolve this.",English,Return/Replacement,Returns Team,Medium,English_Return/Replacement_10,85,12,train
ENG_0781,The return request is not being accepted,English,Return/Replacement,Returns Team,Medium,English_Return/Replacement_03,40,7,train
ENG_0160,I need assistance because my order has not arrived yet,English,Delivery Issue,Logistics Team,Medium,English_Delivery Issue_01,54,10,train
ENG_0003,My payment was deducted but the order was not confirmed I need an update as soon as possible.,English,Payment Issue,Payments Team,High,English_Payment Issue_01,93,18,train
ENG_0850,I need assistance because the return window is incorrectly shown as closed,English,Return/Replacement,Returns Team,Medium,English_Return/Replacement_07,74,12,test
HIN_0965,"नमस्ते, मेरा सेव किया हुआ पता गायब हो गया है। कृपया इसे जल्दी हल करें।",Hindi,Account Issue,Account Support,Medium,Hindi_Account Issue_05,70,15,train
HIN_0397,"कृपया मदद करें, रिफंड गलत पेमेंट माध्यम में भेज दिया गया।",Hindi,Refund Issue,Refund Team,High,Hindi_Refund Issue_07,57,11,test
HIN_0577,"कृपया मदद करें, रद्द करने के बाद भी ऑर्डर सक्रिय दिख रहा है।",Hindi,Cancellation Issue,Order Management,Medium,Hindi_Cancellation Issue_09,60,13,train
HIN_0714,"कृपया मदद करें, मुझे एक्सपायर हो चुका उत्पाद मिला। मुझे जल्द से जल्द जानकारी चाहिए।",Hindi,Product Issue,Product Support,High,Hindi_Product Issue_08,83,15,train
ENG_1044,"Please help, I accidentally created two accounts with the same number I need an update as soon as possible.",English,Account Issue,Account Support,Medium,English_Account Issue_10,107,19,train
HIN_0345,यह बहुत जरूरी है: मुझे रिफंड की केवल कुछ राशि मिली है। मुझे जल्द से जल्द जानकारी चाहिए।,Hindi,Refund Issue,Refund Team,High,Hindi_Refund Issue_03,87,18,train
HGL_0760,Mujhe help chahiye kyunki mujhe ye product return karna hai.,Hinglish,Return/Replacement,Returns Team,Medium,Hinglish_Return/Replacement_01,60,10,test
ENG_0054,"Please help, my card payment is stuck in processing I need an update as soon as possible.",English,Payment Issue,Payments Team,High,English_Payment Issue_04,89,17,validation
HGL_1067,Kisi ne mere account se order place kiya. Please jaldi resolve karo.,Hinglish,Fraud/Security,Security Team,Critical,Hinglish_Fraud/Security_02,68,12,train
HIN_0712,"कृपया मदद करें, मुझे एक्सपायर हो चुका उत्पाद मिला।",Hindi,Product Issue,Product Support,High,Hindi_Product Issue_08,50,9,train
HGL_0023,"Please help, same order ke liye do baar paise cut gaye. Please jaldi resolve karo.",Hinglish,Payment Issue,Payments Team,High,Hinglish_Payment Issue_02,82,15,train
ENG_0825,This is urgent: I want to exchange the item for another size I need an update as soon as possible.,English,Return/Replacement,Returns Team,Medium,English_Return/Replacement_05,98,20,train
HGL_0818,"Please help, mujhe item ko different size se exchange karna hai. Please jaldi resolve karo.",Hinglish,Return/Replacement,Returns Team,Medium,Hinglish_Return/Replacement_05,91,15,train
HIN_0190,मुझे सहायता चाहिए क्योंकि ट्रैकिंग में डिलीवर दिख रहा है लेकिन पैकेज नहीं मिला।,Hindi,Delivery Issue,Logistics Team,Medium,Hindi_Delivery Issue_03,79,14,train
HGL_0549,"Please help, app mein cancellation option show nahi ho raha. Mujhe jaldi update chahiye.",Hinglish,Cancellation Issue,Order Management,Medium,Hinglish_Cancellation Issue_07,88,14,train
HIN_1055,"नमस्ते, मेरे अकाउंट में एक अनजान लेन-देन हुआ है। कृपया इसे जल्दी हल करें।",Hindi,Fraud/Security,Security Team,Critical,Hindi_Fraud/Security_01,73,14,test
HIN_0408,मुझे अपेक्षा से कम रिफंड मिला। मुझे जल्द से जल्द जानकारी चाहिए।,Hindi,Refund Issue,Refund Team,High,Hindi_Refund Issue_08,63,12,train
HIN_0395,"नमस्ते, रिफंड गलत पेमेंट माध्यम में भेज दिया गया। कृपया इसे जल्दी हल करें।",Hindi,Refund Issue,Refund Team,High,Hindi_Refund Issue_07,74,14,test
ENG_0772,"Please help, I need a replacement for the damaged item",English,Return/Replacement,Returns Team,Medium,English_Return/Replacement_02,54,10,train
HIN_0669,"कृपया मदद करें, पैकेज में एक जरूरी सामान गायब है। मुझे जल्द से जल्द जानकारी चाहिए।",Hindi,Product Issue,Product Support,High,Hindi_Product Issue_05,82,16,train
ENG_1086,"Hello, my account appears to have been hacked I need an update as soon as possible.",English,Fraud/Security,Security Team,Critical,English_Fraud/Security_03,83,16,test
HGL_0059,Ye urgent hai: mera card payment processing mein stuck hai. Please jaldi resolve karo.,Hinglish,Payment Issue,Payments Team,High,Hinglish_Payment Issue_04,86,14,train
HIN_0126,"नमस्ते, चेकआउट के समय पेमेंट पेज बार-बार फेल हो रहा है। मुझे जल्द से जल्द जानकारी चाहिए।",Hindi,Payment Issue,Payments Team,High,Hindi_Payment Issue_09,88,17,test
HIN_0264,"कृपया मदद करें, मेरे ऑर्डर का केवल एक हिस्सा मिला है। मुझे जल्द से जल्द जानकारी चाहिए।",Hindi,Delivery Issue,Logistics Team,Medium,Hindi_Delivery Issue_08,86,17,train
ENG_0807,I need assistance because the pickup for my return has not happened I need an update as soon as possible.,English,Return/Replacement,Returns Team,Medium,English_Return/Replacement_04,105,20,validation
HIN_1013,"कृपया मदद करें, मैं अकाउंट से जुड़ा ईमेल नहीं बदल पा रही हूँ। कृपया इसे जल्दी हल करें।",Hindi,Account Issue,Account Support,Medium,Hindi_Account Issue_08,86,18,test
HIN_1035,यह बहुत जरूरी है: मेरी ऑर्डर हिस्ट्री दिखाई नहीं दे रही है। मुझे जल्द से जल्द जानकारी चाहिए।,Hindi,Account Issue,Account Support,Medium,Hindi_Account Issue_09,92,18,train
HIN_0909,"कृपया मदद करें, मैं अपने अकाउंट में लॉग इन नहीं कर पा रही हूँ। मुझे जल्द से जल्द जानकारी चाहिए।",Hindi,Account Issue,Account Support,Medium,Hindi_Account Issue_01,95,20,test
HGL_0165,Ye urgent hai: mera order abhi tak deliver nahi hua. Mujhe jaldi update chahiye.,Hinglish,Delivery Issue,Logistics Team,Medium,Hinglish_Delivery Issue_01,80,14,train
HGL_1136,Mujhe help chahiye kyunki kisi ne mere account ka password change kar diya. Please jaldi resolve karo.,Hinglish,Fraud/Security,Security Team,Critical,Hinglish_Fraud/Security_06,102,17,train
ENG_0964,"Hello, my saved address has disappeared",English,Account Issue,Account Support,Medium,English_Account Issue_05,39,6,train
ENG_0399,"Please help, the refund was sent to the wrong payment method I need an update as soon as possible.",English,Refund Issue,Refund Team,High,English_Refund Issue_07,98,19,train
HGL_0972,Mujhe help chahiye kyunki mera saved address disappear ho gaya. Mujhe jaldi update chahiye.,Hinglish,Account Issue,Account Support,Medium,Hinglish_Account Issue_05,91,14,train
ENG_0705,This is urgent: the product quality is very poor I need an update as soon as possible.,English,Product Issue,Product Support,High,English_Product Issue_07,86,17,test
ENG_0432,I need assistance because the refund status has not changed for several days I need an update as soon as possible.,English,Refund Issue,Refund Team,High,English_Refund Issue_09,114,21,train
ENG_0293,"Please help, the tracking information has not been updated Please resolve this.",English,Delivery Issue,Logistics Team,Medium,English_Delivery Issue_10,79,12,train
HGL_0998,"Please help, app mujhe baar baar logout kar raha hai. Please jaldi resolve karo.",Hinglish,Account Issue,Account Support,Medium,Hinglish_Account Issue_07,80,14,train
ENG_0146,I need assistance because the wrong amount was charged for my purchase Please resolve this.,English,Payment Issue,Payments Team,High,English_Payment Issue_10,91,15,train
HIN_0834,"कृपया मदद करें, रिप्लेसमेंट ऑर्डर अभी तक भेजा नहीं गया। मुझे जल्द से जल्द जानकारी चाहिए।",Hindi,Return/Replacement,Returns Team,Medium,Hindi_Return/Replacement_06,88,16,train
HGL_0135,Ye urgent hai: checkout ke time payment page baar baar fail ho raha hai. Mujhe jaldi update chahiye.,Hinglish,Payment Issue,Payments Team,High,Hinglish_Payment Issue_09,100,18,validation
ENG_1166,I need assistance because I received a suspicious message asking for payment Please resolve this.,English,Fraud/Security,Security Team,Critical,English_Fraud/Security_08,97,15,train
HIN_0851,मुझे सहायता चाहिए क्योंकि रिटर्न की समय सीमा गलत तरीके से बंद दिखाई जा रही है। कृपया इसे जल्दी हल करें।,Hindi,Return/Replacement,Returns Team,Medium,Hindi_Return/Replacement_07,103,21,test
HGL_0389,Ye urgent hai: refund ki deadline already cross ho gayi. Please jaldi resolve karo.,Hinglish,Refund Issue,Refund Team,High,Hinglish_Refund Issue_06,83,14,test
ENG_0340,I need assistance because only part of the refund was credited,English,Refund Issue,Refund Team,High,English_Refund Issue_03,62,11,train
HIN_0978,मैं अपना पासवर्ड रीसेट नहीं कर पा रही हूँ। मुझे जल्द से जल्द जानकारी चाहिए।,Hindi,Account Issue,Account Support,Medium,Hindi_Account Issue_06,75,15,train
ENG_0266,I need assistance because only part of my order was delivered Please resolve this.,English,Delivery Issue,Logistics Team,Medium,English_Delivery Issue_08,82,14,train
HGL_0405,Ye urgent hai: refund wrong payment method mein bheja gaya. Mujhe jaldi update chahiye.,Hinglish,Refund Issue,Refund Team,High,Hinglish_Refund Issue_07,87,14,train
HIN_0572,रद्द करने के बाद भी ऑर्डर सक्रिय दिख रहा है। कृपया इसे जल्दी हल करें।,Hindi,Cancellation Issue,Order Management,Medium,Hindi_Cancellation Issue_09,69,15,train
ENG_0272,The courier refused to deliver my package Please resolve this.,English,Delivery Issue,Logistics Team,Medium,English_Delivery Issue_09,62,10,train
ENG_0697,"Please help, the product quality is very poor",English,Product Issue,Product Support,High,English_Product Issue_07,45,8,test
HGL_1166,Mujhe help chahiye kyunki mujhe payment maangne wala suspicious message mila. Please jaldi resolve karo.,Hinglish,Fraud/Security,Security Team,Critical,Hinglish_Fraud/Security_08,104,15,train
ENG_0245,"Hello, my order was sent to the wrong address Please resolve this.",English,Delivery Issue,Logistics Team,Medium,English_Delivery Issue_07,66,12,train
HGL_0977,Main password reset nahi kar pa rahi hoon. Please jaldi resolve karo.,Hinglish,Account Issue,Account Support,Medium,Hinglish_Account Issue_06,69,12,train
ENG_0477,I need assistance because the cancel button is not available I need an update as soon as possible.,English,Cancellation Issue,Order Management,Medium,English_Cancellation Issue_02,98,18,train
HIN_0833,"कृपया मदद करें, रिप्लेसमेंट ऑर्डर अभी तक भेजा नहीं गया। कृपया इसे जल्दी हल करें।",Hindi,Return/Replacement,Returns Team,Medium,Hindi_Return/Replacement_06,80,15,train
HGL_0657,Mujhe help chahiye kyunki product description ke according nahi hai. Mujhe jaldi update chahiye.,Hinglish,Product Issue,Product Support,High,Hinglish_Product Issue_04,96,14,train
HGL_0284,Ye urgent hai: courier person ne package deliver karne se mana kiya. Please jaldi resolve karo.,Hinglish,Delivery Issue,Logistics Team,Medium,Hinglish_Delivery Issue_09,95,16,train
ENG_0814,"Hello, I want to exchange the item for another size",English,Return/Replacement,Returns Team,Medium,English_Return/Replacement_05,51,10,train
HIN_0715,मुझे सहायता चाहिए क्योंकि मुझे एक्सपायर हो चुका उत्पाद मिला।,Hindi,Product Issue,Product Support,High,Hindi_Product Issue_08,60,10,train
HGL_0637,"Please help, mujhe wrong product deliver hua.",Hinglish,Product Issue,Product Support,High,Hinglish_Product Issue_03,45,7,validation
HGL_1142,Account mein unknown delivery address add hua hai. Please jaldi resolve karo.,Hinglish,Fraud/Security,Security Team,Critical,Hinglish_Fraud/Security_07,77,12,train
HIN_0605,"नमस्ते, मुझे मिला हुआ उत्पाद खराब है। कृपया इसे जल्दी हल करें।",Hindi,Product Issue,Product Support,High,Hindi_Product Issue_01,62,12,test
HGL_0207,Mujhe help chahiye kyunki courier person ne mujhse contact nahi kiya. Mujhe jaldi update chahiye.,Hinglish,Delivery Issue,Logistics Team,Medium,Hinglish_Delivery Issue_04,97,15,test
ENG_0251,I need assistance because my order was sent to the wrong address Please resolve this.,English,Delivery Issue,Logistics Team,Medium,English_Delivery Issue_07,85,15,train
ENG_0546,"Hello, the app is not showing the cancellation option I need an update as soon as possible.",English,Cancellation Issue,Order Management,Medium,English_Cancellation Issue_07,91,17,test
ENG_0739,"Hello, the package was empty when it arrived",English,Product Issue,Product Support,High,English_Product Issue_10,44,8,train
ENG_0311,I need assistance because I cancelled my order but have not received the refund Please resolve this.,English,Refund Issue,Refund Team,High,English_Refund Issue_01,100,17,train
ENG_1132,"Please help, someone changed my account password",English,Fraud/Security,Security Team,Critical,English_Fraud/Security_06,48,7,train
HIN_0250,मुझे सहायता चाहिए क्योंकि मेरा ऑर्डर गलत पते पर भेज दिया गया।,Hindi,Delivery Issue,Logistics Team,Medium,Hindi_Delivery Issue_07,61,12,train
HGL_1087,"Please help, lagta hai mera account hack ho gaya hai.",Hinglish,Fraud/Security,Security Team,Critical,Hinglish_Fraud/Security_03,53,10,test
ENG_0016,I was charged twice for the same order,English,Payment Issue,Payments Team,High,English_Payment Issue_02,38,8,train
HGL_0756,"Hello, mujhe ye product return karna hai. Mujhe jaldi update chahiye.",Hinglish,Return/Replacement,Returns Team,Medium,Hinglish_Return/Replacement_01,69,11,test
HGL_0130,Mujhe help chahiye kyunki checkout ke time payment page baar baar fail ho raha hai.,Hinglish,Payment Issue,Payments Team,High,Hinglish_Payment Issue_09,83,15,validation
HGL_1128,Kisi ne mere account ka password change kar diya. Mujhe jaldi update chahiye.,Hinglish,Fraud/Security,Security Team,Critical,Hinglish_Fraud/Security_06,77,13,train
ENG_0364,"Hello, my return was accepted but the refund was not processed",English,Refund Issue,Refund Team,High,English_Refund Issue_05,62,11,train
ENG_0183,Tracking shows delivered but I did not receive the package I need an update as soon as possible.,English,Delivery Issue,Logistics Team,Medium,English_Delivery Issue_03,96,18,train
ENG_1195,I need assistance because there are multiple unauthorised purchases on my account,English,Fraud/Security,Security Team,Critical,English_Fraud/Security_10,81,12,train
HIN_1030,मुझे सहायता चाहिए क्योंकि मेरी ऑर्डर हिस्ट्री दिखाई नहीं दे रही है।,Hindi,Account Issue,Account Support,Medium,Hindi_Account Issue_09,67,12,train
ENG_1122,I need assistance because my saved card was used without permission I need an update as soon as possible.,English,Fraud/Security,Security Team,Critical,English_Fraud/Security_05,105,19,test
ENG_1183,This is urgent: a fake customer-care agent requested my bank details,English,Fraud/Security,Security Team,Critical,English_Fraud/Security_09,68,11,train
HGL_0243,Mera order wrong address par deliver hua. Mujhe jaldi update chahiye.,Hinglish,Delivery Issue,Logistics Team,Medium,Hinglish_Delivery Issue_07,69,11,train
ENG_0615,This is urgent: the product I received is damaged I need an update as soon as possible.,English,Product Issue,Product Support,High,English_Product Issue_01,87,17,validation
HIN_0267,मुझे सहायता चाहिए क्योंकि मेरे ऑर्डर का केवल एक हिस्सा मिला है। मुझे जल्द से जल्द जानकारी चाहिए।,Hindi,Delivery Issue,Logistics Team,Medium,Hindi_Delivery Issue_08,96,18,train
ENG_0402,I need assistance because the refund was sent to the wrong payment method I need an update as soon as possible.,English,Refund Issue,Refund Team,High,English_Refund Issue_07,111,21,train
ENG_0935,"Hello, my account has been locked Please resolve this.",English,Account Issue,Account Support,Medium,English_Account Issue_03,54,9,train
HIN_1181,मुझे सहायता चाहिए क्योंकि नकली कस्टमर केयर एजेंट ने बैंक की जानकारी मांगी। कृपया इसे जल्दी हल करें।,Hindi,Fraud/Security,Security Team,Critical,Hindi_Fraud/Security_09,99,18,train
HGL_0180,Ye urgent hai: promised date ke baad bhi package nahi aaya. Mujhe jaldi update chahiye.,Hinglish,Delivery Issue,Logistics Team,Medium,Hinglish_Delivery Issue_02,87,15,train
ENG_0727,"Please help, the size or colour is different from what I ordered",English,Product Issue,Product Support,High,English_Product Issue_09,64,12,test
ENG_0827,The replacement order has not been shipped Please resolve this.,English,Return/Replacement,Returns Team,Medium,English_Return/Replacement_06,63,10,test
HIN_0322,"कृपया मदद करें, मेरा रिफंड अभी भी पेंडिंग है।",Hindi,Refund Issue,Refund Team,High,Hindi_Refund Issue_02,45,9,train
ENG_0137,The wrong amount was charged for my purchase Please resolve this.,English,Payment Issue,Payments Team,High,English_Payment Issue_10,65,11,train
ENG_0629,This is urgent: the item is defective and does not work Please resolve this.,English,Product Issue,Product Support,High,English_Product Issue_02,76,14,train
ENG_0335,"Hello, only part of the refund was credited Please resolve this.",English,Refund Issue,Refund Team,High,English_Refund Issue_03,64,11,train
ENG_0391,The refund was sent to the wrong payment method,English,Refund Issue,Refund Team,High,English_Refund Issue_07,47,9,train
HGL_0366,"Hello, return accept hua but refund process nahi hua. Mujhe jaldi update chahiye.",Hinglish,Refund Issue,Refund Team,High,Hinglish_Refund Issue_05,81,13,validation
HIN_0618,सामान काम नहीं कर रहा है। मुझे जल्द से जल्द जानकारी चाहिए।,Hindi,Product Issue,Product Support,High,Hindi_Product Issue_02,58,12,train
HGL_0834,"Please help, replacement order abhi tak ship nahi hua. Mujhe jaldi update chahiye.",Hinglish,Return/Replacement,Returns Team,Medium,Hinglish_Return/Replacement_06,82,13,train
ENG_0711,"Hello, I received an expired product I need an update as soon as possible.",English,Product Issue,Product Support,High,English_Product Issue_08,74,14,train
ENG_1040,"Hello, I accidentally created two accounts with the same number Please resolve this.",English,Account Issue,Account Support,Medium,English_Account Issue_10,84,13,train
HIN_1159,"नमस्ते, मुझे पेमेंट मांगने वाला संदिग्ध संदेश मिला।",Hindi,Fraud/Security,Security Team,Critical,Hindi_Fraud/Security_08,51,8,train
HGL_0708,Mujhe expired product mila hai. Mujhe jaldi update chahiye.,Hinglish,Product Issue,Product Support,High,Hinglish_Product Issue_08,59,9,test
HIN_0362,रिटर्न स्वीकार होने के बाद भी रिफंड नहीं मिला। कृपया इसे जल्दी हल करें।,Hindi,Refund Issue,Refund Team,High,Hindi_Refund Issue_05,71,14,train
HGL_0906,"Hello, main apne account mein login nahi kar pa rahi hoon. Mujhe jaldi update chahiye.",Hinglish,Account Issue,Account Support,Medium,Hinglish_Account Issue_01,86,15,train
HGL_0616,Item defective hai aur work nahi kar raha.,Hinglish,Product Issue,Product Support,High,Hinglish_Product Issue_02,42,8,test
ENG_1113,My saved card was used without permission I need an update as soon as possible.,English,Fraud/Security,Security Team,Critical,English_Fraud/Security_05,79,15,test
HIN_0024,"कृपया मदद करें, एक ही ऑर्डर के लिए दो बार पैसे कट गए। मुझे जल्द से जल्द जानकारी चाहिए।",Hindi,Payment Issue,Payments Team,High,Hindi_Payment Issue_02,86,19,train
HGL_0003,Payment deduct ho gaya but order confirm nahi hua. Mujhe jaldi update chahiye.,Hinglish,Payment Issue,Payments Team,High,Hinglish_Payment Issue_01,78,13,train
HIN_0309,"कृपया मदद करें, मैंने ऑर्डर रद्द किया लेकिन रिफंड नहीं मिला। मुझे जल्द से जल्द जानकारी चाहिए।",Hindi,Refund Issue,Refund Team,High,Hindi_Refund Issue_01,93,17,train
HIN_0551,मुझे सहायता चाहिए क्योंकि ऐप में कैंसलेशन का विकल्प नहीं दिख रहा है। कृपया इसे जल्दी हल करें।,Hindi,Cancellation Issue,Order Management,Medium,Hindi_Cancellation Issue_07,93,18,test
HGL_0910,Mujhe help chahiye kyunki main apne account mein login nahi kar pa rahi hoon.,Hinglish,Account Issue,Account Support,Medium,Hinglish_Account Issue_01,77,14,train
ENG_0339,"Please help, only part of the refund was credited I need an update as soon as possible.",English,Refund Issue,Refund Team,High,English_Refund Issue_03,87,17,train
ENG_0216,"Hello, my package is stuck at the same location I need an update as soon as possible.",English,Delivery Issue,Logistics Team,Medium,English_Delivery Issue_05,85,17,test
HIN_0142,"कृपया मदद करें, मेरी खरीदारी के लिए गलत राशि ली गई।",Hindi,Payment Issue,Payments Team,High,Hindi_Payment Issue_10,51,11,test
HGL_0769,"Hello, damaged item ka replacement chahiye.",Hinglish,Return/Replacement,Returns Team,Medium,Hinglish_Return/Replacement_02,43,6,train
HGL_0966,"Hello, mera saved address disappear ho gaya. Mujhe jaldi update chahiye.",Hinglish,Account Issue,Account Support,Medium,Hinglish_Account Issue_05,72,11,train
HIN_1131,"नमस्ते, किसी ने मेरे अकाउंट का पासवर्ड बदल दिया। मुझे जल्द से जल्द जानकारी चाहिए।",Hindi,Fraud/Security,Security Team,Critical,Hindi_Fraud/Security_06,81,15,train
HIN_1039,"नमस्ते, एक ही नंबर से गलती से दो अकाउंट बन गए हैं।",Hindi,Account Issue,Account Support,Medium,Hindi_Account Issue_10,50,12,train
HGL_0484,"Hello, cancellation request baar baar fail ho rahi hai.",Hinglish,Cancellation Issue,Order Management,Medium,Hinglish_Cancellation Issue_03,55,9,train
ENG_0102,I need assistance because cash was charged even though the order shows payment pending I need an update as soon as possible.,English,Payment Issue,Payments Team,High,English_Payment Issue_07,124,22,test
HGL_0183,Tracking delivered dikha raha hai but package nahi mila. Mujhe jaldi update chahiye.,Hinglish,Delivery Issue,Logistics Team,Medium,Hinglish_Delivery Issue_03,84,13,validation
ENG_0172,"Please help, the delivery is delayed beyond the promised date",English,Delivery Issue,Logistics Team,Medium,English_Delivery Issue_02,61,10,validation
ENG_0108,I cannot complete the payment for my order I need an update as soon as possible.,English,Payment Issue,Payments Team,High,English_Payment Issue_08,80,16,train
HGL_0128,"Please help, checkout ke time payment page baar baar fail ho raha hai. Please jaldi resolve karo.",Hinglish,Payment Issue,Payments Team,High,Hinglish_Payment Issue_09,97,17,validation
HGL_1183,Ye urgent hai: fake customer care agent ne bank details maangi.,Hinglish,Fraud/Security,Security Team,Critical,Hinglish_Fraud/Security_09,63,11,train
HGL_0245,"Hello, mera order wrong address par deliver hua. Please jaldi resolve karo.",Hinglish,Delivery Issue,Logistics Team,Medium,Hinglish_Delivery Issue_07,75,12,train
HGL_0006,"Hello, payment deduct ho gaya but order confirm nahi hua. Mujhe jaldi update chahiye.",Hinglish,Payment Issue,Payments Team,High,Hinglish_Payment Issue_01,85,14,train
HIN_1088,"कृपया मदद करें, मेरा अकाउंट हैक हो गया है। कृपया इसे जल्दी हल करें।",Hindi,Fraud/Security,Security Team,Critical,Hindi_Fraud/Security_03,67,14,train
HGL_0047,Mera card payment processing mein stuck hai. Please jaldi resolve karo.,Hinglish,Payment Issue,Payments Team,High,Hinglish_Payment Issue_04,71,11,train
HGL_0013,Ye urgent hai: payment deduct ho gaya but order confirm nahi hua.,Hinglish,Payment Issue,Payments Team,High,Hinglish_Payment Issue_01,65,12,train
HGL_0452,Main apna order cancel nahi kar pa rahi hoon. Please jaldi resolve karo.,Hinglish,Cancellation Issue,Order Management,Medium,Hinglish_Cancellation Issue_01,72,13,test
HGL_0424,"Hello, refund status kai din se change nahi hua.",Hinglish,Refund Issue,Refund Team,High,Hinglish_Refund Issue_09,48,9,test
HGL_0683,"Please help, item ke parts broken hain. Please jaldi resolve karo.",Hinglish,Product Issue,Product Support,High,Hinglish_Product Issue_06,66,11,train
ENG_1041,"Hello, I accidentally created two accounts with the same number I need an update as soon as possible.",English,Account Issue,Account Support,Medium,English_Account Issue_10,101,18,train
HIN_0921,"नमस्ते, मुझे लॉगिन ओटीपी नहीं मिल रहा है। मुझे जल्द से जल्द जानकारी चाहिए।",Hindi,Account Issue,Account Support,Medium,Hindi_Account Issue_02,74,14,train
HIN_0325,मुझे सहायता चाहिए क्योंकि मेरा रिफंड अभी भी पेंडिंग है।,Hindi,Refund Issue,Refund Team,High,Hindi_Refund Issue_02,55,10,train
HGL_1065,Ye urgent hai: mere account mein unknown transaction hua hai. Mujhe jaldi update chahiye.,Hinglish,Fraud/Security,Security Team,Critical,Hinglish_Fraud/Security_01,89,14,train
ENG_0482,My cancellation request keeps failing Please resolve this.,English,Cancellation Issue,Order Management,Medium,English_Cancellation Issue_03,58,8,train
HGL_0162,Mujhe help chahiye kyunki mera order abhi tak deliver nahi hua. Mujhe jaldi update chahiye.,Hinglish,Delivery Issue,Logistics Team,Medium,Hinglish_Delivery Issue_01,91,15,train
HGL_0262,"Please help, mere order ka sirf ek part deliver hua.",Hinglish,Delivery Issue,Logistics Team,Medium,Hinglish_Delivery Issue_08,52,10,train
HIN_0563,"कृपया मदद करें, मैं ऑर्डर में से एक सामान रद्द करना चाहती हूँ। कृपया इसे जल्दी हल करें।",Hindi,Cancellation Issue,Order Management,Medium,Hindi_Cancellation Issue_08,87,18,train
HGL_0880,Mujhe help chahiye kyunki mujhe wrong replacement product mila.,Hinglish,Return/Replacement,Returns Team,Medium,Hinglish_Return/Replacement_09,63,9,train
HGL_0643,Ye urgent hai: mujhe wrong product deliver hua.,Hinglish,Product Issue,Product Support,High,Hinglish_Product Issue_03,47,8,validation
HGL_0091,Payment karne ke baad bhi order pending dikha raha hai.,Hinglish,Payment Issue,Payments Team,High,Hinglish_Payment Issue_07,55,10,test
HGL_0061,Checkout fail hua phir bhi amount debit ho gaya.,Hinglish,Payment Issue,Payments Team,High,Hinglish_Payment Issue_05,48,9,test
ENG_0406,I received a smaller refund than expected,English,Refund Issue,Refund Team,High,English_Refund Issue_08,41,7,test
ENG_0758,"Please help, I want to return this product Please resolve this.",English,Return/Replacement,Returns Team,Medium,English_Return/Replacement_01,63,11,train
HIN_1154,यह बहुत जरूरी है: मेरे अकाउंट में एक अनजान डिलीवरी पता दिखाई दे रहा है। कृपया इसे जल्दी हल करें।,Hindi,Fraud/Security,Security Team,Critical,Hindi_Fraud/Security_07,96,20,train
ENG_0098,"Please help, cash was charged even though the order shows payment pending Please resolve this.",English,Payment Issue,Payments Team,High,English_Payment Issue_07,94,15,test
HIN_0134,यह बहुत जरूरी है: चेकआउट के समय पेमेंट पेज बार-बार फेल हो रहा है। कृपया इसे जल्दी हल करें।,Hindi,Payment Issue,Payments Team,High,Hindi_Payment Issue_09,90,19,test
HGL_0460,Mujhe help chahiye kyunki main apna order cancel nahi kar pa rahi hoon.,Hinglish,Cancellation Issue,Order Management,Medium,Hinglish_Cancellation Issue_01,71,13,test
HGL_0922,"Please help, mujhe login OTP receive nahi ho raha.",Hinglish,Account Issue,Account Support,Medium,Hinglish_Account Issue_02,50,9,test
HIN_1167,मुझे सहायता चाहिए क्योंकि मुझे पेमेंट मांगने वाला संदिग्ध संदेश मिला। मुझे जल्द से जल्द जानकारी चाहिए।,Hindi,Fraud/Security,Security Team,Critical,Hindi_Fraud/Security_08,102,17,train
HIN_0859,"नमस्ते, कूरियर वाले ने रिटर्न लेने से मना कर दिया।",Hindi,Return/Replacement,Returns Team,Medium,Hindi_Return/Replacement_08,50,10,train
HGL_0132,Mujhe help chahiye kyunki checkout ke time payment page baar baar fail ho raha hai. Mujhe jaldi update chahiye.,Hinglish,Payment Issue,Payments Team,High,Hinglish_Payment Issue_09,111,19,validation
ENG_0149,This is urgent: the wrong amount was charged for my purchase Please resolve this.,English,Payment Issue,Payments Team,High,English_Payment Issue_10,81,14,train
ENG_0029,This is urgent: I was charged twice for the same order Please resolve this.,English,Payment Issue,Payments Team,High,English_Payment Issue_02,75,14,train
HGL_0063,Checkout fail hua phir bhi amount debit ho gaya. Mujhe jaldi update chahiye.,Hinglish,Payment Issue,Payments Team,High,Hinglish_Payment Issue_05,76,13,test
HIN_1170,यह बहुत जरूरी है: मुझे पेमेंट मांगने वाला संदिग्ध संदेश मिला। मुझे जल्द से जल्द जानकारी चाहिए।,Hindi,Fraud/Security,Security Team,Critical,Hindi_Fraud/Security_08,94,17,train
ENG_0693,The product quality is very poor I need an update as soon as possible.,English,Product Issue,Product Support,High,English_Product Issue_07,70,14,test
HIN_0187,"कृपया मदद करें, ट्रैकिंग में डिलीवर दिख रहा है लेकिन पैकेज नहीं मिला।",Hindi,Delivery Issue,Logistics Team,Medium,Hindi_Delivery Issue_03,69,13,train
HIN_0646,उत्पाद उसके विवरण से मेल नहीं खाता।,Hindi,Product Issue,Product Support,High,Hindi_Product Issue_04,35,7,train
HGL_0066,"Hello, checkout fail hua phir bhi amount debit ho gaya. Mujhe jaldi update chahiye.",Hinglish,Payment Issue,Payments Team,High,Hinglish_Payment Issue_05,83,14,test
HIN_0400,मुझे सहायता चाहिए क्योंकि रिफंड गलत पेमेंट माध्यम में भेज दिया गया।,Hindi,Refund Issue,Refund Team,High,Hindi_Refund Issue_07,67,12,test
ENG_0702,I need assistance because the product quality is very poor I need an update as soon as possible.,English,Product Issue,Product Support,High,English_Product Issue_07,96,18,test
HIN_0509,यह बहुत जरूरी है: कैंसलेशन के बाद भी ऑर्डर भेज दिया गया। कृपया इसे जल्दी हल करें।,Hindi,Cancellation Issue,Order Management,Medium,Hindi_Cancellation Issue_04,81,17,train
ENG_0455,"Hello, I am unable to cancel my order Please resolve this.",English,Cancellation Issue,Order Management,Medium,English_Cancellation Issue_01,58,11,train
HIN_0841,रिटर्न की समय सीमा गलत तरीके से बंद दिखाई जा रही है।,Hindi,Return/Replacement,Returns Team,Medium,Hindi_Return/Replacement_07,52,12,test
HGL_0741,"Hello, delivery mein empty package mila hai. Mujhe jaldi update chahiye.",Hinglish,Product Issue,Product Support,High,Hinglish_Product Issue_10,72,11,train
ENG_0610,I need assistance because the product I received is damaged,English,Product Issue,Product Support,High,English_Product Issue_01,59,10,validation
ENG_0168,The delivery is delayed beyond the promised date I need an update as soon as possible.,English,Delivery Issue,Logistics Team,Medium,English_Delivery Issue_02,86,16,validation
ENG_0731,I need assistance because the size or colour is different from what I ordered Please resolve this.,English,Product Issue,Product Support,High,English_Product Issue_09,98,17,test
HGL_0193,Ye urgent hai: tracking delivered dikha raha hai but package nahi mila.,Hinglish,Delivery Issue,Logistics Team,Medium,Hinglish_Delivery Issue_03,71,12,validation
HGL_0819,"Please help, mujhe item ko different size se exchange karna hai. Mujhe jaldi update chahiye.",Hinglish,Return/Replacement,Returns Team,Medium,Hinglish_Return/Replacement_05,92,15,train
HIN_1188,मेरे अकाउंट से कई अनधिकृत खरीदारी हुई हैं। मुझे जल्द से जल्द जानकारी चाहिए।,Hindi,Fraud/Security,Security Team,Critical,Hindi_Fraud/Security_10,75,14,train
HIN_0423,कई दिनों से रिफंड की स्थिति नहीं बदली है। मुझे जल्द से जल्द जानकारी चाहिए।,Hindi,Refund Issue,Refund Team,High,Hindi_Refund Issue_09,74,15,validation
ENG_0588,I was charged a fee for cancelling the order I need an update as soon as possible.,English,Cancellation Issue,Order Management,Medium,English_Cancellation Issue_10,82,17,train
HIN_0202,"कृपया मदद करें, कूरियर वाले ने मुझसे संपर्क नहीं किया।",Hindi,Delivery Issue,Logistics Team,Medium,Hindi_Delivery Issue_04,54,10,test
HIN_0501,"नमस्ते, कैंसलेशन के बाद भी ऑर्डर भेज दिया गया। मुझे जल्द से जल्द जानकारी चाहिए।",Hindi,Cancellation Issue,Order Management,Medium,Hindi_Cancellation Issue_04,79,15,train
HGL_0227,Delivery date baar baar change ho rahi hai. Please jaldi resolve karo.,Hinglish,Delivery Issue,Logistics Team,Medium,Hinglish_Delivery Issue_06,70,12,test
HGL_0433,Ye urgent hai: refund status kai din se change nahi hua.,Hinglish,Refund Issue,Refund Team,High,Hinglish_Refund Issue_09,56,11,test
HIN_0180,यह बहुत जरूरी है: ऑर्डर तय तारीख के बाद भी डिलीवर नहीं हुआ। मुझे जल्द से जल्द जानकारी चाहिए।,Hindi,Delivery Issue,Logistics Team,Medium,Hindi_Delivery Issue_02,92,19,train
HIN_0890,"नमस्ते, मेरा रिटर्न अनुरोध बिना कारण रद्द कर दिया गया। कृपया इसे जल्दी हल करें।",Hindi,Return/Replacement,Returns Team,Medium,Hindi_Return/Replacement_10,79,15,train
HIN_0976,मैं अपना पासवर्ड रीसेट नहीं कर पा रही हूँ।,Hindi,Account Issue,Account Support,Medium,Hindi_Account Issue_06,42,9,train
HGL_0202,"Please help, courier person ne mujhse contact nahi kiya.",Hinglish,Delivery Issue,Logistics Team,Medium,Hinglish_Delivery Issue_04,56,9,test
HIN_1113,मेरे सेव किए हुए कार्ड का बिना अनुमति उपयोग हुआ। मुझे जल्द से जल्द जानकारी चाहिए।,Hindi,Fraud/Security,Security Team,Critical,Hindi_Fraud/Security_05,81,16,train
HGL_0518,"Please help, galti se order place hua aur mujhe cancel karna hai. Please jaldi resolve karo.",Hinglish,Cancellation Issue,Order Management,Medium,Hinglish_Cancellation Issue_05,92,16,test
ENG_0442,"Please help, my bank has not received the promised refund",English,Refund Issue,Refund Team,High,English_Refund Issue_10,57,10,train
HIN_0852,मुझे सहायता चाहिए क्योंकि रिटर्न की समय सीमा गलत तरीके से बंद दिखाई जा रही है। मुझे जल्द से जल्द जानकारी चाहिए।,Hindi,Return/Replacement,Returns Team,Medium,Hindi_Return/Replacement_07,111,22,test
HIN_0102,मुझे सहायता चाहिए क्योंकि ऑर्डर में पेमेंट अभी भी पेंडिंग दिख रहा है। मुझे जल्द से जल्द जानकारी चाहिए।,Hindi,Payment Issue,Payments Team,High,Hindi_Payment Issue_07,102,19,validation
HGL_0719,Ye urgent hai: mujhe expired product mila hai. Please jaldi resolve karo.,Hinglish,Product Issue,Product Support,High,Hinglish_Product Issue_08,73,12,test
HIN_0105,यह बहुत जरूरी है: ऑर्डर में पेमेंट अभी भी पेंडिंग दिख रहा है। मुझे जल्द से जल्द जानकारी चाहिए।,Hindi,Payment Issue,Payments Team,High,Hindi_Payment Issue_07,94,19,validation
ENG_0237,I need assistance because the delivery date keeps changing I need an update as soon as possible.,English,Delivery Issue,Logistics Team,Medium,English_Delivery Issue_06,96,17,train
ENG_0521,I need assistance because I accidentally placed an order and need to cancel it Please resolve this.,English,Cancellation Issue,Order Management,Medium,English_Cancellation Issue_05,99,17,train
ENG_0736,The package was empty when it arrived,English,Product Issue,Product Support,High,English_Product Issue_10,37,7,train
HGL_0781,Meri return request accept nahi ho rahi.,Hinglish,Return/Replacement,Returns Team,Medium,Hinglish_Return/Replacement_03,40,7,train
HIN_0907,"कृपया मदद करें, मैं अपने अकाउंट में लॉग इन नहीं कर पा रही हूँ।",Hindi,Account Issue,Account Support,Medium,Hindi_Account Issue_01,62,14,test
ENG_0593,"Please help, I was charged a fee for cancelling the order Please resolve this.",English,Cancellation Issue,Order Management,Medium,English_Cancellation Issue_10,78,14,train
HIN_0104,यह बहुत जरूरी है: ऑर्डर में पेमेंट अभी भी पेंडिंग दिख रहा है। कृपया इसे जल्दी हल करें।,Hindi,Payment Issue,Payments Team,High,Hindi_Payment Issue_07,86,18,validation
HIN_0188,"कृपया मदद करें, ट्रैकिंग में डिलीवर दिख रहा है लेकिन पैकेज नहीं मिला। कृपया इसे जल्दी हल करें।",Hindi,Delivery Issue,Logistics Team,Medium,Hindi_Delivery Issue_03,94,18,train
HIN_1139,यह बहुत जरूरी है: किसी ने मेरे अकाउंट का पासवर्ड बदल दिया। कृपया इसे जल्दी हल करें।,Hindi,Fraud/Security,Security Team,Critical,Hindi_Fraud/Security_06,83,17,train
HGL_0273,Courier person ne package deliver karne se mana kiya. Mujhe jaldi update chahiye.,Hinglish,Delivery Issue,Logistics Team,Medium,Hinglish_Delivery Issue_09,81,13,train
HGL_0946,Main apna phone number update nahi kar pa rahi hoon.,Hinglish,Account Issue,Account Support,Medium,Hinglish_Account Issue_04,52,10,train
ENG_0905,"Hello, I cannot log in to my account Please resolve this.",English,Account Issue,Account Support,Medium,English_Account Issue_01,57,11,validation
HGL_0646,Product description ke according nahi hai.,Hinglish,Product Issue,Product Support,High,Hinglish_Product Issue_04,42,6,train
HIN_0080,"नमस्ते, यूपीआई पेमेंट सफल हुआ लेकिन ऑर्डर प्लेस नहीं हुआ। कृपया इसे जल्दी हल करें।",Hindi,Payment Issue,Payments Team,High,Hindi_Payment Issue_06,82,15,train
HGL_0475,Mujhe help chahiye kyunki cancel button available nahi hai.,Hinglish,Cancellation Issue,Order Management,Medium,Hinglish_Cancellation Issue_02,59,9,train
HGL_1052,Mere account mein unknown transaction hua hai. Please jaldi resolve karo.,Hinglish,Fraud/Security,Security Team,Critical,Hinglish_Fraud/Security_01,73,11,train
HIN_1109,यह बहुत जरूरी है: मुझे ऐसी खरीदारी का ओटीपी मिला जो मैंने नहीं की। कृपया इसे जल्दी हल करें।,Hindi,Fraud/Security,Security Team,Critical,Hindi_Fraud/Security_04,91,19,validation
HGL_0458,"Please help, main apna order cancel nahi kar pa rahi hoon. Please jaldi resolve karo.",Hinglish,Cancellation Issue,Order Management,Medium,Hinglish_Cancellation Issue_01,85,15,test
HGL_0548,"Please help, app mein cancellation option show nahi ho raha. Please jaldi resolve karo.",Hinglish,Cancellation Issue,Order Management,Medium,Hinglish_Cancellation Issue_07,87,14,train
HGL_0451,Main apna order cancel nahi kar pa rahi hoon.,Hinglish,Cancellation Issue,Order Management,Medium,Hinglish_Cancellation Issue_01,45,9,test
ENG_0707,I received an expired product Please resolve this.,English,Product Issue,Product Support,High,English_Product Issue_08,50,8,train
HGL_0766,Damaged item ka replacement chahiye.,Hinglish,Return/Replacement,Returns Team,Medium,Hinglish_Return/Replacement_02,36,5,train
ENG_0746,I need assistance because the package was empty when it arrived Please resolve this.,English,Product Issue,Product Support,High,English_Product Issue_10,84,14,train
HIN_0740,"नमस्ते, मुझे खाली पैकेज मिला है। कृपया इसे जल्दी हल करें।",Hindi,Product Issue,Product Support,High,Hindi_Product Issue_10,57,11,test
HGL_0729,"Please help, product ka size ya colour order se different hai. Mujhe jaldi update chahiye.",Hinglish,Product Issue,Product Support,High,Hinglish_Product Issue_09,90,15,train
ENG_0514,"Hello, I accidentally placed an order and need to cancel it",English,Cancellation Issue,Order Management,Medium,English_Cancellation Issue_05,59,11,train
ENG_0082,"Please help, the UPI transaction succeeded but the order was not placed",English,Payment Issue,Payments Team,High,English_Payment Issue_06,71,12,train
HIN_0109,"नमस्ते, मैं अपने ऑर्डर का पेमेंट पूरा नहीं कर पा रही हूँ।",Hindi,Payment Issue,Payments Team,High,Hindi_Payment Issue_08,57,12,train
HGL_0583,Ye urgent hai: cancel karne ke baad bhi order active dikha raha hai.,Hinglish,Cancellation Issue,Order Management,Medium,Hinglish_Cancellation Issue_09,68,13,train
ENG_0915,This is urgent: I cannot log in to my account I need an update as soon as possible.,English,Account Issue,Account Support,Medium,English_Account Issue_01,83,18,validation
HGL_0911,Mujhe help chahiye kyunki main apne account mein login nahi kar pa rahi hoon. Please jaldi resolve karo.,Hinglish,Account Issue,Account Support,Medium,Hinglish_Account Issue_01,104,18,train
HGL_0895,Mujhe help chahiye kyunki meri return request bina reason cancel ho gayi.,Hinglish,Return/Replacement,Returns Team,Medium,Hinglish_Return/Replacement_10,73,12,train
ENG_0775,I need assistance because I need a replacement for the damaged item,English,Return/Replacement,Returns Team,Medium,English_Return/Replacement_02,67,12,train
ENG_0330,This is urgent: the refund is still pending I need an update as soon as possible.,English,Refund Issue,Refund Team,High,English_Refund Issue_02,81,16,validation
HIN_0855,यह बहुत जरूरी है: रिटर्न की समय सीमा गलत तरीके से बंद दिखाई जा रही है। मुझे जल्द से जल्द जानकारी चाहिए।,Hindi,Return/Replacement,Returns Team,Medium,Hindi_Return/Replacement_07,103,22,test
HIN_0802,"कृपया मदद करें, रिटर्न के लिए पिकअप अभी तक नहीं हुआ।",Hindi,Return/Replacement,Returns Team,Medium,Hindi_Return/Replacement_04,52,11,validation
ENG_0944,This is urgent: my account has been locked Please resolve this.,English,Account Issue,Account Support,Medium,English_Account Issue_03,63,11,train
ENG_0823,This is urgent: I want to exchange the item for another size,English,Return/Replacement,Returns Team,Medium,English_Return/Replacement_05,60,12,train
ENG_0910,I need assistance because I cannot log in to my account,English,Account Issue,Account Support,Medium,English_Account Issue_01,55,11,validation
ENG_0182,Tracking shows delivered but I did not receive the package Please resolve this.,English,Delivery Issue,Logistics Team,Medium,English_Delivery Issue_03,79,13,train
ENG_0165,This is urgent: my order has not arrived yet I need an update as soon as possible.,English,Delivery Issue,Logistics Team,Medium,English_Delivery Issue_01,82,17,train
HIN_0324,"कृपया मदद करें, मेरा रिफंड अभी भी पेंडिंग है। मुझे जल्द से जल्द जानकारी चाहिए।",Hindi,Refund Issue,Refund Team,High,Hindi_Refund Issue_02,78,15,train
ENG_0452,I am unable to cancel my order Please resolve this.,English,Cancellation Issue,Order Management,Medium,English_Cancellation Issue_01,51,10,train
HIN_0112,"कृपया मदद करें, मैं अपने ऑर्डर का पेमेंट पूरा नहीं कर पा रही हूँ।",Hindi,Payment Issue,Payments Team,High,Hindi_Payment Issue_08,65,14,train
ENG_1112,My saved card was used without permission Please resolve this.,English,Fraud/Security,Security Team,Critical,English_Fraud/Security_05,62,10,test
HGL_0580,Mujhe help chahiye kyunki cancel karne ke baad bhi order active dikha raha hai.,Hinglish,Cancellation Issue,Order Management,Medium,Hinglish_Cancellation Issue_09,79,14,train
HIN_0088,यह बहुत जरूरी है: यूपीआई पेमेंट सफल हुआ लेकिन ऑर्डर प्लेस नहीं हुआ।,Hindi,Payment Issue,Payments Team,High,Hindi_Payment Issue_06,67,13,train
ENG_0328,This is urgent: the refund is still pending,English,Refund Issue,Refund Team,High,English_Refund Issue_02,43,8,validation
HIN_0591,"नमस्ते, ऑर्डर रद्द करने पर मुझसे शुल्क लिया गया। मुझे जल्द से जल्द जानकारी चाहिए।",Hindi,Cancellation Issue,Order Management,Medium,Hindi_Cancellation Issue_10,81,15,train
HGL_0783,Meri return request accept nahi ho rahi. Mujhe jaldi update chahiye.,Hinglish,Return/Replacement,Returns Team,Medium,Hinglish_Return/Replacement_03,68,11,train
HIN_0808,यह बहुत जरूरी है: रिटर्न के लिए पिकअप अभी तक नहीं हुआ।,Hindi,Return/Replacement,Returns Team,Medium,Hindi_Return/Replacement_04,54,12,validation
HIN_0659,यह बहुत जरूरी है: उत्पाद उसके विवरण से मेल नहीं खाता। कृपया इसे जल्दी हल करें।,Hindi,Product Issue,Product Support,High,Hindi_Product Issue_04,78,16,train
ENG_0313,This is urgent: I cancelled my order but have not received the refund,English,Refund Issue,Refund Team,High,English_Refund Issue_01,69,13,train
ENG_0833,"Please help, the replacement order has not been shipped Please resolve this.",English,Return/Replacement,Returns Team,Medium,English_Return/Replacement_06,76,12,test
HIN_0002,मेरे पैसे कट गए लेकिन ऑर्डर कन्फर्म नहीं हुआ। कृपया इसे जल्दी हल करें।,Hindi,Payment Issue,Payments Team,High,Hindi_Payment Issue_01,70,14,train
HGL_0371,Mujhe help chahiye kyunki return accept hua but refund process nahi hua. Please jaldi resolve karo.,Hinglish,Refund Issue,Refund Team,High,Hinglish_Refund Issue_05,99,16,validation
HGL_0025,Mujhe help chahiye kyunki same order ke liye do baar paise cut gaye.,Hinglish,Payment Issue,Payments Team,High,Hinglish_Payment Issue_02,68,13,train
HIN_0935,"नमस्ते, मेरा अकाउंट लॉक हो गया है। कृपया इसे जल्दी हल करें।",Hindi,Account Issue,Account Support,Medium,Hindi_Account Issue_03,59,12,train
HIN_1010,"नमस्ते, मैं अकाउंट से जुड़ा ईमेल नहीं बदल पा रही हूँ। कृपया इसे जल्दी हल करें।",Hindi,Account Issue,Account Support,Medium,Hindi_Account Issue_08,78,16,test
HGL_1135,Mujhe help chahiye kyunki kisi ne mere account ka password change kar diya.,Hinglish,Fraud/Security,Security Team,Critical,Hinglish_Fraud/Security_06,75,13,train
HIN_0282,मुझे सहायता चाहिए क्योंकि कूरियर वाले ने पैकेज देने से मना कर दिया। मुझे जल्द से जल्द जानकारी चाहिए।,Hindi,Delivery Issue,Logistics Team,Medium,Hindi_Delivery Issue_09,100,19,validation
ENG_0778,This is urgent: I need a replacement for the damaged item,English,Return/Replacement,Returns Team,Medium,English_Return/Replacement_02,57,11,train
ENG_0800,"Hello, the pickup for my return has not happened Please resolve this.",English,Return/Replacement,Returns Team,Medium,English_Return/Replacement_04,69,12,validation
ENG_0055,I need assistance because my card payment is stuck in processing,English,Payment Issue,Payments Team,High,English_Payment Issue_04,64,11,validation
HIN_0721,उत्पाद का आकार या रंग मेरे ऑर्डर से अलग है।,Hindi,Product Issue,Product Support,High,Hindi_Product Issue_09,43,10,train
HGL_0695,"Hello, product ki quality bahut poor hai. Please jaldi resolve karo.",Hinglish,Product Issue,Product Support,High,Hinglish_Product Issue_07,68,11,train
HGL_0188,"Please help, tracking delivered dikha raha hai but package nahi mila. Please jaldi resolve karo.",Hinglish,Delivery Issue,Logistics Team,Medium,Hinglish_Delivery Issue_03,96,15,validation
HIN_0502,"कृपया मदद करें, कैंसलेशन के बाद भी ऑर्डर भेज दिया गया।",Hindi,Cancellation Issue,Order Management,Medium,Hindi_Cancellation Issue_04,54,11,train
HIN_0962,मेरा सेव किया हुआ पता गायब हो गया है। कृपया इसे जल्दी हल करें।,Hindi,Account Issue,Account Support,Medium,Hindi_Account Issue_05,62,14,train
HGL_0968,"Please help, mera saved address disappear ho gaya. Please jaldi resolve karo.",Hinglish,Account Issue,Account Support,Medium,Hinglish_Account Issue_05,77,12,train
ENG_0988,This is urgent: I forgot my password and cannot reset it,English,Account Issue,Account Support,Medium,English_Account Issue_06,56,11,train
HGL_0186,"Hello, tracking delivered dikha raha hai but package nahi mila. Mujhe jaldi update chahiye.",Hinglish,Delivery Issue,Logistics Team,Medium,Hinglish_Delivery Issue_03,91,14,validation
HIN_0195,यह बहुत जरूरी है: ट्रैकिंग में डिलीवर दिख रहा है लेकिन पैकेज नहीं मिला। मुझे जल्द से जल्द जानकारी चाहिए।,Hindi,Delivery Issue,Logistics Team,Medium,Hindi_Delivery Issue_03,104,20,train
ENG_0769,"Hello, I need a replacement for the damaged item",English,Return/Replacement,Returns Team,Medium,English_Return/Replacement_02,48,9,train
HGL_0780,Ye urgent hai: damaged item ka replacement chahiye. Mujhe jaldi update chahiye.,Hinglish,Return/Replacement,Returns Team,Medium,Hinglish_Return/Replacement_02,79,12,train
ENG_0286,The tracking information has not been updated,English,Delivery Issue,Logistics Team,Medium,English_Delivery Issue_10,45,7,train
HGL_0762,Mujhe help chahiye kyunki mujhe ye product return karna hai. Mujhe jaldi update chahiye.,Hinglish,Return/Replacement,Returns Team,Medium,Hinglish_Return/Replacement_01,88,14,test
ENG_0429,"Please help, the refund status has not changed for several days I need an update as soon as possible.",English,Refund Issue,Refund Team,High,English_Refund Issue_09,101,19,train
HIN_1133,"कृपया मदद करें, किसी ने मेरे अकाउंट का पासवर्ड बदल दिया। कृपया इसे जल्दी हल करें।",Hindi,Fraud/Security,Security Team,Critical,Hindi_Fraud/Security_06,81,16,train
HIN_0880,मुझे सहायता चाहिए क्योंकि मुझे गलत रिप्लेसमेंट उत्पाद मिला।,Hindi,Return/Replacement,Returns Team,Medium,Hindi_Return/Replacement_09,59,9,train
ENG_0723,The size or colour is different from what I ordered I need an update as soon as possible.,English,Product Issue,Product Support,High,English_Product Issue_09,89,18,test
ENG_0952,"Please help, I cannot update my phone number",English,Account Issue,Account Support,Medium,English_Account Issue_04,44,8,train
HIN_1063,यह बहुत जरूरी है: मेरे अकाउंट में एक अनजान लेन-देन हुआ है।,Hindi,Fraud/Security,Security Team,Critical,Hindi_Fraud/Security_01,58,12,test
ENG_0990,This is urgent: I forgot my password and cannot reset it I need an update as soon as possible.,English,Account Issue,Account Support,Medium,English_Account Issue_06,94,19,train
HGL_0951,"Hello, main apna phone number update nahi kar pa rahi hoon. Mujhe jaldi update chahiye.",Hinglish,Account Issue,Account Support,Medium,Hinglish_Account Issue_04,87,15,train
HGL_1141,Account mein unknown delivery address add hua hai.,Hinglish,Fraud/Security,Security Team,Critical,Hinglish_Fraud/Security_07,50,8,train
ENG_0327,I need assistance because the refund is still pending I need an update as soon as possible.,English,Refund Issue,Refund Team,High,English_Refund Issue_02,91,17,validation
HIN_0184,"नमस्ते, ट्रैकिंग में डिलीवर दिख रहा है लेकिन पैकेज नहीं मिला।",Hindi,Delivery Issue,Logistics Team,Medium,Hindi_Delivery Issue_03,61,11,train
HIN_0525,यह बहुत जरूरी है: गलती से किया गया ऑर्डर रद्द करना है। मुझे जल्द से जल्द जानकारी चाहिए।,Hindi,Cancellation Issue,Order Management,Medium,Hindi_Cancellation Issue_05,87,18,train
ENG_1087,"Please help, my account appears to have been hacked",English,Fraud/Security,Security Team,Critical,English_Fraud/Security_03,51,9,test
ENG_0342,I need assistance because only part of the refund was credited I need an update as soon as possible.,English,Refund Issue,Refund Team,High,English_Refund Issue_03,100,19,train
ENG_0148,This is urgent: the wrong amount was charged for my purchase,English,Payment Issue,Payments Team,High,English_Payment Issue_10,60,11,train
HGL_0399,"Please help, refund wrong payment method mein bheja gaya. Mujhe jaldi update chahiye.",Hinglish,Refund Issue,Refund Team,High,Hinglish_Refund Issue_07,85,13,train
ENG_1108,This is urgent: I received an OTP for a purchase I did not make,English,Fraud/Security,Security Team,Critical,English_Fraud/Security_04,63,14,train
ENG_0849,"Please help, the return window is incorrectly shown as closed I need an update as soon as possible.",English,Return/Replacement,Returns Team,Medium,English_Return/Replacement_07,99,18,test
ENG_0967,"Please help, my saved address has disappeared",English,Account Issue,Account Support,Medium,English_Account Issue_05,45,7,train
HGL_1132,"Please help, kisi ne mere account ka password change kar diya.",Hinglish,Fraud/Security,Security Team,Critical,Hinglish_Fraud/Security_06,62,11,train
HIN_1004,यह बहुत जरूरी है: ऐप मुझे बार-बार लॉग आउट कर रहा है। कृपया इसे जल्दी हल करें।,Hindi,Account Issue,Account Support,Medium,Hindi_Account Issue_07,77,17,train
ENG_0662,An accessory is missing from the package Please resolve this.,English,Product Issue,Product Support,High,English_Product Issue_05,61,10,train
ENG_1003,This is urgent: the app logs me out repeatedly,English,Account Issue,Account Support,Medium,English_Account Issue_07,46,9,test
HGL_0401,Mujhe help chahiye kyunki refund wrong payment method mein bheja gaya. Please jaldi resolve karo.,Hinglish,Refund Issue,Refund Team,High,Hinglish_Refund Issue_07,97,15,train
HGL_0612,Mujhe help chahiye kyunki mujhe damaged product mila hai. Mujhe jaldi update chahiye.,Hinglish,Product Issue,Product Support,High,Hinglish_Product Issue_01,85,13,train
HGL_0404,Ye urgent hai: refund wrong payment method mein bheja gaya. Please jaldi resolve karo.,Hinglish,Refund Issue,Refund Team,High,Hinglish_Refund Issue_07,86,14,train
HGL_0782,Meri return request accept nahi ho rahi. Please jaldi resolve karo.,Hinglish,Return/Replacement,Returns Team,Medium,Hinglish_Return/Replacement_03,67,11,train
HIN_0680,"नमस्ते, उत्पाद के कुछ हिस्से टूटे हुए हैं। कृपया इसे जल्दी हल करें।",Hindi,Product Issue,Product Support,High,Hindi_Product Issue_06,67,13,train
HGL_1181,Mujhe help chahiye kyunki fake customer care agent ne bank details maangi. Please jaldi resolve karo.,Hinglish,Fraud/Security,Security Team,Critical,Hinglish_Fraud/Security_09,101,16,train
HIN_0004,"नमस्ते, मेरे पैसे कट गए लेकिन ऑर्डर कन्फर्म नहीं हुआ।",Hindi,Payment Issue,Payments Team,High,Hindi_Payment Issue_01,53,10,train
HIN_0791,मुझे सहायता चाहिए क्योंकि मेरा रिटर्न अनुरोध स्वीकार नहीं हो रहा है। कृपया इसे जल्दी हल करें।,Hindi,Return/Replacement,Returns Team,Medium,Hindi_Return/Replacement_03,93,17,train
ENG_0025,I need assistance because I was charged twice for the same order,English,Payment Issue,Payments Team,High,English_Payment Issue_02,64,12,train
HGL_0973,Ye urgent hai: mera saved address disappear ho gaya.,Hinglish,Account Issue,Account Support,Medium,Hinglish_Account Issue_05,52,9,train
HGL_0949,"Hello, main apna phone number update nahi kar pa rahi hoon.",Hinglish,Account Issue,Account Support,Medium,Hinglish_Account Issue_04,59,11,train
HGL_0095,"Hello, payment karne ke baad bhi order pending dikha raha hai. Please jaldi resolve karo.",Hinglish,Payment Issue,Payments Team,High,Hinglish_Payment Issue_07,89,15,test
HGL_0356,Mujhe help chahiye kyunki app refunded dikha raha hai but account mein paise nahi aaye. Please jaldi resolve karo.,Hinglish,Refund Issue,Refund Team,High,Hinglish_Refund Issue_04,114,19,train
ENG_0876,"Hello, I received the wrong replacement product I need an update as soon as possible.",English,Return/Replacement,Returns Team,Medium,English_Return/Replacement_09,85,15,train
HGL_0829,"Hello, replacement order abhi tak ship nahi hua.",Hinglish,Return/Replacement,Returns Team,Medium,Hinglish_Return/Replacement_06,48,8,train
ENG_0939,"Please help, my account has been locked I need an update as soon as possible.",English,Account Issue,Account Support,Medium,English_Account Issue_03,77,15,train
HIN_1195,मुझे सहायता चाहिए क्योंकि मेरे अकाउंट से कई अनधिकृत खरीदारी हुई हैं।,Hindi,Fraud/Security,Security Team,Critical,Hindi_Fraud/Security_10,68,12,train
HGL_0599,Ye urgent hai: order cancel karne par extra fee charge hui. Please jaldi resolve karo.,Hinglish,Cancellation Issue,Order Management,Medium,Hinglish_Cancellation Issue_10,86,15,train
HGL_1164,"Please help, mujhe payment maangne wala suspicious message mila. Mujhe jaldi update chahiye.",Hinglish,Fraud/Security,Security Team,Critical,Hinglish_Fraud/Security_08,92,13,train
ENG_0386,I need assistance because the refund deadline has already passed Please resolve this.,English,Refund Issue,Refund Team,High,English_Refund Issue_06,85,13,train
HGL_0350,"Hello, app refunded dikha raha hai but account mein paise nahi aaye. Please jaldi resolve karo.",Hinglish,Refund Issue,Refund Team,High,Hinglish_Refund Issue_04,95,16,train
HGL_0960,Ye urgent hai: main apna phone number update nahi kar pa rahi hoon. Mujhe jaldi update chahiye.,Hinglish,Account Issue,Account Support,Medium,Hinglish_Account Issue_04,95,17,train
HGL_0239,Ye urgent hai: delivery date baar baar change ho rahi hai. Please jaldi resolve karo.,Hinglish,Delivery Issue,Logistics Team,Medium,Hinglish_Delivery Issue_06,85,15,test
HIN_1092,मुझे सहायता चाहिए क्योंकि मेरा अकाउंट हैक हो गया है। मुझे जल्द से जल्द जानकारी चाहिए।,Hindi,Fraud/Security,Security Team,Critical,Hindi_Fraud/Security_03,85,16,train
HGL_0108,Main apne order ka payment complete nahi kar pa rahi hoon. Mujhe jaldi update chahiye.,Hinglish,Payment Issue,Payments Team,High,Hinglish_Payment Issue_08,86,15,train
ENG_0937,"Please help, my account has been locked",English,Account Issue,Account Support,Medium,English_Account Issue_03,39,7,train
HGL_0689,Ye urgent hai: item ke parts broken hain. Please jaldi resolve karo.,Hinglish,Product Issue,Product Support,High,Hinglish_Product Issue_06,68,12,train
HIN_1161,"नमस्ते, मुझे पेमेंट मांगने वाला संदिग्ध संदेश मिला। मुझे जल्द से जल्द जानकारी चाहिए।",Hindi,Fraud/Security,Security Team,Critical,Hindi_Fraud/Security_08,84,14,train
HGL_1106,Mujhe help chahiye kyunki mujhe aisi purchase ka OTP mila jo maine nahi ki. Please jaldi resolve karo.,Hinglish,Fraud/Security,Security Team,Critical,Hinglish_Fraud/Security_04,102,18,validation
HIN_0133,यह बहुत जरूरी है: चेकआउट के समय पेमेंट पेज बार-बार फेल हो रहा है।,Hindi,Payment Issue,Payments Team,High,Hindi_Payment Issue_09,65,14,test
HIN_0735,यह बहुत जरूरी है: उत्पाद का आकार या रंग मेरे ऑर्डर से अलग है। मुझे जल्द से जल्द जानकारी चाहिए।,Hindi,Product Issue,Product Support,High,Hindi_Product Issue_09,94,20,train
ENG_0936,"Hello, my account has been locked I need an update as soon as possible.",English,Account Issue,Account Support,Medium,English_Account Issue_03,71,14,train
HGL_0019,"Hello, same order ke liye do baar paise cut gaye.",Hinglish,Payment Issue,Payments Team,High,Hinglish_Payment Issue_02,49,10,train
ENG_0567,I need assistance because I want to cancel one item from my order I need an update as soon as possible.,English,Cancellation Issue,Order Management,Medium,English_Cancellation Issue_08,103,21,train
HIN_0655,मुझे सहायता चाहिए क्योंकि उत्पाद उसके विवरण से मेल नहीं खाता।,Hindi,Product Issue,Product Support,High,Hindi_Product Issue_04,61,11,train
HGL_0791,Mujhe help chahiye kyunki meri return request accept nahi ho rahi. Please jaldi resolve karo.,Hinglish,Return/Replacement,Returns Team,Medium,Hinglish_Return/Replacement_03,93,15,train
HIN_0446,मुझे सहायता चाहिए क्योंकि मेरे बैंक खाते में रिफंड नहीं आया है। कृपया इसे जल्दी हल करें।,Hindi,Refund Issue,Refund Team,High,Hindi_Refund Issue_10,88,17,train
HGL_0608,"Please help, mujhe damaged product mila hai. Please jaldi resolve karo.",Hinglish,Product Issue,Product Support,High,Hinglish_Product Issue_01,71,11,train
HIN_0593,"कृपया मदद करें, ऑर्डर रद्द करने पर मुझसे शुल्क लिया गया। कृपया इसे जल्दी हल करें।",Hindi,Cancellation Issue,Order Management,Medium,Hindi_Cancellation Issue_10,81,16,train
HIN_0231,"नमस्ते, डिलीवरी की तारीख बार-बार बदल रही है। मुझे जल्द से जल्द जानकारी चाहिए।",Hindi,Delivery Issue,Logistics Team,Medium,Hindi_Delivery Issue_06,77,14,train
HGL_0944,Ye urgent hai: mera account lock ho gaya hai. Please jaldi resolve karo.,Hinglish,Account Issue,Account Support,Medium,Hinglish_Account Issue_03,72,13,train
ENG_1014,"Please help, I cannot change the email linked to my account I need an update as soon as possible.",English,Account Issue,Account Support,Medium,English_Account Issue_08,97,19,test
HIN_0729,"कृपया मदद करें, उत्पाद का आकार या रंग मेरे ऑर्डर से अलग है। मुझे जल्द से जल्द जानकारी चाहिए।",Hindi,Product Issue,Product Support,High,Hindi_Product Issue_09,92,19,train
HGL_0300,Ye urgent hai: tracking information update nahi ho rahi hai. Mujhe jaldi update chahiye.,Hinglish,Delivery Issue,Logistics Team,Medium,Hinglish_Delivery Issue_10,88,14,train
ENG_0127,"Please help, the payment page keeps failing during checkout",English,Payment Issue,Payments Team,High,English_Payment Issue_09,59,9,train
HGL_0114,"Please help, main apne order ka payment complete nahi kar pa rahi hoon. Mujhe jaldi update chahiye.",Hinglish,Payment Issue,Payments Team,High,Hinglish_Payment Issue_08,99,17,train
HIN_0148,यह बहुत जरूरी है: मेरी खरीदारी के लिए गलत राशि ली गई।,Hindi,Payment Issue,Payments Team,High,Hindi_Payment Issue_10,53,12,test
ENG_0356,I need assistance because the app says refunded but the money is not in my account Please resolve this.,English,Refund Issue,Refund Team,High,English_Refund Issue_04,103,19,test
ENG_0828,The replacement order has not been shipped I need an update as soon as possible.,English,Return/Replacement,Returns Team,Medium,English_Return/Replacement_06,80,15,test
HIN_0440,"नमस्ते, मेरे बैंक खाते में रिफंड नहीं आया है। कृपया इसे जल्दी हल करें।",Hindi,Refund Issue,Refund Team,High,Hindi_Refund Issue_10,70,14,train
ENG_0985,I need assistance because I forgot my password and cannot reset it,English,Account Issue,Account Support,Medium,English_Account Issue_06,66,12,train
HIN_0989,यह बहुत जरूरी है: मैं अपना पासवर्ड रीसेट नहीं कर पा रही हूँ। कृपया इसे जल्दी हल करें।,Hindi,Account Issue,Account Support,Medium,Hindi_Account Issue_06,85,18,train
HGL_0653,"Please help, product description ke according nahi hai. Please jaldi resolve karo.",Hinglish,Product Issue,Product Support,High,Hinglish_Product Issue_04,82,12,train
HGL_0044,Ye urgent hai: payment fail hua but account se money deduct ho gayi. Please jaldi resolve karo.,Hinglish,Payment Issue,Payments Team,High,Hinglish_Payment Issue_03,95,17,train
ENG_0363,My return was accepted but the refund was not processed I need an update as soon as possible.,English,Refund Issue,Refund Team,High,English_Refund Issue_05,93,18,train
HIN_1150,मुझे सहायता चाहिए क्योंकि मेरे अकाउंट में एक अनजान डिलीवरी पता दिखाई दे रहा है।,Hindi,Fraud/Security,Security Team,Critical,Hindi_Fraud/Security_07,79,15,train
ENG_0346,The app says refunded but the money is not in my account,English,Refund Issue,Refund Team,High,English_Refund Issue_04,56,12,test
HGL_0225,Ye urgent hai: mera package same location par stuck hai. Mujhe jaldi update chahiye.,Hinglish,Delivery Issue,Logistics Team,Medium,Hinglish_Delivery Issue_05,84,14,train
HGL_0644,Ye urgent hai: mujhe wrong product deliver hua. Please jaldi resolve karo.,Hinglish,Product Issue,Product Support,High,Hinglish_Product Issue_03,74,12,validation
ENG_0712,"Please help, I received an expired product",English,Product Issue,Product Support,High,English_Product Issue_08,42,7,train
HGL_0076,UPI payment successful tha but order place nahi hua.,Hinglish,Payment Issue,Payments Team,High,Hinglish_Payment Issue_06,52,9,train
ENG_0011,I need assistance because my payment was deducted but the order was not confirmed Please resolve this.,English,Payment Issue,Payments Team,High,English_Payment Issue_01,102,17,train
HGL_0491,Mujhe help chahiye kyunki cancellation request baar baar fail ho rahi hai. Please jaldi resolve karo.,Hinglish,Cancellation Issue,Order Management,Medium,Hinglish_Cancellation Issue_03,101,16,train
HIN_0917,मुझे लॉगिन ओटीपी नहीं मिल रहा है। कृपया इसे जल्दी हल करें।,Hindi,Account Issue,Account Support,Medium,Hindi_Account Issue_02,58,12,train
HIN_0635,"नमस्ते, मुझे गलत उत्पाद भेजा गया। कृपया इसे जल्दी हल करें।",Hindi,Product Issue,Product Support,High,Hindi_Product Issue_03,58,11,train
ENG_0794,This is urgent: the return request is not being accepted Please resolve this.,English,Return/Replacement,Returns Team,Medium,English_Return/Replacement_03,77,13,train
HGL_0916,Mujhe login OTP receive nahi ho raha.,Hinglish,Account Issue,Account Support,Medium,Hinglish_Account Issue_02,37,7,test
ENG_0095,"Hello, cash was charged even though the order shows payment pending Please resolve this.",English,Payment Issue,Payments Team,High,English_Payment Issue_07,88,14,test
ENG_0130,I need assistance because the payment page keeps failing during checkout,English,Payment Issue,Payments Team,High,English_Payment Issue_09,72,11,train
HIN_1172,नकली कस्टमर केयर एजेंट ने बैंक की जानकारी मांगी। कृपया इसे जल्दी हल करें।,Hindi,Fraud/Security,Security Team,Critical,Hindi_Fraud/Security_09,73,14,train
HGL_0286,Tracking information update nahi ho rahi hai.,Hinglish,Delivery Issue,Logistics Team,Medium,Hinglish_Delivery Issue_10,45,7,train
HGL_1084,"Hello, lagta hai mera account hack ho gaya hai.",Hinglish,Fraud/Security,Security Team,Critical,Hinglish_Fraud/Security_03,47,9,test
HIN_1064,यह बहुत जरूरी है: मेरे अकाउंट में एक अनजान लेन-देन हुआ है। कृपया इसे जल्दी हल करें।,Hindi,Fraud/Security,Security Team,Critical,Hindi_Fraud/Security_01,83,17,test
HIN_0701,मुझे सहायता चाहिए क्योंकि उत्पाद की गुणवत्ता बहुत खराब है। कृपया इसे जल्दी हल करें।,Hindi,Product Issue,Product Support,High,Hindi_Product Issue_07,83,15,validation
HGL_0230,"Hello, delivery date baar baar change ho rahi hai. Please jaldi resolve karo.",Hinglish,Delivery Issue,Logistics Team,Medium,Hinglish_Delivery Issue_06,77,13,test
HGL_0467,Cancel button available nahi hai. Please jaldi resolve karo.,Hinglish,Cancellation Issue,Order Management,Medium,Hinglish_Cancellation Issue_02,60,9,train
HIN_0733,यह बहुत जरूरी है: उत्पाद का आकार या रंग मेरे ऑर्डर से अलग है।,Hindi,Product Issue,Product Support,High,Hindi_Product Issue_09,61,14,train
HGL_0178,Ye urgent hai: promised date ke baad bhi package nahi aaya.,Hinglish,Delivery Issue,Logistics Team,Medium,Hinglish_Delivery Issue_02,59,11,train
HIN_0666,"नमस्ते, पैकेज में एक जरूरी सामान गायब है। मुझे जल्द से जल्द जानकारी चाहिए।",Hindi,Product Issue,Product Support,High,Hindi_Product Issue_05,74,14,train
HIN_0459,"कृपया मदद करें, मैं अपना ऑर्डर रद्द नहीं कर पा रही हूँ। मुझे जल्द से जल्द जानकारी चाहिए।",Hindi,Cancellation Issue,Order Management,Medium,Hindi_Cancellation Issue_01,88,18,validation
ENG_0517,"Please help, I accidentally placed an order and need to cancel it",English,Cancellation Issue,Order Management,Medium,English_Cancellation Issue_05,65,12,train
HIN_0658,यह बहुत जरूरी है: उत्पाद उसके विवरण से मेल नहीं खाता।,Hindi,Product Issue,Product Support,High,Hindi_Product Issue_04,53,11,train
HIN_1044,"कृपया मदद करें, एक ही नंबर से गलती से दो अकाउंट बन गए हैं। मुझे जल्द से जल्द जानकारी चाहिए।",Hindi,Account Issue,Account Support,Medium,Hindi_Account Issue_10,91,20,train
HIN_0078,यूपीआई पेमेंट सफल हुआ लेकिन ऑर्डर प्लेस नहीं हुआ। मुझे जल्द से जल्द जानकारी चाहिए।,Hindi,Payment Issue,Payments Team,High,Hindi_Payment Issue_06,82,15,train
HGL_1069,"Hello, kisi ne mere account se order place kiya.",Hinglish,Fraud/Security,Security Team,Critical,Hinglish_Fraud/Security_02,48,9,train
ENG_0951,"Hello, I cannot update my phone number I need an update as soon as possible.",English,Account Issue,Account Support,Medium,English_Account Issue_04,76,15,train
ENG_1121,I need assistance because my saved card was used without permission Please resolve this.,English,Fraud/Security,Security Team,Critical,English_Fraud/Security_05,88,14,test
HIN_1005,यह बहुत जरूरी है: ऐप मुझे बार-बार लॉग आउट कर रहा है। मुझे जल्द से जल्द जानकारी चाहिए।,Hindi,Account Issue,Account Support,Medium,Hindi_Account Issue_07,85,18,train
ENG_0420,This is urgent: I received a smaller refund than expected I need an update as soon as possible.,English,Refund Issue,Refund Team,High,English_Refund Issue_08,95,18,test
ENG_0923,"Please help, I am not receiving the login OTP Please resolve this.",English,Account Issue,Account Support,Medium,English_Account Issue_02,66,12,train
HGL_0242,Mera order wrong address par deliver hua. Please jaldi resolve karo.,Hinglish,Delivery Issue,Logistics Team,Medium,Hinglish_Delivery Issue_07,68,11,train
ENG_0478,This is urgent: the cancel button is not available,English,Cancellation Issue,Order Management,Medium,English_Cancellation Issue_02,50,9,train
HIN_0836,मुझे सहायता चाहिए क्योंकि रिप्लेसमेंट ऑर्डर अभी तक भेजा नहीं गया। कृपया इसे जल्दी हल करें।,Hindi,Return/Replacement,Returns Team,Medium,Hindi_Return/Replacement_06,90,16,train
HGL_0544,"Hello, app mein cancellation option show nahi ho raha.",Hinglish,Cancellation Issue,Order Management,Medium,Hinglish_Cancellation Issue_07,54,9,train
HIN_0493,यह बहुत जरूरी है: कैंसलेशन अनुरोध बार-बार फेल हो रहा है।,Hindi,Cancellation Issue,Order Management,Medium,Hindi_Cancellation Issue_03,56,11,train
HGL_0256,Mere order ka sirf ek part deliver hua.,Hinglish,Delivery Issue,Logistics Team,Medium,Hinglish_Delivery Issue_08,39,8,train
HIN_0272,कूरियर वाले ने पैकेज देने से मना कर दिया। कृपया इसे जल्दी हल करें।,Hindi,Delivery Issue,Logistics Team,Medium,Hindi_Delivery Issue_09,66,14,validation
HIN_0003,मेरे पैसे कट गए लेकिन ऑर्डर कन्फर्म नहीं हुआ। मुझे जल्द से जल्द जानकारी चाहिए।,Hindi,Payment Issue,Payments Team,High,Hindi_Payment Issue_01,78,15,train
HGL_0039,"Please help, payment fail hua but account se money deduct ho gayi. Mujhe jaldi update chahiye.",Hinglish,Payment Issue,Payments Team,High,Hinglish_Payment Issue_03,94,16,train
HIN_0470,"नमस्ते, ऑर्डर रद्द करने का बटन उपलब्ध नहीं है। कृपया इसे जल्दी हल करें।",Hindi,Cancellation Issue,Order Management,Medium,Hindi_Cancellation Issue_02,71,14,test
HGL_0930,Ye urgent hai: mujhe login OTP receive nahi ho raha. Mujhe jaldi update chahiye.,Hinglish,Account Issue,Account Support,Medium,Hinglish_Account Issue_02,80,14,test
HIN_0771,"नमस्ते, मुझे खराब सामान का रिप्लेसमेंट चाहिए। मुझे जल्द से जल्द जानकारी चाहिए।",Hindi,Return/Replacement,Returns Team,Medium,Hindi_Return/Replacement_02,78,13,train
HIN_0952,"कृपया मदद करें, मैं अपना फोन नंबर अपडेट नहीं कर पा रही हूँ।",Hindi,Account Issue,Account Support,Medium,Hindi_Account Issue_04,59,13,validation
ENG_0821,I need assistance because I want to exchange the item for another size Please resolve this.,English,Return/Replacement,Returns Team,Medium,English_Return/Replacement_05,91,16,train
HIN_0798,रिटर्न के लिए पिकअप अभी तक नहीं हुआ। मुझे जल्द से जल्द जानकारी चाहिए।,Hindi,Return/Replacement,Returns Team,Medium,Hindi_Return/Replacement_04,69,14,validation
HGL_1040,"Hello, same number se accidentally do accounts create ho gaye. Please jaldi resolve karo.",Hinglish,Account Issue,Account Support,Medium,Hinglish_Account Issue_10,89,14,validation
HIN_0049,"नमस्ते, मेरा कार्ड पेमेंट प्रोसेसिंग में अटका हुआ है।",Hindi,Payment Issue,Payments Team,High,Hindi_Payment Issue_04,53,9,train
HGL_0238,Ye urgent hai: delivery date baar baar change ho rahi hai.,Hinglish,Delivery Issue,Logistics Team,Medium,Hinglish_Delivery Issue_06,58,11,test
HGL_0789,"Please help, meri return request accept nahi ho rahi. Mujhe jaldi update chahiye.",Hinglish,Return/Replacement,Returns Team,Medium,Hinglish_Return/Replacement_03,81,13,train
HIN_0991,ऐप मुझे बार-बार लॉग आउट कर रहा है।,Hindi,Account Issue,Account Support,Medium,Hindi_Account Issue_07,34,8,train
HGL_0732,Mujhe help chahiye kyunki product ka size ya colour order se different hai. Mujhe jaldi update chahiye.,Hinglish,Product Issue,Product Support,High,Hinglish_Product Issue_09,103,17,train
ENG_1047,I need assistance because I accidentally created two accounts with the same number I need an update as soon as possible.,English,Account Issue,Account Support,Medium,English_Account Issue_10,120,21,train
HIN_0689,यह बहुत जरूरी है: उत्पाद के कुछ हिस्से टूटे हुए हैं। कृपया इसे जल्दी हल करें।,Hindi,Product Issue,Product Support,High,Hindi_Product Issue_06,77,16,train
HGL_0070,Mujhe help chahiye kyunki checkout fail hua phir bhi amount debit ho gaya.,Hinglish,Payment Issue,Payments Team,High,Hinglish_Payment Issue_05,74,13,test
ENG_0616,The item is defective and does not work,English,Product Issue,Product Support,High,English_Product Issue_02,39,8,train
HIN_0119,यह बहुत जरूरी है: मैं अपने ऑर्डर का पेमेंट पूरा नहीं कर पा रही हूँ। कृपया इसे जल्दी हल करें।,Hindi,Payment Issue,Payments Team,High,Hindi_Payment Issue_08,92,20,train
HGL_1118,"Please help, mere saved card ko bina permission use kiya gaya. Please jaldi resolve karo.",Hinglish,Fraud/Security,Security Team,Critical,Hinglish_Fraud/Security_05,89,15,train
HGL_1097,Mujhe aisi purchase ka OTP mila jo maine nahi ki. Please jaldi resolve karo.,Hinglish,Fraud/Security,Security Team,Critical,Hinglish_Fraud/Security_04,76,14,validation
HGL_1110,Ye urgent hai: mujhe aisi purchase ka OTP mila jo maine nahi ki. Mujhe jaldi update chahiye.,Hinglish,Fraud/Security,Security Team,Critical,Hinglish_Fraud/Security_04,92,17,validation
HIN_0937,"कृपया मदद करें, मेरा अकाउंट लॉक हो गया है।",Hindi,Account Issue,Account Support,Medium,Hindi_Account Issue_03,42,9,train
HGL_0541,App mein cancellation option show nahi ho raha.,Hinglish,Cancellation Issue,Order Management,Medium,Hinglish_Cancellation Issue_07,47,8,train
HIN_0573,रद्द करने के बाद भी ऑर्डर सक्रिय दिख रहा है। मुझे जल्द से जल्द जानकारी चाहिए।,Hindi,Cancellation Issue,Order Management,Medium,Hindi_Cancellation Issue_09,77,16,train
HGL_1140,Ye urgent hai: kisi ne mere account ka password change kar diya. Mujhe jaldi update chahiye.,Hinglish,Fraud/Security,Security Team,Critical,Hinglish_Fraud/Security_06,92,16,train
ENG_0132,I need assistance because the payment page keeps failing during checkout I need an update as soon as possible.,English,Payment Issue,Payments Team,High,English_Payment Issue_09,110,19,train
ENG_0078,The UPI transaction succeeded but the order was not placed I need an update as soon as possible.,English,Payment Issue,Payments Team,High,English_Payment Issue_06,96,18,train
HIN_0853,यह बहुत जरूरी है: रिटर्न की समय सीमा गलत तरीके से बंद दिखाई जा रही है।,Hindi,Return/Replacement,Returns Team,Medium,Hindi_Return/Replacement_07,70,16,test
ENG_0725,"Hello, the size or colour is different from what I ordered Please resolve this.",English,Product Issue,Product Support,High,English_Product Issue_09,79,14,test
HIN_0115,मुझे सहायता चाहिए क्योंकि मैं अपने ऑर्डर का पेमेंट पूरा नहीं कर पा रही हूँ।,Hindi,Payment Issue,Payments Team,High,Hindi_Payment Issue_08,75,15,train
HIN_0652,"कृपया मदद करें, उत्पाद उसके विवरण से मेल नहीं खाता।",Hindi,Product Issue,Product Support,High,Hindi_Product Issue_04,51,10,train
HGL_1103,"Please help, mujhe aisi purchase ka OTP mila jo maine nahi ki. Please jaldi resolve karo.",Hinglish,Fraud/Security,Security Team,Critical,Hinglish_Fraud/Security_04,89,16,validation
HGL_0352,"Please help, app refunded dikha raha hai but account mein paise nahi aaye.",Hinglish,Refund Issue,Refund Team,High,Hinglish_Refund Issue_04,74,13,train
HGL_0572,Cancel karne ke baad bhi order active dikha raha hai. Please jaldi resolve karo.,Hinglish,Cancellation Issue,Order Management,Medium,Hinglish_Cancellation Issue_09,80,14,train
HIN_0173,"कृपया मदद करें, ऑर्डर तय तारीख के बाद भी डिलीवर नहीं हुआ। कृपया इसे जल्दी हल करें।",Hindi,Delivery Issue,Logistics Team,Medium,Hindi_Delivery Issue_02,82,17,train
HIN_0656,मुझे सहायता चाहिए क्योंकि उत्पाद उसके विवरण से मेल नहीं खाता। कृपया इसे जल्दी हल करें।,Hindi,Product Issue,Product Support,High,Hindi_Product Issue_04,86,16,train
HIN_0120,यह बहुत जरूरी है: मैं अपने ऑर्डर का पेमेंट पूरा नहीं कर पा रही हूँ। मुझे जल्द से जल्द जानकारी चाहिए।,Hindi,Payment Issue,Payments Team,High,Hindi_Payment Issue_08,100,21,train
HGL_1047,Mujhe help chahiye kyunki same number se accidentally do accounts create ho gaye. Mujhe jaldi update chahiye.,Hinglish,Account Issue,Account Support,Medium,Hinglish_Account Issue_10,109,17,validation
HGL_0208,Ye urgent hai: courier person ne mujhse contact nahi kiya.,Hinglish,Delivery Issue,Logistics Team,Medium,Hinglish_Delivery Issue_04,58,10,test
ENG_0376,The refund deadline has already passed,English,Refund Issue,Refund Team,High,English_Refund Issue_06,38,6,train
HIN_0709,"नमस्ते, मुझे एक्सपायर हो चुका उत्पाद मिला।",Hindi,Product Issue,Product Support,High,Hindi_Product Issue_08,42,7,train
ENG_0334,"Hello, only part of the refund was credited",English,Refund Issue,Refund Team,High,English_Refund Issue_03,43,8,train
HGL_0305,"Hello, order cancel kiya but refund abhi tak nahi mila. Please jaldi resolve karo.",Hinglish,Refund Issue,Refund Team,High,Hinglish_Refund Issue_01,82,14,train
HGL_0358,Ye urgent hai: app refunded dikha raha hai but account mein paise nahi aaye.,Hinglish,Refund Issue,Refund Team,High,Hinglish_Refund Issue_04,76,14,train
HIN_1166,मुझे सहायता चाहिए क्योंकि मुझे पेमेंट मांगने वाला संदिग्ध संदेश मिला। कृपया इसे जल्दी हल करें।,Hindi,Fraud/Security,Security Team,Critical,Hindi_Fraud/Security_08,94,16,train
HIN_0405,यह बहुत जरूरी है: रिफंड गलत पेमेंट माध्यम में भेज दिया गया। मुझे जल्द से जल्द जानकारी चाहिए।,Hindi,Refund Issue,Refund Team,High,Hindi_Refund Issue_07,92,18,test
ENG_1119,"Please help, my saved card was used without permission I need an update as soon as possible.",English,Fraud/Security,Security Team,Critical,English_Fraud/Security_05,92,17,test
HGL_0994,"Hello, app mujhe baar baar logout kar raha hai.",Hinglish,Account Issue,Account Support,Medium,Hinglish_Account Issue_07,47,9,train
HIN_0744,"कृपया मदद करें, मुझे खाली पैकेज मिला है। मुझे जल्द से जल्द जानकारी चाहिए।",Hindi,Product Issue,Product Support,High,Hindi_Product Issue_10,73,14,test
HGL_0315,Ye urgent hai: order cancel kiya but refund abhi tak nahi mila. Mujhe jaldi update chahiye.,Hinglish,Refund Issue,Refund Team,High,Hinglish_Refund Issue_01,91,16,train
HIN_1177,"कृपया मदद करें, नकली कस्टमर केयर एजेंट ने बैंक की जानकारी मांगी।",Hindi,Fraud/Security,Security Team,Critical,Hindi_Fraud/Security_09,64,12,train
HGL_0617,Item defective hai aur work nahi kar raha. Please jaldi resolve karo.,Hinglish,Product Issue,Product Support,High,Hinglish_Product Issue_02,69,12,test
HIN_0143,"कृपया मदद करें, मेरी खरीदारी के लिए गलत राशि ली गई। कृपया इसे जल्दी हल करें।",Hindi,Payment Issue,Payments Team,High,Hindi_Payment Issue_10,76,16,test
ENG_0321,"Hello, the refund is still pending I need an update as soon as possible.",English,Refund Issue,Refund Team,High,English_Refund Issue_02,72,14,validation
HIN_0420,यह बहुत जरूरी है: मुझे अपेक्षा से कम रिफंड मिला। मुझे जल्द से जल्द जानकारी चाहिए।,Hindi,Refund Issue,Refund Team,High,Hindi_Refund Issue_08,81,16,train
HGL_0525,Ye urgent hai: galti se order place hua aur mujhe cancel karna hai. Mujhe jaldi update chahiye.,Hinglish,Cancellation Issue,Order Management,Medium,Hinglish_Cancellation Issue_05,95,17,test
HIN_0861,"नमस्ते, कूरियर वाले ने रिटर्न लेने से मना कर दिया। मुझे जल्द से जल्द जानकारी चाहिए।",Hindi,Return/Replacement,Returns Team,Medium,Hindi_Return/Replacement_08,83,16,train
HIN_1020,यह बहुत जरूरी है: मैं अकाउंट से जुड़ा ईमेल नहीं बदल पा रही हूँ। मुझे जल्द से जल्द जानकारी चाहिए।,Hindi,Account Issue,Account Support,Medium,Hindi_Account Issue_08,96,20,test
HIN_0474,"कृपया मदद करें, ऑर्डर रद्द करने का बटन उपलब्ध नहीं है। मुझे जल्द से जल्द जानकारी चाहिए।",Hindi,Cancellation Issue,Order Management,Medium,Hindi_Cancellation Issue_02,87,17,test
HIN_0743,"कृपया मदद करें, मुझे खाली पैकेज मिला है। कृपया इसे जल्दी हल करें।",Hindi,Product Issue,Product Support,High,Hindi_Product Issue_10,65,13,test
ENG_0261,"Hello, only part of my order was delivered I need an update as soon as possible.",English,Delivery Issue,Logistics Team,Medium,English_Delivery Issue_08,80,16,train
HGL_0414,"Please help, mujhe expected amount se kam refund mila. Mujhe jaldi update chahiye.",Hinglish,Refund Issue,Refund Team,High,Hinglish_Refund Issue_08,82,13,train
HIN_0840,यह बहुत जरूरी है: रिप्लेसमेंट ऑर्डर अभी तक भेजा नहीं गया। मुझे जल्द से जल्द जानकारी चाहिए।,Hindi,Return/Replacement,Returns Team,Medium,Hindi_Return/Replacement_06,90,17,train
ENG_0690,This is urgent: the item arrived with broken parts I need an update as soon as possible.,English,Product Issue,Product Support,High,English_Product Issue_06,88,17,train
ENG_0902,I cannot log in to my account Please resolve this.,English,Account Issue,Account Support,Medium,English_Account Issue_01,50,10,validation
HIN_1107,मुझे सहायता चाहिए क्योंकि मुझे ऐसी खरीदारी का ओटीपी मिला जो मैंने नहीं की। मुझे जल्द से जल्द जानकारी चाहिए।,Hindi,Fraud/Security,Security Team,Critical,Hindi_Fraud/Security_04,107,20,validation
HIN_0827,रिप्लेसमेंट ऑर्डर अभी तक भेजा नहीं गया। कृपया इसे जल्दी हल करें।,Hindi,Return/Replacement,Returns Team,Medium,Hindi_Return/Replacement_06,64,12,train
ENG_0139,"Hello, the wrong amount was charged for my purchase",English,Payment Issue,Payments Team,High,English_Payment Issue_10,51,9,train
HIN_0718,यह बहुत जरूरी है: मुझे एक्सपायर हो चुका उत्पाद मिला।,Hindi,Product Issue,Product Support,High,Hindi_Product Issue_08,52,10,train
HIN_0629,यह बहुत जरूरी है: सामान काम नहीं कर रहा है। कृपया इसे जल्दी हल करें।,Hindi,Product Issue,Product Support,High,Hindi_Product Issue_02,68,15,train
HIN_0374,यह बहुत जरूरी है: रिटर्न स्वीकार होने के बाद भी रिफंड नहीं मिला। कृपया इसे जल्दी हल करें।,Hindi,Refund Issue,Refund Team,High,Hindi_Refund Issue_05,89,18,train
ENG_0320,"Hello, the refund is still pending Please resolve this.",English,Refund Issue,Refund Team,High,English_Refund Issue_02,55,9,validation
ENG_0654,"Please help, the product does not match its description I need an update as soon as possible.",English,Product Issue,Product Support,High,English_Product Issue_04,93,17,train
HIN_0938,"कृपया मदद करें, मेरा अकाउंट लॉक हो गया है। कृपया इसे जल्दी हल करें।",Hindi,Account Issue,Account Support,Medium,Hindi_Account Issue_03,67,14,train
HGL_0379,"Hello, refund ki deadline already cross ho gayi.",Hinglish,Refund Issue,Refund Team,High,Hinglish_Refund Issue_06,48,8,test
ENG_0559,"Hello, I want to cancel one item from my order",English,Cancellation Issue,Order Management,Medium,English_Cancellation Issue_08,46,10,train
HIN_0988,यह बहुत जरूरी है: मैं अपना पासवर्ड रीसेट नहीं कर पा रही हूँ।,Hindi,Account Issue,Account Support,Medium,Hindi_Account Issue_06,60,13,train
ENG_0113,"Please help, I cannot complete the payment for my order Please resolve this.",English,Payment Issue,Payments Team,High,English_Payment Issue_08,76,13,train
ENG_0532,"Please help, the seller rejected my cancellation request",English,Cancellation Issue,Order Management,Medium,English_Cancellation Issue_06,56,8,validation
ENG_0225,This is urgent: my package is stuck at the same location I need an update as soon as possible.,English,Delivery Issue,Logistics Team,Medium,English_Delivery Issue_05,94,19,test
ENG_0724,"Hello, the size or colour is different from what I ordered",English,Product Issue,Product Support,High,English_Product Issue_09,58,11,test
HGL_0504,"Please help, cancel karne ke baad bhi order ship ho gaya. Mujhe jaldi update chahiye.",Hinglish,Cancellation Issue,Order Management,Medium,Hinglish_Cancellation Issue_04,85,15,train
HGL_0677,Item ke parts broken hain. Please jaldi resolve karo.,Hinglish,Product Issue,Product Support,High,Hinglish_Product Issue_06,53,9,train
HIN_0234,"कृपया मदद करें, डिलीवरी की तारीख बार-बार बदल रही है। मुझे जल्द से जल्द जानकारी चाहिए।",Hindi,Delivery Issue,Logistics Team,Medium,Hindi_Delivery Issue_06,85,16,train
HIN_1174,"नमस्ते, नकली कस्टमर केयर एजेंट ने बैंक की जानकारी मांगी।",Hindi,Fraud/Security,Security Team,Critical,Hindi_Fraud/Security_09,56,10,train
HGL_0388,Ye urgent hai: refund ki deadline already cross ho gayi.,Hinglish,Refund Issue,Refund Team,High,Hinglish_Refund Issue_06,56,10,test
HGL_0469,"Hello, cancel button available nahi hai.",Hinglish,Cancellation Issue,Order Management,Medium,Hinglish_Cancellation Issue_02,40,6,train
HIN_0259,"नमस्ते, मेरे ऑर्डर का केवल एक हिस्सा मिला है।",Hindi,Delivery Issue,Logistics Team,Medium,Hindi_Delivery Issue_08,45,9,train
HGL_0837,Mujhe help chahiye kyunki replacement order abhi tak ship nahi hua. Mujhe jaldi update chahiye.,Hinglish,Return/Replacement,Returns Team,Medium,Hinglish_Return/Replacement_06,95,15,train
ENG_0847,"Please help, the return window is incorrectly shown as closed",English,Return/Replacement,Returns Team,Medium,English_Return/Replacement_07,61,10,test
ENG_0194,This is urgent: tracking shows delivered but I did not receive the package Please resolve this.,English,Delivery Issue,Logistics Team,Medium,English_Delivery Issue_03,95,16,train
HIN_0265,मुझे सहायता चाहिए क्योंकि मेरे ऑर्डर का केवल एक हिस्सा मिला है।,Hindi,Delivery Issue,Logistics Team,Medium,Hindi_Delivery Issue_08,63,12,train
ENG_0947,I cannot update my phone number Please resolve this.,English,Account Issue,Account Support,Medium,English_Account Issue_04,52,9,train
HIN_0822,मुझे सहायता चाहिए क्योंकि मैं सामान को दूसरे आकार से बदलना चाहती हूँ। मुझे जल्द से जल्द जानकारी चाहिए।,Hindi,Return/Replacement,Returns Team,Medium,Hindi_Return/Replacement_05,102,19,test
HGL_0152,Mera order abhi tak deliver nahi hua. Please jaldi resolve karo.,Hinglish,Delivery Issue,Logistics Team,Medium,Hinglish_Delivery Issue_01,64,11,train
HIN_0430,मुझे सहायता चाहिए क्योंकि कई दिनों से रिफंड की स्थिति नहीं बदली है।,Hindi,Refund Issue,Refund Team,High,Hindi_Refund Issue_09,67,13,validation
ENG_0118,This is urgent: I cannot complete the payment for my order,English,Payment Issue,Payments Team,High,English_Payment Issue_08,58,11,train
ENG_0646,The product does not match its description,English,Product Issue,Product Support,High,English_Product Issue_04,42,7,train
HIN_0671,मुझे सहायता चाहिए क्योंकि पैकेज में एक जरूरी सामान गायब है। कृपया इसे जल्दी हल करें।,Hindi,Product Issue,Product Support,High,Hindi_Product Issue_05,84,16,train
ENG_0004,"Hello, my payment was deducted but the order was not confirmed",English,Payment Issue,Payments Team,High,English_Payment Issue_01,62,11,train
ENG_0075,This is urgent: the amount was debited even though checkout failed I need an update as soon as possible.,English,Payment Issue,Payments Team,High,English_Payment Issue_05,104,19,train
HIN_0556,मैं ऑर्डर में से एक सामान रद्द करना चाहती हूँ।,Hindi,Cancellation Issue,Order Management,Medium,Hindi_Cancellation Issue_08,46,10,train
ENG_0468,The cancel button is not available I need an update as soon as possible.,English,Cancellation Issue,Order Management,Medium,English_Cancellation Issue_02,72,14,train
ENG_0006,"Hello, my payment was deducted but the order was not confirmed I need an update as soon as possible.",English,Payment Issue,Payments Team,High,English_Payment Issue_01,100,19,train
HIN_0047,मेरा कार्ड पेमेंट प्रोसेसिंग में अटका हुआ है। कृपया इसे जल्दी हल करें।,Hindi,Payment Issue,Payments Team,High,Hindi_Payment Issue_04,70,13,train
ENG_0920,"Hello, I am not receiving the login OTP Please resolve this.",English,Account Issue,Account Support,Medium,English_Account Issue_02,60,11,train
HGL_0196,Courier person ne mujhse contact nahi kiya.,Hinglish,Delivery Issue,Logistics Team,Medium,Hinglish_Delivery Issue_04,43,7,test
ENG_0229,"Hello, the delivery date keeps changing",English,Delivery Issue,Logistics Team,Medium,English_Delivery Issue_06,39,6,train
ENG_1064,This is urgent: there is an unknown transaction on my account Please resolve this.,English,Fraud/Security,Security Team,Critical,English_Fraud/Security_01,82,14,train
HGL_0191,Mujhe help chahiye kyunki tracking delivered dikha raha hai but package nahi mila. Please jaldi resolve karo.,Hinglish,Delivery Issue,Logistics Team,Medium,Hinglish_Delivery Issue_03,109,17,validation
ENG_0243,My order was sent to the wrong address I need an update as soon as possible.,English,Delivery Issue,Logistics Team,Medium,English_Delivery Issue_07,76,16,train
HGL_0773,"Please help, damaged item ka replacement chahiye. Please jaldi resolve karo.",Hinglish,Return/Replacement,Returns Team,Medium,Hinglish_Return/Replacement_02,76,11,train
ENG_1161,"Hello, I received a suspicious message asking for payment I need an update as soon as possible.",English,Fraud/Security,Security Team,Critical,English_Fraud/Security_08,95,17,train
HGL_0609,"Please help, mujhe damaged product mila hai. Mujhe jaldi update chahiye.",Hinglish,Product Issue,Product Support,High,Hinglish_Product Issue_01,72,11,train
HGL_1169,Ye urgent hai: mujhe payment maangne wala suspicious message mila. Please jaldi resolve karo.,Hinglish,Fraud/Security,Security Team,Critical,Hinglish_Fraud/Security_08,93,14,train
HGL_0164,Ye urgent hai: mera order abhi tak deliver nahi hua. Please jaldi resolve karo.,Hinglish,Delivery Issue,Logistics Team,Medium,Hinglish_Delivery Issue_01,79,14,train
HIN_0327,मुझे सहायता चाहिए क्योंकि मेरा रिफंड अभी भी पेंडिंग है। मुझे जल्द से जल्द जानकारी चाहिए।,Hindi,Refund Issue,Refund Team,High,Hindi_Refund Issue_02,88,16,train
HIN_0406,मुझे अपेक्षा से कम रिफंड मिला।,Hindi,Refund Issue,Refund Team,High,Hindi_Refund Issue_08,30,6,train
HGL_0942,Mujhe help chahiye kyunki mera account lock ho gaya hai. Mujhe jaldi update chahiye.,Hinglish,Account Issue,Account Support,Medium,Hinglish_Account Issue_03,84,14,train
HGL_1172,Fake customer care agent ne bank details maangi. Please jaldi resolve karo.,Hinglish,Fraud/Security,Security Team,Critical,Hinglish_Fraud/Security_09,75,12,train
HGL_0386,Mujhe help chahiye kyunki refund ki deadline already cross ho gayi. Please jaldi resolve karo.,Hinglish,Refund Issue,Refund Team,High,Hinglish_Refund Issue_06,94,15,test
HGL_0647,Product description ke according nahi hai. Please jaldi resolve karo.,Hinglish,Product Issue,Product Support,High,Hinglish_Product Issue_04,69,10,train
HIN_0790,मुझे सहायता चाहिए क्योंकि मेरा रिटर्न अनुरोध स्वीकार नहीं हो रहा है।,Hindi,Return/Replacement,Returns Team,Medium,Hindi_Return/Replacement_03,68,12,train
HGL_0463,Ye urgent hai: main apna order cancel nahi kar pa rahi hoon.,Hinglish,Cancellation Issue,Order Management,Medium,Hinglish_Cancellation Issue_01,60,12,test
HIN_1163,"कृपया मदद करें, मुझे पेमेंट मांगने वाला संदिग्ध संदेश मिला। कृपया इसे जल्दी हल करें।",Hindi,Fraud/Security,Security Team,Critical,Hindi_Fraud/Security_08,84,15,train
HIN_0776,मुझे सहायता चाहिए क्योंकि मुझे खराब सामान का रिप्लेसमेंट चाहिए। कृपया इसे जल्दी हल करें।,Hindi,Return/Replacement,Returns Team,Medium,Hindi_Return/Replacement_02,88,15,train
HIN_0562,"कृपया मदद करें, मैं ऑर्डर में से एक सामान रद्द करना चाहती हूँ।",Hindi,Cancellation Issue,Order Management,Medium,Hindi_Cancellation Issue_08,62,13,train
HIN_0106,मैं अपने ऑर्डर का पेमेंट पूरा नहीं कर पा रही हूँ।,Hindi,Payment Issue,Payments Team,High,Hindi_Payment Issue_08,49,11,train
HIN_0342,मुझे सहायता चाहिए क्योंकि मुझे रिफंड की केवल कुछ राशि मिली है। मुझे जल्द से जल्द जानकारी चाहिए।,Hindi,Refund Issue,Refund Team,High,Hindi_Refund Issue_03,95,18,train
HGL_0073,Ye urgent hai: checkout fail hua phir bhi amount debit ho gaya.,Hinglish,Payment Issue,Payments Team,High,Hinglish_Payment Issue_05,63,12,test
ENG_0623,"Please help, the item is defective and does not work Please resolve this.",English,Product Issue,Product Support,High,English_Product Issue_02,73,13,train
HGL_0370,Mujhe help chahiye kyunki return accept hua but refund process nahi hua.,Hinglish,Refund Issue,Refund Team,High,Hinglish_Refund Issue_05,72,12,validation
HIN_0294,"कृपया मदद करें, ट्रैकिंग की जानकारी अपडेट नहीं हो रही है। मुझे जल्द से जल्द जानकारी चाहिए।",Hindi,Delivery Issue,Logistics Team,Medium,Hindi_Delivery Issue_10,90,17,test
ENG_0111,"Hello, I cannot complete the payment for my order I need an update as soon as possible.",English,Payment Issue,Payments Team,High,English_Payment Issue_08,87,17,train
HIN_1076,मुझे सहायता चाहिए क्योंकि किसी ने मेरे अकाउंट से ऑर्डर किया है। कृपया इसे जल्दी हल करें।,Hindi,Fraud/Security,Security Team,Critical,Hindi_Fraud/Security_02,88,17,test
HGL_0318,Mera refund abhi bhi pending hai. Mujhe jaldi update chahiye.,Hinglish,Refund Issue,Refund Team,High,Hinglish_Refund Issue_02,61,10,train
ENG_1170,This is urgent: I received a suspicious message asking for payment I need an update as soon as possible.,English,Fraud/Security,Security Team,Critical,English_Fraud/Security_08,104,19,train
HGL_0542,App mein cancellation option show nahi ho raha. Please jaldi resolve karo.,Hinglish,Cancellation Issue,Order Management,Medium,Hinglish_Cancellation Issue_07,74,12,train
ENG_0233,"Please help, the delivery date keeps changing Please resolve this.",English,Delivery Issue,Logistics Team,Medium,English_Delivery Issue_06,66,10,train
ENG_0067,"Please help, the amount was debited even though checkout failed",English,Payment Issue,Payments Team,High,English_Payment Issue_05,63,10,train
HGL_0844,"Hello, return window galat closed show ho rahi hai.",Hinglish,Return/Replacement,Returns Team,Medium,Hinglish_Return/Replacement_07,51,9,test
HIN_0873,मुझे गलत रिप्लेसमेंट उत्पाद मिला। मुझे जल्द से जल्द जानकारी चाहिए।,Hindi,Return/Replacement,Returns Team,Medium,Hindi_Return/Replacement_09,66,11,train
HIN_0993,ऐप मुझे बार-बार लॉग आउट कर रहा है। मुझे जल्द से जल्द जानकारी चाहिए।,Hindi,Account Issue,Account Support,Medium,Hindi_Account Issue_07,67,14,train
ENG_0537,I need assistance because the seller rejected my cancellation request I need an update as soon as possible.,English,Cancellation Issue,Order Management,Medium,English_Cancellation Issue_06,107,18,validation
ENG_0126,"Hello, the payment page keeps failing during checkout I need an update as soon as possible.",English,Payment Issue,Payments Team,High,English_Payment Issue_09,91,16,train
HIN_0934,"नमस्ते, मेरा अकाउंट लॉक हो गया है।",Hindi,Account Issue,Account Support,Medium,Hindi_Account Issue_03,34,7,train
HIN_0055,मुझे सहायता चाहिए क्योंकि मेरा कार्ड पेमेंट प्रोसेसिंग में अटका हुआ है।,Hindi,Payment Issue,Payments Team,High,Hindi_Payment Issue_04,71,12,train
HGL_0570,Ye urgent hai: mujhe order ka ek item cancel karna hai. Mujhe jaldi update chahiye.,Hinglish,Cancellation Issue,Order Management,Medium,Hinglish_Cancellation Issue_08,83,15,train
HIN_0777,मुझे सहायता चाहिए क्योंकि मुझे खराब सामान का रिप्लेसमेंट चाहिए। मुझे जल्द से जल्द जानकारी चाहिए।,Hindi,Return/Replacement,Returns Team,Medium,Hindi_Return/Replacement_02,96,16,train
HGL_0543,App mein cancellation option show nahi ho raha. Mujhe jaldi update chahiye.,Hinglish,Cancellation Issue,Order Management,Medium,Hinglish_Cancellation Issue_07,75,12,train
HGL_0448,Ye urgent hai: mere bank account mein promised refund nahi aaya.,Hinglish,Refund Issue,Refund Team,High,Hinglish_Refund Issue_10,64,11,train
HIN_0876,"नमस्ते, मुझे गलत रिप्लेसमेंट उत्पाद मिला। मुझे जल्द से जल्द जानकारी चाहिए।",Hindi,Return/Replacement,Returns Team,Medium,Hindi_Return/Replacement_09,74,12,train
ENG_0485,"Hello, my cancellation request keeps failing Please resolve this.",English,Cancellation Issue,Order Management,Medium,English_Cancellation Issue_03,65,9,train
HIN_0455,"नमस्ते, मैं अपना ऑर्डर रद्द नहीं कर पा रही हूँ। कृपया इसे जल्दी हल करें।",Hindi,Cancellation Issue,Order Management,Medium,Hindi_Cancellation Issue_01,72,15,validation
HGL_0807,Mujhe help chahiye kyunki return pickup abhi tak nahi hua. Mujhe jaldi update chahiye.,Hinglish,Return/Replacement,Returns Team,Medium,Hinglish_Return/Replacement_04,86,14,validation
HGL_0319,"Hello, mera refund abhi bhi pending hai.",Hinglish,Refund Issue,Refund Team,High,Hinglish_Refund Issue_02,40,7,train
HGL_0478,Ye urgent hai: cancel button available nahi hai.,Hinglish,Cancellation Issue,Order Management,Medium,Hinglish_Cancellation Issue_02,48,8,train
HIN_0575,"नमस्ते, रद्द करने के बाद भी ऑर्डर सक्रिय दिख रहा है। कृपया इसे जल्दी हल करें।",Hindi,Cancellation Issue,Order Management,Medium,Hindi_Cancellation Issue_09,77,16,train
HGL_0011,Mujhe help chahiye kyunki payment deduct ho gaya but order confirm nahi hua. Please jaldi resolve karo.,Hinglish,Payment Issue,Payments Team,High,Hinglish_Payment Issue_01,103,17,train
ENG_0919,"Hello, I am not receiving the login OTP",English,Account Issue,Account Support,Medium,English_Account Issue_02,39,8,train
HIN_0447,मुझे सहायता चाहिए क्योंकि मेरे बैंक खाते में रिफंड नहीं आया है। मुझे जल्द से जल्द जानकारी चाहिए।,Hindi,Refund Issue,Refund Team,High,Hindi_Refund Issue_10,96,18,train
ENG_1027,"Please help, my order history is missing",English,Account Issue,Account Support,Medium,English_Account Issue_09,40,7,train
ENG_1031,I need assistance because my order history is missing Please resolve this.,English,Account Issue,Account Support,Medium,English_Account Issue_09,74,12,train
ENG_0883,This is urgent: I received the wrong replacement product,English,Return/Replacement,Returns Team,Medium,English_Return/Replacement_09,56,9,train
HIN_0136,मेरी खरीदारी के लिए गलत राशि ली गई।,Hindi,Payment Issue,Payments Team,High,Hindi_Payment Issue_10,35,8,test
HGL_0266,Mujhe help chahiye kyunki mere order ka sirf ek part deliver hua. Please jaldi resolve karo.,Hinglish,Delivery Issue,Logistics Team,Medium,Hinglish_Delivery Issue_08,92,16,train
ENG_0365,"Hello, my return was accepted but the refund was not processed Please resolve this.",English,Refund Issue,Refund Team,High,English_Refund Issue_05,83,14,train
HIN_0926,मुझे सहायता चाहिए क्योंकि मुझे लॉगिन ओटीपी नहीं मिल रहा है। कृपया इसे जल्दी हल करें।,Hindi,Account Issue,Account Support,Medium,Hindi_Account Issue_02,84,16,train
ENG_0028,This is urgent: I was charged twice for the same order,English,Payment Issue,Payments Team,High,English_Payment Issue_02,54,11,train
ENG_0474,"Please help, the cancel button is not available I need an update as soon as possible.",English,Cancellation Issue,Order Management,Medium,English_Cancellation Issue_02,85,16,train
ENG_0526,The seller rejected my cancellation request,English,Cancellation Issue,Order Management,Medium,English_Cancellation Issue_06,43,6,validation
ENG_0726,"Hello, the size or colour is different from what I ordered I need an update as soon as possible.",English,Product Issue,Product Support,High,English_Product Issue_09,96,19,test
ENG_0056,I need assistance because my card payment is stuck in processing Please resolve this.,English,Payment Issue,Payments Team,High,English_Payment Issue_04,85,14,validation
ENG_0639,"Please help, I received the wrong product I need an update as soon as possible.",English,Product Issue,Product Support,High,English_Product Issue_03,79,15,train
ENG_0303,I cancelled my order but have not received the refund I need an update as soon as possible.,English,Refund Issue,Refund Team,High,English_Refund Issue_01,91,18,train
HGL_0726,"Hello, product ka size ya colour order se different hai. Mujhe jaldi update chahiye.",Hinglish,Product Issue,Product Support,High,Hinglish_Product Issue_09,84,14,train
HIN_0077,यूपीआई पेमेंट सफल हुआ लेकिन ऑर्डर प्लेस नहीं हुआ। कृपया इसे जल्दी हल करें।,Hindi,Payment Issue,Payments Team,High,Hindi_Payment Issue_06,74,14,train
HGL_1010,"Hello, main linked email change nahi kar pa rahi hoon. Please jaldi resolve karo.",Hinglish,Account Issue,Account Support,Medium,Hinglish_Account Issue_08,81,14,test
ENG_0625,I need assistance because the item is defective and does not work,English,Product Issue,Product Support,High,English_Product Issue_02,65,12,train
HIN_0856,कूरियर वाले ने रिटर्न लेने से मना कर दिया।,Hindi,Return/Replacement,Returns Team,Medium,Hindi_Return/Replacement_08,42,9,train
HIN_0081,"नमस्ते, यूपीआई पेमेंट सफल हुआ लेकिन ऑर्डर प्लेस नहीं हुआ। मुझे जल्द से जल्द जानकारी चाहिए।",Hindi,Payment Issue,Payments Team,High,Hindi_Payment Issue_06,90,16,train
ENG_1050,This is urgent: I accidentally created two accounts with the same number I need an update as soon as possible.,English,Account Issue,Account Support,Medium,English_Account Issue_10,110,20,train
ENG_0337,"Please help, only part of the refund was credited",English,Refund Issue,Refund Team,High,English_Refund Issue_03,49,9,train
ENG_0048,My card payment is stuck in processing I need an update as soon as possible.,English,Payment Issue,Payments Team,High,English_Payment Issue_04,76,15,validation
ENG_0107,I cannot complete the payment for my order Please resolve this.,English,Payment Issue,Payments Team,High,English_Payment Issue_08,63,11,train
HIN_1198,यह बहुत जरूरी है: मेरे अकाउंट से कई अनधिकृत खरीदारी हुई हैं।,Hindi,Fraud/Security,Security Team,Critical,Hindi_Fraud/Security_10,60,12,train
ENG_1080,This is urgent: someone placed an order using my account I need an update as soon as possible.,English,Fraud/Security,Security Team,Critical,English_Fraud/Security_02,94,18,train
HIN_1087,"कृपया मदद करें, मेरा अकाउंट हैक हो गया है।",Hindi,Fraud/Security,Security Team,Critical,Hindi_Fraud/Security_03,42,9,train
HIN_1062,मुझे सहायता चाहिए क्योंकि मेरे अकाउंट में एक अनजान लेन-देन हुआ है। मुझे जल्द से जल्द जानकारी चाहिए।,Hindi,Fraud/Security,Security Team,Critical,Hindi_Fraud/Security_01,99,18,test
ENG_1145,"Hello, I found an unfamiliar delivery address in my account Please resolve this.",English,Fraud/Security,Security Team,Critical,English_Fraud/Security_07,80,13,validation
HGL_0457,"Please help, main apna order cancel nahi kar pa rahi hoon.",Hinglish,Cancellation Issue,Order Management,Medium,Hinglish_Cancellation Issue_01,58,11,test
HIN_1097,मुझे ऐसी खरीदारी का ओटीपी मिला जो मैंने नहीं की। कृपया इसे जल्दी हल करें।,Hindi,Fraud/Security,Security Team,Critical,Hindi_Fraud/Security_04,73,15,validation
HIN_0637,"कृपया मदद करें, मुझे गलत उत्पाद भेजा गया।",Hindi,Product Issue,Product Support,High,Hindi_Product Issue_03,41,8,train
HIN_0554,यह बहुत जरूरी है: ऐप में कैंसलेशन का विकल्प नहीं दिख रहा है। कृपया इसे जल्दी हल करें।,Hindi,Cancellation Issue,Order Management,Medium,Hindi_Cancellation Issue_07,85,18,test
ENG_1102,"Please help, I received an OTP for a purchase I did not make",English,Fraud/Security,Security Team,Critical,English_Fraud/Security_04,60,13,train
HIN_0769,"नमस्ते, मुझे खराब सामान का रिप्लेसमेंट चाहिए।",Hindi,Return/Replacement,Returns Team,Medium,Hindi_Return/Replacement_02,45,7,train
HGL_0385,Mujhe help chahiye kyunki refund ki deadline already cross ho gayi.,Hinglish,Refund Issue,Refund Team,High,Hinglish_Refund Issue_06,67,11,test
HGL_0889,"Hello, meri return request bina reason cancel ho gayi.",Hinglish,Return/Replacement,Returns Team,Medium,Hinglish_Return/Replacement_10,54,9,train
ENG_0524,This is urgent: I accidentally placed an order and need to cancel it Please resolve this.,English,Cancellation Issue,Order Management,Medium,English_Cancellation Issue_05,89,16,train
HIN_1081,मेरा अकाउंट हैक हो गया है।,Hindi,Fraud/Security,Security Team,Critical,Hindi_Fraud/Security_03,26,6,train
HGL_0293,"Please help, tracking information update nahi ho rahi hai. Please jaldi resolve karo.",Hinglish,Delivery Issue,Logistics Team,Medium,Hinglish_Delivery Issue_10,85,13,train
HIN_0229,"नमस्ते, डिलीवरी की तारीख बार-बार बदल रही है।",Hindi,Delivery Issue,Logistics Team,Medium,Hindi_Delivery Issue_06,44,8,train
HGL_0182,Tracking delivered dikha raha hai but package nahi mila. Please jaldi resolve karo.,Hinglish,Delivery Issue,Logistics Team,Medium,Hinglish_Delivery Issue_03,83,13,validation
HGL_0725,"Hello, product ka size ya colour order se different hai. Please jaldi resolve karo.",Hinglish,Product Issue,Product Support,High,Hinglish_Product Issue_09,83,14,train
ENG_0604,"Hello, the product I received is damaged",English,Product Issue,Product Support,High,English_Product Issue_01,40,7,validation
HIN_0290,"नमस्ते, ट्रैकिंग की जानकारी अपडेट नहीं हो रही है। कृपया इसे जल्दी हल करें।",Hindi,Delivery Issue,Logistics Team,Medium,Hindi_Delivery Issue_10,74,14,test
HGL_0411,"Hello, mujhe expected amount se kam refund mila. Mujhe jaldi update chahiye.",Hinglish,Refund Issue,Refund Team,High,Hinglish_Refund Issue_08,76,12,train
HGL_0521,Mujhe help chahiye kyunki galti se order place hua aur mujhe cancel karna hai. Please jaldi resolve karo.,Hinglish,Cancellation Issue,Order Management,Medium,Hinglish_Cancellation Issue_05,105,18,test
ENG_0061,The amount was debited even though checkout failed,English,Payment Issue,Payments Team,High,English_Payment Issue_05,50,8,train
HGL_0896,Mujhe help chahiye kyunki meri return request bina reason cancel ho gayi. Please jaldi resolve karo.,Hinglish,Return/Replacement,Returns Team,Medium,Hinglish_Return/Replacement_10,100,16,train
ENG_0672,I need assistance because an accessory is missing from the package I need an update as soon as possible.,English,Product Issue,Product Support,High,English_Product Issue_05,104,19,train
ENG_0093,Cash was charged even though the order shows payment pending I need an update as soon as possible.,English,Payment Issue,Payments Team,High,English_Payment Issue_07,98,18,test
ENG_0667,"Please help, an accessory is missing from the package",English,Product Issue,Product Support,High,English_Product Issue_05,53,9,train
HIN_0688,यह बहुत जरूरी है: उत्पाद के कुछ हिस्से टूटे हुए हैं।,Hindi,Product Issue,Product Support,High,Hindi_Product Issue_06,52,11,train
ENG_0281,I need assistance because the courier refused to deliver my package Please resolve this.,English,Delivery Issue,Logistics Team,Medium,English_Delivery Issue_09,88,14,train
HIN_0520,मुझे सहायता चाहिए क्योंकि गलती से किया गया ऑर्डर रद्द करना है।,Hindi,Cancellation Issue,Order Management,Medium,Hindi_Cancellation Issue_05,62,12,train
ENG_0360,This is urgent: the app says refunded but the money is not in my account I need an update as soon as possible.,English,Refund Issue,Refund Team,High,English_Refund Issue_04,110,23,test
ENG_0900,This is urgent: my return request was cancelled without explanation I need an update as soon as possible.,English,Return/Replacement,Returns Team,Medium,English_Return/Replacement_10,105,18,train
HIN_0736,मुझे खाली पैकेज मिला है।,Hindi,Product Issue,Product Support,High,Hindi_Product Issue_10,24,5,test
HIN_0795,यह बहुत जरूरी है: मेरा रिटर्न अनुरोध स्वीकार नहीं हो रहा है। मुझे जल्द से जल्द जानकारी चाहिए।,Hindi,Return/Replacement,Returns Team,Medium,Hindi_Return/Replacement_03,93,18,train
HGL_0369,"Please help, return accept hua but refund process nahi hua. Mujhe jaldi update chahiye.",Hinglish,Refund Issue,Refund Team,High,Hinglish_Refund Issue_05,87,14,validation
ENG_0761,I need assistance because I want to return this product Please resolve this.,English,Return/Replacement,Returns Team,Medium,English_Return/Replacement_01,76,13,train
HIN_0959,यह बहुत जरूरी है: मैं अपना फोन नंबर अपडेट नहीं कर पा रही हूँ। कृपया इसे जल्दी हल करें।,Hindi,Account Issue,Account Support,Medium,Hindi_Account Issue_04,86,19,validation
HGL_0742,"Please help, delivery mein empty package mila hai.",Hinglish,Product Issue,Product Support,High,Hinglish_Product Issue_10,50,8,train
ENG_0043,This is urgent: the payment failed but money was taken from my account,English,Payment Issue,Payments Team,High,English_Payment Issue_03,70,13,test
HIN_0974,यह बहुत जरूरी है: मेरा सेव किया हुआ पता गायब हो गया है। कृपया इसे जल्दी हल करें।,Hindi,Account Issue,Account Support,Medium,Hindi_Account Issue_05,80,18,train
ENG_0205,I need assistance because the courier has not contacted me,English,Delivery Issue,Logistics Team,Medium,English_Delivery Issue_04,58,10,test
HIN_0274,"नमस्ते, कूरियर वाले ने पैकेज देने से मना कर दिया।",Hindi,Delivery Issue,Logistics Team,Medium,Hindi_Delivery Issue_09,49,10,validation
HIN_0901,मैं अपने अकाउंट में लॉग इन नहीं कर पा रही हूँ।,Hindi,Account Issue,Account Support,Medium,Hindi_Account Issue_01,46,11,test
HGL_0194,Ye urgent hai: tracking delivered dikha raha hai but package nahi mila. Please jaldi resolve karo.,Hinglish,Delivery Issue,Logistics Team,Medium,Hinglish_Delivery Issue_03,98,16,validation
ENG_0069,"Please help, the amount was debited even though checkout failed I need an update as soon as possible.",English,Payment Issue,Payments Team,High,English_Payment Issue_05,101,18,train
HIN_0676,उत्पाद के कुछ हिस्से टूटे हुए हैं।,Hindi,Product Issue,Product Support,High,Hindi_Product Issue_06,34,7,train
HGL_1017,Mujhe help chahiye kyunki main linked email change nahi kar pa rahi hoon. Mujhe jaldi update chahiye.,Hinglish,Account Issue,Account Support,Medium,Hinglish_Account Issue_08,101,17,test
HIN_1032,मुझे सहायता चाहिए क्योंकि मेरी ऑर्डर हिस्ट्री दिखाई नहीं दे रही है। मुझे जल्द से जल्द जानकारी चाहिए।,Hindi,Account Issue,Account Support,Medium,Hindi_Account Issue_09,100,18,train
ENG_0138,The wrong amount was charged for my purchase I need an update as soon as possible.,English,Payment Issue,Payments Team,High,English_Payment Issue_10,82,16,train
ENG_0797,The pickup for my return has not happened Please resolve this.,English,Return/Replacement,Returns Team,Medium,English_Return/Replacement_04,62,11,validation
HIN_0981,"नमस्ते, मैं अपना पासवर्ड रीसेट नहीं कर पा रही हूँ। मुझे जल्द से जल्द जानकारी चाहिए।",Hindi,Account Issue,Account Support,Medium,Hindi_Account Issue_06,83,16,train
HIN_0929,यह बहुत जरूरी है: मुझे लॉगिन ओटीपी नहीं मिल रहा है। कृपया इसे जल्दी हल करें।,Hindi,Account Issue,Account Support,Medium,Hindi_Account Issue_02,76,16,train
ENG_0759,"Please help, I want to return this product I need an update as soon as possible.",English,Return/Replacement,Returns Team,Medium,English_Return/Replacement_01,80,16,train
ENG_0542,The app is not showing the cancellation option Please resolve this.,English,Cancellation Issue,Order Management,Medium,English_Cancellation Issue_07,67,11,test
ENG_1020,This is urgent: I cannot change the email linked to my account I need an update as soon as possible.,English,Account Issue,Account Support,Medium,English_Account Issue_08,100,20,test
HGL_0344,Ye urgent hai: mujhe sirf partial refund mila hai. Please jaldi resolve karo.,Hinglish,Refund Issue,Refund Team,High,Hinglish_Refund Issue_03,77,13,train
ENG_0166,The delivery is delayed beyond the promised date,English,Delivery Issue,Logistics Team,Medium,English_Delivery Issue_02,48,8,validation
ENG_0249,"Please help, my order was sent to the wrong address I need an update as soon as possible.",English,Delivery Issue,Logistics Team,Medium,English_Delivery Issue_07,89,18,train
HIN_0132,मुझे सहायता चाहिए क्योंकि चेकआउट के समय पेमेंट पेज बार-बार फेल हो रहा है। मुझे जल्द से जल्द जानकारी चाहिए।,Hindi,Payment Issue,Payments Team,High,Hindi_Payment Issue_09,106,20,test
HIN_0818,"कृपया मदद करें, मैं सामान को दूसरे आकार से बदलना चाहती हूँ। कृपया इसे जल्दी हल करें।",Hindi,Return/Replacement,Returns Team,Medium,Hindi_Return/Replacement_05,84,17,test
ENG_0447,I need assistance because my bank has not received the promised refund I need an update as soon as possible.,English,Refund Issue,Refund Team,High,English_Refund Issue_10,108,20,train
HGL_0083,"Please help, UPI payment successful tha but order place nahi hua. Please jaldi resolve karo.",Hinglish,Payment Issue,Payments Team,High,Hinglish_Payment Issue_06,92,15,train
HIN_0159,"कृपया मदद करें, मेरा ऑर्डर अभी तक नहीं आया है। मुझे जल्द से जल्द जानकारी चाहिए।",Hindi,Delivery Issue,Logistics Team,Medium,Hindi_Delivery Issue_01,79,16,train
HIN_0946,मैं अपना फोन नंबर अपडेट नहीं कर पा रही हूँ।,Hindi,Account Issue,Account Support,Medium,Hindi_Account Issue_04,43,10,validation
HIN_0130,मुझे सहायता चाहिए क्योंकि चेकआउट के समय पेमेंट पेज बार-बार फेल हो रहा है।,Hindi,Payment Issue,Payments Team,High,Hindi_Payment Issue_09,73,14,test
HGL_1090,Mujhe help chahiye kyunki lagta hai mera account hack ho gaya hai.,Hinglish,Fraud/Security,Security Team,Critical,Hinglish_Fraud/Security_03,66,12,test
HIN_0951,"नमस्ते, मैं अपना फोन नंबर अपडेट नहीं कर पा रही हूँ। मुझे जल्द से जल्द जानकारी चाहिए।",Hindi,Account Issue,Account Support,Medium,Hindi_Account Issue_04,84,17,validation
ENG_0435,This is urgent: the refund status has not changed for several days I need an update as soon as possible.,English,Refund Issue,Refund Team,High,English_Refund Issue_09,104,20,train
HIN_0923,"कृपया मदद करें, मुझे लॉगिन ओटीपी नहीं मिल रहा है। कृपया इसे जल्दी हल करें।",Hindi,Account Issue,Account Support,Medium,Hindi_Account Issue_02,74,15,train
ENG_0578,"Please help, my order still appears active after cancellation Please resolve this.",English,Cancellation Issue,Order Management,Medium,English_Cancellation Issue_09,82,12,train
HGL_0462,Mujhe help chahiye kyunki main apna order cancel nahi kar pa rahi hoon. Mujhe jaldi update chahiye.,Hinglish,Cancellation Issue,Order Management,Medium,Hinglish_Cancellation Issue_01,99,17,test
HGL_0888,Meri return request bina reason cancel ho gayi. Mujhe jaldi update chahiye.,Hinglish,Return/Replacement,Returns Team,Medium,Hinglish_Return/Replacement_10,75,12,train
HGL_0049,"Hello, mera card payment processing mein stuck hai.",Hinglish,Payment Issue,Payments Team,High,Hinglish_Payment Issue_04,51,8,train
HIN_0649,"नमस्ते, उत्पाद उसके विवरण से मेल नहीं खाता।",Hindi,Product Issue,Product Support,High,Hindi_Product Issue_04,43,8,train
ENG_0763,This is urgent: I want to return this product,English,Return/Replacement,Returns Team,Medium,English_Return/Replacement_01,45,9,train
ENG_0389,This is urgent: the refund deadline has already passed Please resolve this.,English,Refund Issue,Refund Team,High,English_Refund Issue_06,75,12,train
ENG_0236,I need assistance because the delivery date keeps changing Please resolve this.,English,Delivery Issue,Logistics Team,Medium,English_Delivery Issue_06,79,12,train
HGL_0723,Product ka size ya colour order se different hai. Mujhe jaldi update chahiye.,Hinglish,Product Issue,Product Support,High,Hinglish_Product Issue_09,77,13,train
HIN_0785,"नमस्ते, मेरा रिटर्न अनुरोध स्वीकार नहीं हो रहा है। कृपया इसे जल्दी हल करें।",Hindi,Return/Replacement,Returns Team,Medium,Hindi_Return/Replacement_03,75,14,train
ENG_0268,This is urgent: only part of my order was delivered,English,Delivery Issue,Logistics Team,Medium,English_Delivery Issue_08,51,10,train
ENG_0771,"Hello, I need a replacement for the damaged item I need an update as soon as possible.",English,Return/Replacement,Returns Team,Medium,English_Return/Replacement_02,86,17,train
HIN_0966,"नमस्ते, मेरा सेव किया हुआ पता गायब हो गया है। मुझे जल्द से जल्द जानकारी चाहिए।",Hindi,Account Issue,Account Support,Medium,Hindi_Account Issue_05,78,16,train
ENG_0438,My bank has not received the promised refund I need an update as soon as possible.,English,Refund Issue,Refund Team,High,English_Refund Issue_10,82,16,train
ENG_0674,This is urgent: an accessory is missing from the package Please resolve this.,English,Product Issue,Product Support,High,English_Product Issue_05,77,13,train
ENG_0250,I need assistance because my order was sent to the wrong address,English,Delivery Issue,Logistics Team,Medium,English_Delivery Issue_07,64,12,train
HIN_1002,मुझे सहायता चाहिए क्योंकि ऐप मुझे बार-बार लॉग आउट कर रहा है। मुझे जल्द से जल्द जानकारी चाहिए।,Hindi,Account Issue,Account Support,Medium,Hindi_Account Issue_07,93,18,train
HIN_0375,यह बहुत जरूरी है: रिटर्न स्वीकार होने के बाद भी रिफंड नहीं मिला। मुझे जल्द से जल्द जानकारी चाहिए।,Hindi,Refund Issue,Refund Team,High,Hindi_Refund Issue_05,97,19,train
HIN_0943,यह बहुत जरूरी है: मेरा अकाउंट लॉक हो गया है।,Hindi,Account Issue,Account Support,Medium,Hindi_Account Issue_03,44,10,train
HIN_0882,मुझे सहायता चाहिए क्योंकि मुझे गलत रिप्लेसमेंट उत्पाद मिला। मुझे जल्द से जल्द जानकारी चाहिए।,Hindi,Return/Replacement,Returns Team,Medium,Hindi_Return/Replacement_09,92,15,train
HGL_0737,Delivery mein empty package mila hai. Please jaldi resolve karo.,Hinglish,Product Issue,Product Support,High,Hinglish_Product Issue_10,64,10,train
HGL_0675,Ye urgent hai: package mein ek accessory missing hai. Mujhe jaldi update chahiye.,Hinglish,Product Issue,Product Support,High,Hinglish_Product Issue_05,81,13,train
HGL_0886,Meri return request bina reason cancel ho gayi.,Hinglish,Return/Replacement,Returns Team,Medium,Hinglish_Return/Replacement_10,47,8,train
ENG_0449,This is urgent: my bank has not received the promised refund Please resolve this.,English,Refund Issue,Refund Team,High,English_Refund Issue_10,81,14,train
HIN_0270,यह बहुत जरूरी है: मेरे ऑर्डर का केवल एक हिस्सा मिला है। मुझे जल्द से जल्द जानकारी चाहिए।,Hindi,Delivery Issue,Logistics Team,Medium,Hindi_Delivery Issue_08,88,18,train
ENG_0717,I need assistance because I received an expired product I need an update as soon as possible.,English,Product Issue,Product Support,High,English_Product Issue_08,93,17,train
HGL_0706,Mujhe expired product mila hai.,Hinglish,Product Issue,Product Support,High,Hinglish_Product Issue_08,31,5,test
HGL_0733,Ye urgent hai: product ka size ya colour order se different hai.,Hinglish,Product Issue,Product Support,High,Hinglish_Product Issue_09,64,12,train
HIN_0849,"कृपया मदद करें, रिटर्न की समय सीमा गलत तरीके से बंद दिखाई जा रही है। मुझे जल्द से जल्द जानकारी चाहिए।",Hindi,Return/Replacement,Returns Team,Medium,Hindi_Return/Replacement_07,101,21,test
HIN_0702,मुझे सहायता चाहिए क्योंकि उत्पाद की गुणवत्ता बहुत खराब है। मुझे जल्द से जल्द जानकारी चाहिए।,Hindi,Product Issue,Product Support,High,Hindi_Product Issue_07,91,16,validation
HGL_0588,Order cancel karne par extra fee charge hui. Mujhe jaldi update chahiye.,Hinglish,Cancellation Issue,Order Management,Medium,Hinglish_Cancellation Issue_10,72,12,train
ENG_1169,This is urgent: I received a suspicious message asking for payment Please resolve this.,English,Fraud/Security,Security Team,Critical,English_Fraud/Security_08,87,14,train
ENG_0083,"Please help, the UPI transaction succeeded but the order was not placed Please resolve this.",English,Payment Issue,Payments Team,High,English_Payment Issue_06,92,15,train
HGL_0499,"Hello, cancel karne ke baad bhi order ship ho gaya.",Hinglish,Cancellation Issue,Order Management,Medium,Hinglish_Cancellation Issue_04,51,10,train
HGL_0325,Mujhe help chahiye kyunki mera refund abhi bhi pending hai.,Hinglish,Refund Issue,Refund Team,High,Hinglish_Refund Issue_02,59,10,train
HIN_0261,"नमस्ते, मेरे ऑर्डर का केवल एक हिस्सा मिला है। मुझे जल्द से जल्द जानकारी चाहिए।",Hindi,Delivery Issue,Logistics Team,Medium,Hindi_Delivery Issue_08,78,15,train
HIN_0694,"नमस्ते, उत्पाद की गुणवत्ता बहुत खराब है।",Hindi,Product Issue,Product Support,High,Hindi_Product Issue_07,40,7,validation
HIN_0469,"नमस्ते, ऑर्डर रद्द करने का बटन उपलब्ध नहीं है।",Hindi,Cancellation Issue,Order Management,Medium,Hindi_Cancellation Issue_02,46,9,test
HGL_0357,Mujhe help chahiye kyunki app refunded dikha raha hai but account mein paise nahi aaye. Mujhe jaldi update chahiye.,Hinglish,Refund Issue,Refund Team,High,Hinglish_Refund Issue_04,115,19,train
HIN_0801,"नमस्ते, रिटर्न के लिए पिकअप अभी तक नहीं हुआ। मुझे जल्द से जल्द जानकारी चाहिए।",Hindi,Return/Replacement,Returns Team,Medium,Hindi_Return/Replacement_04,77,15,validation
ENG_0476,I need assistance because the cancel button is not available Please resolve this.,English,Cancellation Issue,Order Management,Medium,English_Cancellation Issue_02,81,13,train
ENG_0518,"Please help, I accidentally placed an order and need to cancel it Please resolve this.",English,Cancellation Issue,Order Management,Medium,English_Cancellation Issue_05,86,15,train
ENG_0405,This is urgent: the refund was sent to the wrong payment method I need an update as soon as possible.,English,Refund Issue,Refund Team,High,English_Refund Issue_07,101,20,train
ENG_0385,I need assistance because the refund deadline has already passed,English,Refund Issue,Refund Team,High,English_Refund Issue_06,64,10,train
HGL_0811,Mujhe item ko different size se exchange karna hai.,Hinglish,Return/Replacement,Returns Team,Medium,Hinglish_Return/Replacement_05,51,9,train
HIN_0953,"कृपया मदद करें, मैं अपना फोन नंबर अपडेट नहीं कर पा रही हूँ। कृपया इसे जल्दी हल करें।",Hindi,Account Issue,Account Support,Medium,Hindi_Account Issue_04,84,18,validation
HIN_0434,यह बहुत जरूरी है: कई दिनों से रिफंड की स्थिति नहीं बदली है। कृपया इसे जल्दी हल करें।,Hindi,Refund Issue,Refund Team,High,Hindi_Refund Issue_09,84,18,validation
HGL_1030,Mujhe help chahiye kyunki meri order history missing hai.,Hinglish,Account Issue,Account Support,Medium,Hinglish_Account Issue_09,57,9,train
ENG_0689,This is urgent: the item arrived with broken parts Please resolve this.,English,Product Issue,Product Support,High,English_Product Issue_06,71,12,train
HIN_0041,मुझे सहायता चाहिए क्योंकि पेमेंट फेल हो गया लेकिन खाते से पैसे कट गए। कृपया इसे जल्दी हल करें।,Hindi,Payment Issue,Payments Team,High,Hindi_Payment Issue_03,94,19,train
ENG_0063,The amount was debited even though checkout failed I need an update as soon as possible.,English,Payment Issue,Payments Team,High,English_Payment Issue_05,88,16,train
ENG_0853,This is urgent: the return window is incorrectly shown as closed,English,Return/Replacement,Returns Team,Medium,English_Return/Replacement_07,64,11,test
HGL_0898,Ye urgent hai: meri return request bina reason cancel ho gayi.,Hinglish,Return/Replacement,Returns Team,Medium,Hinglish_Return/Replacement_10,62,11,train
HGL_0853,Ye urgent hai: return window galat closed show ho rahi hai.,Hinglish,Return/Replacement,Returns Team,Medium,Hinglish_Return/Replacement_07,59,11,test
HIN_0063,चेकआउट फेल होने के बाद भी राशि डेबिट हो गई। मुझे जल्द से जल्द जानकारी चाहिए।,Hindi,Payment Issue,Payments Team,High,Hindi_Payment Issue_05,76,16,train
ENG_0224,This is urgent: my package is stuck at the same location Please resolve this.,English,Delivery Issue,Logistics Team,Medium,English_Delivery Issue_05,77,14,test
HIN_0994,"नमस्ते, ऐप मुझे बार-बार लॉग आउट कर रहा है।",Hindi,Account Issue,Account Support,Medium,Hindi_Account Issue_07,42,9,train
ENG_0374,This is urgent: my return was accepted but the refund was not processed Please resolve this.,English,Refund Issue,Refund Team,High,English_Refund Issue_05,92,16,train
HIN_0625,मुझे सहायता चाहिए क्योंकि सामान काम नहीं कर रहा है।,Hindi,Product Issue,Product Support,High,Hindi_Product Issue_02,51,10,train
HGL_0635,"Hello, mujhe wrong product deliver hua. Please jaldi resolve karo.",Hinglish,Product Issue,Product Support,High,Hinglish_Product Issue_03,66,10,validation
HGL_1042,"Please help, same number se accidentally do accounts create ho gaye.",Hinglish,Account Issue,Account Support,Medium,Hinglish_Account Issue_10,68,11,validation
HGL_0763,Ye urgent hai: mujhe ye product return karna hai.,Hinglish,Return/Replacement,Returns Team,Medium,Hinglish_Return/Replacement_01,49,9,test
HGL_0817,"Please help, mujhe item ko different size se exchange karna hai.",Hinglish,Return/Replacement,Returns Team,Medium,Hinglish_Return/Replacement_05,64,11,train
ENG_0010,I need assistance because my payment was deducted but the order was not confirmed,English,Payment Issue,Payments Team,High,English_Payment Issue_01,81,14,train
HGL_0098,"Please help, payment karne ke baad bhi order pending dikha raha hai. Please jaldi resolve karo.",Hinglish,Payment Issue,Payments Team,High,Hinglish_Payment Issue_07,95,16,test
HIN_0745,मुझे सहायता चाहिए क्योंकि मुझे खाली पैकेज मिला है।,Hindi,Product Issue,Product Support,High,Hindi_Product Issue_10,50,9,test
HIN_0639,"कृपया मदद करें, मुझे गलत उत्पाद भेजा गया। मुझे जल्द से जल्द जानकारी चाहिए।",Hindi,Product Issue,Product Support,High,Hindi_Product Issue_03,74,14,train
ENG_0709,"Hello, I received an expired product",English,Product Issue,Product Support,High,English_Product Issue_08,36,6,train
ENG_0256,Only part of my order was delivered,English,Delivery Issue,Logistics Team,Medium,English_Delivery Issue_08,35,7,train
HIN_0418,यह बहुत जरूरी है: मुझे अपेक्षा से कम रिफंड मिला।,Hindi,Refund Issue,Refund Team,High,Hindi_Refund Issue_08,48,10,train
ENG_0390,This is urgent: the refund deadline has already passed I need an update as soon as possible.,English,Refund Issue,Refund Team,High,English_Refund Issue_06,92,17,train
HIN_0382,"कृपया मदद करें, रिफंड मिलने की समय सीमा निकल चुकी है।",Hindi,Refund Issue,Refund Team,High,Hindi_Refund Issue_06,53,11,train
ENG_0925,I need assistance because I am not receiving the login OTP,English,Account Issue,Account Support,Medium,English_Account Issue_02,58,11,train
HGL_0927,Mujhe help chahiye kyunki mujhe login OTP receive nahi ho raha. Mujhe jaldi update chahiye.,Hinglish,Account Issue,Account Support,Medium,Hinglish_Account Issue_02,91,15,test
HGL_0435,Ye urgent hai: refund status kai din se change nahi hua. Mujhe jaldi update chahiye.,Hinglish,Refund Issue,Refund Team,High,Hinglish_Refund Issue_09,84,15,test
HGL_0109,"Hello, main apne order ka payment complete nahi kar pa rahi hoon.",Hinglish,Payment Issue,Payments Team,High,Hinglish_Payment Issue_08,65,12,train
HIN_0837,मुझे सहायता चाहिए क्योंकि रिप्लेसमेंट ऑर्डर अभी तक भेजा नहीं गया। मुझे जल्द से जल्द जानकारी चाहिए।,Hindi,Return/Replacement,Returns Team,Medium,Hindi_Return/Replacement_06,98,17,train
HGL_0959,Ye urgent hai: main apna phone number update nahi kar pa rahi hoon. Please jaldi resolve karo.,Hinglish,Account Issue,Account Support,Medium,Hinglish_Account Issue_04,94,17,train
HIN_0025,मुझे सहायता चाहिए क्योंकि एक ही ऑर्डर के लिए दो बार पैसे कट गए।,Hindi,Payment Issue,Payments Team,High,Hindi_Payment Issue_02,63,14,train
HGL_0150,Ye urgent hai: mere order ke liye wrong amount charge hua hai. Mujhe jaldi update chahiye.,Hinglish,Payment Issue,Payments Team,High,Hinglish_Payment Issue_10,90,16,train
HIN_0747,मुझे सहायता चाहिए क्योंकि मुझे खाली पैकेज मिला है। मुझे जल्द से जल्द जानकारी चाहिए।,Hindi,Product Issue,Product Support,High,Hindi_Product Issue_10,83,15,test
ENG_0740,"Hello, the package was empty when it arrived Please resolve this.",English,Product Issue,Product Support,High,English_Product Issue_10,65,11,train
ENG_0041,I need assistance because the payment failed but money was taken from my account Please resolve this.,English,Payment Issue,Payments Team,High,English_Payment Issue_03,101,17,test
ENG_0869,This is urgent: the courier refused to collect my return Please resolve this.,English,Return/Replacement,Returns Team,Medium,English_Return/Replacement_08,77,13,train
HGL_0380,"Hello, refund ki deadline already cross ho gayi. Please jaldi resolve karo.",Hinglish,Refund Issue,Refund Team,High,Hinglish_Refund Issue_06,75,12,test
ENG_0540,This is urgent: the seller rejected my cancellation request I need an update as soon as possible.,English,Cancellation Issue,Order Management,Medium,English_Cancellation Issue_06,97,17,validation
HGL_0346,App refunded dikha raha hai but account mein paise nahi aaye.,Hinglish,Refund Issue,Refund Team,High,Hinglish_Refund Issue_04,61,11,train
HGL_0917,Mujhe login OTP receive nahi ho raha. Please jaldi resolve karo.,Hinglish,Account Issue,Account Support,Medium,Hinglish_Account Issue_02,64,11,test
HGL_0324,"Please help, mera refund abhi bhi pending hai. Mujhe jaldi update chahiye.",Hinglish,Refund Issue,Refund Team,High,Hinglish_Refund Issue_02,74,12,train
HIN_0172,"कृपया मदद करें, ऑर्डर तय तारीख के बाद भी डिलीवर नहीं हुआ।",Hindi,Delivery Issue,Logistics Team,Medium,Hindi_Delivery Issue_02,57,12,train
ENG_1146,"Hello, I found an unfamiliar delivery address in my account I need an update as soon as possible.",English,Fraud/Security,Security Team,Critical,English_Fraud/Security_07,97,18,validation
ENG_1032,I need assistance because my order history is missing I need an update as soon as possible.,English,Account Issue,Account Support,Medium,English_Account Issue_09,91,17,train
ENG_0373,This is urgent: my return was accepted but the refund was not processed,English,Refund Issue,Refund Team,High,English_Refund Issue_05,71,13,train
ENG_0668,"Please help, an accessory is missing from the package Please resolve this.",English,Product Issue,Product Support,High,English_Product Issue_05,74,12,train
ENG_0358,This is urgent: the app says refunded but the money is not in my account,English,Refund Issue,Refund Team,High,English_Refund Issue_04,72,15,test
ENG_0968,"Please help, my saved address has disappeared Please resolve this.",English,Account Issue,Account Support,Medium,English_Account Issue_05,66,10,train
HGL_0432,Mujhe help chahiye kyunki refund status kai din se change nahi hua. Mujhe jaldi update chahiye.,Hinglish,Refund Issue,Refund Team,High,Hinglish_Refund Issue_09,95,16,test
HGL_0384,"Please help, refund ki deadline already cross ho gayi. Mujhe jaldi update chahiye.",Hinglish,Refund Issue,Refund Team,High,Hinglish_Refund Issue_06,82,13,test
HIN_0154,"नमस्ते, मेरा ऑर्डर अभी तक नहीं आया है।",Hindi,Delivery Issue,Logistics Team,Medium,Hindi_Delivery Issue_01,38,8,train
ENG_1036,I accidentally created two accounts with the same number,English,Account Issue,Account Support,Medium,English_Account Issue_10,56,9,train
ENG_0471,"Hello, the cancel button is not available I need an update as soon as possible.",English,Cancellation Issue,Order Management,Medium,English_Cancellation Issue_02,79,15,train
HGL_0704,Ye urgent hai: product ki quality bahut poor hai. Please jaldi resolve karo.,Hinglish,Product Issue,Product Support,High,Hinglish_Product Issue_07,76,13,train
HIN_0197,कूरियर वाले ने मुझसे संपर्क नहीं किया। कृपया इसे जल्दी हल करें।,Hindi,Delivery Issue,Logistics Team,Medium,Hindi_Delivery Issue_04,63,12,test
HGL_0740,"Hello, delivery mein empty package mila hai. Please jaldi resolve karo.",Hinglish,Product Issue,Product Support,High,Hinglish_Product Issue_10,71,11,train
HIN_0350,"नमस्ते, ऐप में रिफंड दिख रहा है लेकिन खाते में पैसे नहीं आए। कृपया इसे जल्दी हल करें।",Hindi,Refund Issue,Refund Team,High,Hindi_Refund Issue_04,85,18,test
HIN_0057,मुझे सहायता चाहिए क्योंकि मेरा कार्ड पेमेंट प्रोसेसिंग में अटका हुआ है। मुझे जल्द से जल्द जानकारी चाहिए।,Hindi,Payment Issue,Payments Team,High,Hindi_Payment Issue_04,104,18,train
HIN_0895,मुझे सहायता चाहिए क्योंकि मेरा रिटर्न अनुरोध बिना कारण रद्द कर दिया गया।,Hindi,Return/Replacement,Returns Team,Medium,Hindi_Return/Replacement_10,72,13,train
HIN_0356,मुझे सहायता चाहिए क्योंकि ऐप में रिफंड दिख रहा है लेकिन खाते में पैसे नहीं आए। कृपया इसे जल्दी हल करें।,Hindi,Refund Issue,Refund Team,High,Hindi_Refund Issue_04,103,21,test
HGL_0698,"Please help, product ki quality bahut poor hai. Please jaldi resolve karo.",Hinglish,Product Issue,Product Support,High,Hinglish_Product Issue_07,74,12,train
HIN_0051,"नमस्ते, मेरा कार्ड पेमेंट प्रोसेसिंग में अटका हुआ है। मुझे जल्द से जल्द जानकारी चाहिए।",Hindi,Payment Issue,Payments Team,High,Hindi_Payment Issue_04,86,15,train
HIN_0500,"नमस्ते, कैंसलेशन के बाद भी ऑर्डर भेज दिया गया। कृपया इसे जल्दी हल करें।",Hindi,Cancellation Issue,Order Management,Medium,Hindi_Cancellation Issue_04,71,14,train
HIN_0053,"कृपया मदद करें, मेरा कार्ड पेमेंट प्रोसेसिंग में अटका हुआ है। कृपया इसे जल्दी हल करें।",Hindi,Payment Issue,Payments Team,High,Hindi_Payment Issue_04,86,16,train
HGL_0918,Mujhe login OTP receive nahi ho raha. Mujhe jaldi update chahiye.,Hinglish,Account Issue,Account Support,Medium,Hinglish_Account Issue_02,65,11,test
HGL_0938,"Please help, mera account lock ho gaya hai. Please jaldi resolve karo.",Hinglish,Account Issue,Account Support,Medium,Hinglish_Account Issue_03,70,12,train
ENG_0080,"Hello, the UPI transaction succeeded but the order was not placed Please resolve this.",English,Payment Issue,Payments Team,High,English_Payment Issue_06,86,14,train
ENG_1173,A fake customer-care agent requested my bank details I need an update as soon as possible.,English,Fraud/Security,Security Team,Critical,English_Fraud/Security_09,90,16,train
ENG_0815,"Hello, I want to exchange the item for another size Please resolve this.",English,Return/Replacement,Returns Team,Medium,English_Return/Replacement_05,72,13,train
HIN_0653,"कृपया मदद करें, उत्पाद उसके विवरण से मेल नहीं खाता। कृपया इसे जल्दी हल करें।",Hindi,Product Issue,Product Support,High,Hindi_Product Issue_04,76,15,train
HIN_1021,मेरी ऑर्डर हिस्ट्री दिखाई नहीं दे रही है।,Hindi,Account Issue,Account Support,Medium,Hindi_Account Issue_09,41,8,train
HGL_0320,"Hello, mera refund abhi bhi pending hai. Please jaldi resolve karo.",Hinglish,Refund Issue,Refund Team,High,Hinglish_Refund Issue_02,67,11,train
HGL_0749,Ye urgent hai: delivery mein empty package mila hai. Please jaldi resolve karo.,Hinglish,Product Issue,Product Support,High,Hinglish_Product Issue_10,79,13,train
HIN_0906,"नमस्ते, मैं अपने अकाउंट में लॉग इन नहीं कर पा रही हूँ। मुझे जल्द से जल्द जानकारी चाहिए।",Hindi,Account Issue,Account Support,Medium,Hindi_Account Issue_01,87,18,test
ENG_0134,This is urgent: the payment page keeps failing during checkout Please resolve this.,English,Payment Issue,Payments Team,High,English_Payment Issue_09,83,13,train
ENG_1141,I found an unfamiliar delivery address in my account,English,Fraud/Security,Security Team,Critical,English_Fraud/Security_07,52,9,validation
ENG_0934,"Hello, my account has been locked",English,Account Issue,Account Support,Medium,English_Account Issue_03,33,6,train
ENG_0929,This is urgent: I am not receiving the login OTP Please resolve this.,English,Account Issue,Account Support,Medium,English_Account Issue_02,69,13,train
ENG_0824,This is urgent: I want to exchange the item for another size Please resolve this.,English,Return/Replacement,Returns Team,Medium,English_Return/Replacement_05,81,15,train
HIN_0332,मुझे रिफंड की केवल कुछ राशि मिली है। कृपया इसे जल्दी हल करें।,Hindi,Refund Issue,Refund Team,High,Hindi_Refund Issue_03,61,13,train
HIN_0015,यह बहुत जरूरी है: मेरे पैसे कट गए लेकिन ऑर्डर कन्फर्म नहीं हुआ। मुझे जल्द से जल्द जानकारी चाहिए।,Hindi,Payment Issue,Payments Team,High,Hindi_Payment Issue_01,96,19,train
ENG_0505,I need assistance because the order was shipped after I requested cancellation,English,Cancellation Issue,Order Management,Medium,English_Cancellation Issue_04,78,12,test
HGL_1156,Mujhe payment maangne wala suspicious message mila.,Hinglish,Fraud/Security,Security Team,Critical,Hinglish_Fraud/Security_08,51,7,train
HIN_1196,मुझे सहायता चाहिए क्योंकि मेरे अकाउंट से कई अनधिकृत खरीदारी हुई हैं। कृपया इसे जल्दी हल करें।,Hindi,Fraud/Security,Security Team,Critical,Hindi_Fraud/Security_10,93,17,train
HIN_0797,रिटर्न के लिए पिकअप अभी तक नहीं हुआ। कृपया इसे जल्दी हल करें।,Hindi,Return/Replacement,Returns Team,Medium,Hindi_Return/Replacement_04,61,13,validation
HGL_0035,"Hello, payment fail hua but account se money deduct ho gayi. Please jaldi resolve karo.",Hinglish,Payment Issue,Payments Team,High,Hinglish_Payment Issue_03,87,15,train
HIN_0759,"कृपया मदद करें, मैं इस उत्पाद को वापस करना चाहती हूँ। मुझे जल्द से जल्द जानकारी चाहिए।",Hindi,Return/Replacement,Returns Team,Medium,Hindi_Return/Replacement_01,86,17,train
HIN_0185,"नमस्ते, ट्रैकिंग में डिलीवर दिख रहा है लेकिन पैकेज नहीं मिला। कृपया इसे जल्दी हल करें।",Hindi,Delivery Issue,Logistics Team,Medium,Hindi_Delivery Issue_03,86,16,train
ENG_0895,I need assistance because my return request was cancelled without explanation,English,Return/Replacement,Returns Team,Medium,English_Return/Replacement_10,77,11,train
ENG_0829,"Hello, the replacement order has not been shipped",English,Return/Replacement,Returns Team,Medium,English_Return/Replacement_06,49,8,test
HGL_1126,Kisi ne mere account ka password change kar diya.,Hinglish,Fraud/Security,Security Team,Critical,Hinglish_Fraud/Security_06,49,9,train
HGL_0124,"Hello, checkout ke time payment page baar baar fail ho raha hai.",Hinglish,Payment Issue,Payments Team,High,Hinglish_Payment Issue_09,64,12,validation
HIN_0484,"नमस्ते, कैंसलेशन अनुरोध बार-बार फेल हो रहा है।",Hindi,Cancellation Issue,Order Management,Medium,Hindi_Cancellation Issue_03,46,8,train
HGL_0682,"Please help, item ke parts broken hain.",Hinglish,Product Issue,Product Support,High,Hinglish_Product Issue_06,39,7,train
HGL_0662,Package mein ek accessory missing hai. Please jaldi resolve karo.,Hinglish,Product Issue,Product Support,High,Hinglish_Product Issue_05,65,10,train
HGL_0607,"Please help, mujhe damaged product mila hai.",Hinglish,Product Issue,Product Support,High,Hinglish_Product Issue_01,44,7,train
ENG_0653,"Please help, the product does not match its description Please resolve this.",English,Product Issue,Product Support,High,English_Product Issue_04,76,12,train
ENG_0173,"Please help, the delivery is delayed beyond the promised date Please resolve this.",English,Delivery Issue,Logistics Team,Medium,English_Delivery Issue_02,82,13,validation
ENG_0039,"Please help, the payment failed but money was taken from my account I need an update as soon as possible.",English,Payment Issue,Payments Team,High,English_Payment Issue_03,105,20,test
HGL_1032,Mujhe help chahiye kyunki meri order history missing hai. Mujhe jaldi update chahiye.,Hinglish,Account Issue,Account Support,Medium,Hinglish_Account Issue_09,85,13,train
ENG_0714,"Please help, I received an expired product I need an update as soon as possible.",English,Product Issue,Product Support,High,English_Product Issue_08,80,15,train
ENG_0091,Cash was charged even though the order shows payment pending,English,Payment Issue,Payments Team,High,English_Payment Issue_07,60,10,test
HGL_1143,Account mein unknown delivery address add hua hai. Mujhe jaldi update chahiye.,Hinglish,Fraud/Security,Security Team,Critical,Hinglish_Fraud/Security_07,78,12,train
HIN_0006,"नमस्ते, मेरे पैसे कट गए लेकिन ऑर्डर कन्फर्म नहीं हुआ। मुझे जल्द से जल्द जानकारी चाहिए।",Hindi,Payment Issue,Payments Team,High,Hindi_Payment Issue_01,86,16,train
HGL_0559,"Hello, mujhe order ka ek item cancel karna hai.",Hinglish,Cancellation Issue,Order Management,Medium,Hinglish_Cancellation Issue_08,47,9,train
HGL_0694,"Hello, product ki quality bahut poor hai.",Hinglish,Product Issue,Product Support,High,Hinglish_Product Issue_07,41,7,train
HIN_0628,यह बहुत जरूरी है: सामान काम नहीं कर रहा है।,Hindi,Product Issue,Product Support,High,Hindi_Product Issue_02,43,10,train
ENG_1156,I received a suspicious message asking for payment,English,Fraud/Security,Security Team,Critical,English_Fraud/Security_08,50,8,train
HIN_0125,"नमस्ते, चेकआउट के समय पेमेंट पेज बार-बार फेल हो रहा है। कृपया इसे जल्दी हल करें।",Hindi,Payment Issue,Payments Team,High,Hindi_Payment Issue_09,80,16,test
ENG_0217,"Please help, my package is stuck at the same location",English,Delivery Issue,Logistics Team,Medium,English_Delivery Issue_05,53,10,test
ENG_0511,I accidentally placed an order and need to cancel it,English,Cancellation Issue,Order Management,Medium,English_Cancellation Issue_05,52,10,train
HIN_0481,कैंसलेशन अनुरोध बार-बार फेल हो रहा है।,Hindi,Cancellation Issue,Order Management,Medium,Hindi_Cancellation Issue_03,38,7,train
ENG_0500,"Hello, the order was shipped after I requested cancellation Please resolve this.",English,Cancellation Issue,Order Management,Medium,English_Cancellation Issue_04,80,12,test
HGL_0565,Mujhe help chahiye kyunki mujhe order ka ek item cancel karna hai.,Hinglish,Cancellation Issue,Order Management,Medium,Hinglish_Cancellation Issue_08,66,12,train
HIN_0657,मुझे सहायता चाहिए क्योंकि उत्पाद उसके विवरण से मेल नहीं खाता। मुझे जल्द से जल्द जानकारी चाहिए।,Hindi,Product Issue,Product Support,High,Hindi_Product Issue_04,94,17,train
HIN_0189,"कृपया मदद करें, ट्रैकिंग में डिलीवर दिख रहा है लेकिन पैकेज नहीं मिला। मुझे जल्द से जल्द जानकारी चाहिए।",Hindi,Delivery Issue,Logistics Team,Medium,Hindi_Delivery Issue_03,102,19,train
HIN_0320,"नमस्ते, मेरा रिफंड अभी भी पेंडिंग है। कृपया इसे जल्दी हल करें।",Hindi,Refund Issue,Refund Team,High,Hindi_Refund Issue_02,62,12,train
HIN_1187,मेरे अकाउंट से कई अनधिकृत खरीदारी हुई हैं। कृपया इसे जल्दी हल करें।,Hindi,Fraud/Security,Security Team,Critical,Hindi_Fraud/Security_10,67,13,train
HGL_0862,"Please help, courier person ne return collect karne se mana kiya.",Hinglish,Return/Replacement,Returns Team,Medium,Hinglish_Return/Replacement_08,65,11,train
HIN_0877,"कृपया मदद करें, मुझे गलत रिप्लेसमेंट उत्पाद मिला।",Hindi,Return/Replacement,Returns Team,Medium,Hindi_Return/Replacement_09,49,8,train
HIN_0341,मुझे सहायता चाहिए क्योंकि मुझे रिफंड की केवल कुछ राशि मिली है। कृपया इसे जल्दी हल करें।,Hindi,Refund Issue,Refund Team,High,Hindi_Refund Issue_03,87,17,train
HIN_0018,एक ही ऑर्डर के लिए दो बार पैसे कट गए। मुझे जल्द से जल्द जानकारी चाहिए।,Hindi,Payment Issue,Payments Team,High,Hindi_Payment Issue_02,70,16,train
HGL_0282,Mujhe help chahiye kyunki courier person ne package deliver karne se mana kiya. Mujhe jaldi update chahiye.,Hinglish,Delivery Issue,Logistics Team,Medium,Hinglish_Delivery Issue_09,107,17,train
HGL_1036,Same number se accidentally do accounts create ho gaye.,Hinglish,Account Issue,Account Support,Medium,Hinglish_Account Issue_10,55,9,validation
HIN_0217,"कृपया मदद करें, मेरा पैकेज कई दिनों से एक ही जगह अटका है।",Hindi,Delivery Issue,Logistics Team,Medium,Hindi_Delivery Issue_05,57,13,train
HIN_1018,यह बहुत जरूरी है: मैं अकाउंट से जुड़ा ईमेल नहीं बदल पा रही हूँ।,Hindi,Account Issue,Account Support,Medium,Hindi_Account Issue_08,63,14,test
HGL_0614,Ye urgent hai: mujhe damaged product mila hai. Please jaldi resolve karo.,Hinglish,Product Issue,Product Support,High,Hinglish_Product Issue_01,73,12,train
HIN_0477,मुझे सहायता चाहिए क्योंकि ऑर्डर रद्द करने का बटन उपलब्ध नहीं है। मुझे जल्द से जल्द जानकारी चाहिए।,Hindi,Cancellation Issue,Order Management,Medium,Hindi_Cancellation Issue_02,97,18,test
ENG_1198,This is urgent: there are multiple unauthorised purchases on my account,English,Fraud/Security,Security Team,Critical,English_Fraud/Security_10,71,11,train
HIN_0343,यह बहुत जरूरी है: मुझे रिफंड की केवल कुछ राशि मिली है।,Hindi,Refund Issue,Refund Team,High,Hindi_Refund Issue_03,54,12,train
HGL_0140,"Hello, mere order ke liye wrong amount charge hua hai. Please jaldi resolve karo.",Hinglish,Payment Issue,Payments Team,High,Hinglish_Payment Issue_10,81,14,train
ENG_0954,"Please help, I cannot update my phone number I need an update as soon as possible.",English,Account Issue,Account Support,Medium,English_Account Issue_04,82,16,train
HGL_0236,Mujhe help chahiye kyunki delivery date baar baar change ho rahi hai. Please jaldi resolve karo.,Hinglish,Delivery Issue,Logistics Team,Medium,Hinglish_Delivery Issue_06,96,16,test
ENG_0751,I want to return this product,English,Return/Replacement,Returns Team,Medium,English_Return/Replacement_01,29,6,train
HGL_0306,"Hello, order cancel kiya but refund abhi tak nahi mila. Mujhe jaldi update chahiye.",Hinglish,Refund Issue,Refund Team,High,Hinglish_Refund Issue_01,83,14,train
ENG_0235,I need assistance because the delivery date keeps changing,English,Delivery Issue,Logistics Team,Medium,English_Delivery Issue_06,58,9,train
ENG_0733,This is urgent: the size or colour is different from what I ordered,English,Product Issue,Product Support,High,English_Product Issue_09,67,13,test
HGL_1190,"Hello, mere account se multiple unauthorised purchases hui hain. Please jaldi resolve karo.",Hinglish,Fraud/Security,Security Team,Critical,Hinglish_Fraud/Security_10,91,13,test
ENG_1157,I received a suspicious message asking for payment Please resolve this.,English,Fraud/Security,Security Team,Critical,English_Fraud/Security_08,71,11,train
HGL_0681,"Hello, item ke parts broken hain. Mujhe jaldi update chahiye.",Hinglish,Product Issue,Product Support,High,Hinglish_Product Issue_06,61,10,train
HGL_0046,Mera card payment processing mein stuck hai.,Hinglish,Payment Issue,Payments Team,High,Hinglish_Payment Issue_04,44,7,train
HIN_0010,मुझे सहायता चाहिए क्योंकि मेरे पैसे कट गए लेकिन ऑर्डर कन्फर्म नहीं हुआ।,Hindi,Payment Issue,Payments Team,High,Hindi_Payment Issue_01,71,13,train
ENG_1066,Someone placed an order using my account,English,Fraud/Security,Security Team,Critical,English_Fraud/Security_02,40,7,train
HIN_0957,मुझे सहायता चाहिए क्योंकि मैं अपना फोन नंबर अपडेट नहीं कर पा रही हूँ। मुझे जल्द से जल्द जानकारी चाहिए।,Hindi,Account Issue,Account Support,Medium,Hindi_Account Issue_04,102,20,validation
ENG_1063,This is urgent: there is an unknown transaction on my account,English,Fraud/Security,Security Team,Critical,English_Fraud/Security_01,61,11,train
HGL_0217,"Please help, mera package same location par stuck hai.",Hinglish,Delivery Issue,Logistics Team,Medium,Hinglish_Delivery Issue_05,54,9,train
ENG_1168,This is urgent: I received a suspicious message asking for payment,English,Fraud/Security,Security Team,Critical,English_Fraud/Security_08,66,11,train
HIN_0293,"कृपया मदद करें, ट्रैकिंग की जानकारी अपडेट नहीं हो रही है। कृपया इसे जल्दी हल करें।",Hindi,Delivery Issue,Logistics Team,Medium,Hindi_Delivery Issue_10,82,16,test
HGL_0539,Ye urgent hai: seller ne meri cancellation request reject kar di. Please jaldi resolve karo.,Hinglish,Cancellation Issue,Order Management,Medium,Hinglish_Cancellation Issue_06,92,15,validation
HGL_0654,"Please help, product description ke according nahi hai. Mujhe jaldi update chahiye.",Hinglish,Product Issue,Product Support,High,Hinglish_Product Issue_04,83,12,train
ENG_0885,This is urgent: I received the wrong replacement product I need an update as soon as possible.,English,Return/Replacement,Returns Team,Medium,English_Return/Replacement_09,94,17,train
ENG_0144,"Please help, the wrong amount was charged for my purchase I need an update as soon as possible.",English,Payment Issue,Payments Team,High,English_Payment Issue_10,95,18,train
HGL_1129,"Hello, kisi ne mere account ka password change kar diya.",Hinglish,Fraud/Security,Security Team,Critical,Hinglish_Fraud/Security_06,56,10,train
ENG_0851,I need assistance because the return window is incorrectly shown as closed Please resolve this.,English,Return/Replacement,Returns Team,Medium,English_Return/Replacement_07,95,15,test
HGL_0383,"Please help, refund ki deadline already cross ho gayi. Please jaldi resolve karo.",Hinglish,Refund Issue,Refund Team,High,Hinglish_Refund Issue_06,81,13,test
ENG_0718,This is urgent: I received an expired product,English,Product Issue,Product Support,High,English_Product Issue_08,45,8,train
HGL_1009,"Hello, main linked email change nahi kar pa rahi hoon.",Hinglish,Account Issue,Account Support,Medium,Hinglish_Account Issue_08,54,10,test
HGL_0103,Ye urgent hai: payment karne ke baad bhi order pending dikha raha hai.,Hinglish,Payment Issue,Payments Team,High,Hinglish_Payment Issue_07,70,13,test
ENG_0265,I need assistance because only part of my order was delivered,English,Delivery Issue,Logistics Team,Medium,English_Delivery Issue_08,61,11,train
ENG_0076,The UPI transaction succeeded but the order was not placed,English,Payment Issue,Payments Team,High,English_Payment Issue_06,58,10,train
HGL_0093,Payment karne ke baad bhi order pending dikha raha hai. Mujhe jaldi update chahiye.,Hinglish,Payment Issue,Payments Team,High,Hinglish_Payment Issue_07,83,14,test
ENG_0396,"Hello, the refund was sent to the wrong payment method I need an update as soon as possible.",English,Refund Issue,Refund Team,High,English_Refund Issue_07,92,18,train
HGL_0648,Product description ke according nahi hai. Mujhe jaldi update chahiye.,Hinglish,Product Issue,Product Support,High,Hinglish_Product Issue_04,70,10,train
HIN_1025,"नमस्ते, मेरी ऑर्डर हिस्ट्री दिखाई नहीं दे रही है। कृपया इसे जल्दी हल करें।",Hindi,Account Issue,Account Support,Medium,Hindi_Account Issue_09,74,14,train
HGL_0958,Ye urgent hai: main apna phone number update nahi kar pa rahi hoon.,Hinglish,Account Issue,Account Support,Medium,Hinglish_Account Issue_04,67,13,train
ENG_0397,"Please help, the refund was sent to the wrong payment method",English,Refund Issue,Refund Team,High,English_Refund Issue_07,60,11,train
HIN_0166,ऑर्डर तय तारीख के बाद भी डिलीवर नहीं हुआ।,Hindi,Delivery Issue,Logistics Team,Medium,Hindi_Delivery Issue_02,41,9,train
HGL_0592,"Please help, order cancel karne par extra fee charge hui.",Hinglish,Cancellation Issue,Order Management,Medium,Hinglish_Cancellation Issue_10,57,10,train
HIN_0704,यह बहुत जरूरी है: उत्पाद की गुणवत्ता बहुत खराब है। कृपया इसे जल्दी हल करें।,Hindi,Product Issue,Product Support,High,Hindi_Product Issue_07,75,15,validation
ENG_0596,I need assistance because I was charged a fee for cancelling the order Please resolve this.,English,Cancellation Issue,Order Management,Medium,English_Cancellation Issue_10,91,16,train
HIN_0910,मुझे सहायता चाहिए क्योंकि मैं अपने अकाउंट में लॉग इन नहीं कर पा रही हूँ।,Hindi,Account Issue,Account Support,Medium,Hindi_Account Issue_01,72,15,test
HIN_0097,"कृपया मदद करें, ऑर्डर में पेमेंट अभी भी पेंडिंग दिख रहा है।",Hindi,Payment Issue,Payments Team,High,Hindi_Payment Issue_07,59,12,validation
HIN_0622,"कृपया मदद करें, सामान काम नहीं कर रहा है।",Hindi,Product Issue,Product Support,High,Hindi_Product Issue_02,41,9,train
ENG_0873,I received the wrong replacement product I need an update as soon as possible.,English,Return/Replacement,Returns Team,Medium,English_Return/Replacement_09,78,14,train
HGL_0707,Mujhe expired product mila hai. Please jaldi resolve karo.,Hinglish,Product Issue,Product Support,High,Hinglish_Product Issue_08,58,9,test
HGL_1091,Mujhe help chahiye kyunki lagta hai mera account hack ho gaya hai. Please jaldi resolve karo.,Hinglish,Fraud/Security,Security Team,Critical,Hinglish_Fraud/Security_03,93,16,test
HIN_1127,किसी ने मेरे अकाउंट का पासवर्ड बदल दिया। कृपया इसे जल्दी हल करें।,Hindi,Fraud/Security,Security Team,Critical,Hindi_Fraud/Security_06,65,13,train
HIN_0349,"नमस्ते, ऐप में रिफंड दिख रहा है लेकिन खाते में पैसे नहीं आए।",Hindi,Refund Issue,Refund Team,High,Hindi_Refund Issue_04,60,13,test
ENG_0037,"Please help, the payment failed but money was taken from my account",English,Payment Issue,Payments Team,High,English_Payment Issue_03,67,12,test
HGL_0311,Mujhe help chahiye kyunki order cancel kiya but refund abhi tak nahi mila. Please jaldi resolve karo.,Hinglish,Refund Issue,Refund Team,High,Hinglish_Refund Issue_01,101,17,train
HGL_0624,"Please help, item defective hai aur work nahi kar raha. Mujhe jaldi update chahiye.",Hinglish,Product Issue,Product Support,High,Hinglish_Product Issue_02,83,14,test
HIN_0944,यह बहुत जरूरी है: मेरा अकाउंट लॉक हो गया है। कृपया इसे जल्दी हल करें।,Hindi,Account Issue,Account Support,Medium,Hindi_Account Issue_03,69,15,train
HGL_0660,Ye urgent hai: product description ke according nahi hai. Mujhe jaldi update chahiye.,Hinglish,Product Issue,Product Support,High,Hinglish_Product Issue_04,85,13,train
ENG_0978,I forgot my password and cannot reset it I need an update as soon as possible.,English,Account Issue,Account Support,Medium,English_Account Issue_06,78,16,train
HIN_0372,मुझे सहायता चाहिए क्योंकि रिटर्न स्वीकार होने के बाद भी रिफंड नहीं मिला। मुझे जल्द से जल्द जानकारी चाहिए।,Hindi,Refund Issue,Refund Team,High,Hindi_Refund Issue_05,105,19,train
ENG_1123,This is urgent: my saved card was used without permission,English,Fraud/Security,Security Team,Critical,English_Fraud/Security_05,57,10,test
HGL_0387,Mujhe help chahiye kyunki refund ki deadline already cross ho gayi. Mujhe jaldi update chahiye.,Hinglish,Refund Issue,Refund Team,High,Hinglish_Refund Issue_06,95,15,test
HIN_1040,"नमस्ते, एक ही नंबर से गलती से दो अकाउंट बन गए हैं। कृपया इसे जल्दी हल करें।",Hindi,Account Issue,Account Support,Medium,Hindi_Account Issue_10,75,17,train
HGL_0568,Ye urgent hai: mujhe order ka ek item cancel karna hai.,Hinglish,Cancellation Issue,Order Management,Medium,Hinglish_Cancellation Issue_08,55,11,train
HGL_0105,Ye urgent hai: payment karne ke baad bhi order pending dikha raha hai. Mujhe jaldi update chahiye.,Hinglish,Payment Issue,Payments Team,High,Hinglish_Payment Issue_07,98,17,test
HIN_0693,उत्पाद की गुणवत्ता बहुत खराब है। मुझे जल्द से जल्द जानकारी चाहिए।,Hindi,Product Issue,Product Support,High,Hindi_Product Issue_07,65,12,validation
ENG_0676,The item arrived with broken parts,English,Product Issue,Product Support,High,English_Product Issue_06,34,6,train
HGL_0409,"Hello, mujhe expected amount se kam refund mila.",Hinglish,Refund Issue,Refund Team,High,Hinglish_Refund Issue_08,48,8,train
ENG_0729,"Please help, the size or colour is different from what I ordered I need an update as soon as possible.",English,Product Issue,Product Support,High,English_Product Issue_09,102,20,test
ENG_0413,"Please help, I received a smaller refund than expected Please resolve this.",English,Refund Issue,Refund Team,High,English_Refund Issue_08,75,12,test
HIN_0317,मेरा रिफंड अभी भी पेंडिंग है। कृपया इसे जल्दी हल करें।,Hindi,Refund Issue,Refund Team,High,Hindi_Refund Issue_02,54,11,train
HIN_0450,यह बहुत जरूरी है: मेरे बैंक खाते में रिफंड नहीं आया है। मुझे जल्द से जल्द जानकारी चाहिए।,Hindi,Refund Issue,Refund Team,High,Hindi_Refund Issue_10,88,18,train
ENG_0826,The replacement order has not been shipped,English,Return/Replacement,Returns Team,Medium,English_Return/Replacement_06,42,7,test
ENG_0617,The item is defective and does not work Please resolve this.,English,Product Issue,Product Support,High,English_Product Issue_02,60,11,train
ENG_0115,I need assistance because I cannot complete the payment for my order,English,Payment Issue,Payments Team,High,English_Payment Issue_08,68,12,train
ENG_0418,This is urgent: I received a smaller refund than expected,English,Refund Issue,Refund Team,High,English_Refund Issue_08,57,10,test
HIN_0426,"नमस्ते, कई दिनों से रिफंड की स्थिति नहीं बदली है। मुझे जल्द से जल्द जानकारी चाहिए।",Hindi,Refund Issue,Refund Team,High,Hindi_Refund Issue_09,82,16,validation
HGL_0253,Ye urgent hai: mera order wrong address par deliver hua.,Hinglish,Delivery Issue,Logistics Team,Medium,Hinglish_Delivery Issue_07,56,10,train
HGL_1124,Ye urgent hai: mere saved card ko bina permission use kiya gaya. Please jaldi resolve karo.,Hinglish,Fraud/Security,Security Team,Critical,Hinglish_Fraud/Security_05,91,16,train
ENG_0090,This is urgent: the UPI transaction succeeded but the order was not placed I need an update as soon as possible.,English,Payment Issue,Payments Team,High,English_Payment Issue_06,112,21,train
HGL_0497,Cancel karne ke baad bhi order ship ho gaya. Please jaldi resolve karo.,Hinglish,Cancellation Issue,Order Management,Medium,Hinglish_Cancellation Issue_04,71,13,train
HGL_0736,Delivery mein empty package mila hai.,Hinglish,Product Issue,Product Support,High,Hinglish_Product Issue_10,37,6,train
HIN_0883,यह बहुत जरूरी है: मुझे गलत रिप्लेसमेंट उत्पाद मिला।,Hindi,Return/Replacement,Returns Team,Medium,Hindi_Return/Replacement_09,51,9,train
ENG_0754,"Hello, I want to return this product",English,Return/Replacement,Returns Team,Medium,English_Return/Replacement_01,36,7,train
HGL_0147,Mujhe help chahiye kyunki mere order ke liye wrong amount charge hua hai. Mujhe jaldi update chahiye.,Hinglish,Payment Issue,Payments Team,High,Hinglish_Payment Issue_10,101,17,train
HIN_0431,मुझे सहायता चाहिए क्योंकि कई दिनों से रिफंड की स्थिति नहीं बदली है। कृपया इसे जल्दी हल करें।,Hindi,Refund Issue,Refund Team,High,Hindi_Refund Issue_09,92,18,validation
ENG_0012,I need assistance because my payment was deducted but the order was not confirmed I need an update as soon as possible.,English,Payment Issue,Payments Team,High,English_Payment Issue_01,119,22,train
HGL_0045,Ye urgent hai: payment fail hua but account se money deduct ho gayi. Mujhe jaldi update chahiye.,Hinglish,Payment Issue,Payments Team,High,Hinglish_Payment Issue_03,96,17,train
ENG_0285,This is urgent: the courier refused to deliver my package I need an update as soon as possible.,English,Delivery Issue,Logistics Team,Medium,English_Delivery Issue_09,95,18,train
ENG_1067,Someone placed an order using my account Please resolve this.,English,Fraud/Security,Security Team,Critical,English_Fraud/Security_02,61,10,train
ENG_1192,"Please help, there are multiple unauthorised purchases on my account",English,Fraud/Security,Security Team,Critical,English_Fraud/Security_10,68,10,train
HIN_0241,मेरा ऑर्डर गलत पते पर भेज दिया गया।,Hindi,Delivery Issue,Logistics Team,Medium,Hindi_Delivery Issue_07,35,8,train
HGL_0963,Mera saved address disappear ho gaya. Mujhe jaldi update chahiye.,Hinglish,Account Issue,Account Support,Medium,Hinglish_Account Issue_05,65,10,train
HGL_0961,Mera saved address disappear ho gaya.,Hinglish,Account Issue,Account Support,Medium,Hinglish_Account Issue_05,37,6,train
HGL_0339,"Please help, mujhe sirf partial refund mila hai. Mujhe jaldi update chahiye.",Hinglish,Refund Issue,Refund Team,High,Hinglish_Refund Issue_03,76,12,train
HGL_0847,"Please help, return window galat closed show ho rahi hai.",Hinglish,Return/Replacement,Returns Team,Medium,Hinglish_Return/Replacement_07,57,10,test
HIN_0369,"कृपया मदद करें, रिटर्न स्वीकार होने के बाद भी रिफंड नहीं मिला। मुझे जल्द से जल्द जानकारी चाहिए।",Hindi,Refund Issue,Refund Team,High,Hindi_Refund Issue_05,95,18,train
HGL_0028,Ye urgent hai: same order ke liye do baar paise cut gaye.,Hinglish,Payment Issue,Payments Team,High,Hinglish_Payment Issue_02,57,12,train
HGL_0338,"Please help, mujhe sirf partial refund mila hai. Please jaldi resolve karo.",Hinglish,Refund Issue,Refund Team,High,Hinglish_Refund Issue_03,75,12,train
HGL_0685,Mujhe help chahiye kyunki item ke parts broken hain.,Hinglish,Product Issue,Product Support,High,Hinglish_Product Issue_06,52,9,train
HIN_0488,"कृपया मदद करें, कैंसलेशन अनुरोध बार-बार फेल हो रहा है। कृपया इसे जल्दी हल करें।",Hindi,Cancellation Issue,Order Management,Medium,Hindi_Cancellation Issue_03,79,15,train
ENG_0852,I need assistance because the return window is incorrectly shown as closed I need an update as soon as possible.,English,Return/Replacement,Returns Team,Medium,English_Return/Replacement_07,112,20,test
HIN_1008,मैं अकाउंट से जुड़ा ईमेल नहीं बदल पा रही हूँ। मुझे जल्द से जल्द जानकारी चाहिए।,Hindi,Account Issue,Account Support,Medium,Hindi_Account Issue_08,78,16,test
ENG_0896,I need assistance because my return request was cancelled without explanation Please resolve this.,English,Return/Replacement,Returns Team,Medium,English_Return/Replacement_10,98,14,train
ENG_0497,The order was shipped after I requested cancellation Please resolve this.,English,Cancellation Issue,Order Management,Medium,English_Cancellation Issue_04,73,11,test
HIN_1106,मुझे सहायता चाहिए क्योंकि मुझे ऐसी खरीदारी का ओटीपी मिला जो मैंने नहीं की। कृपया इसे जल्दी हल करें।,Hindi,Fraud/Security,Security Team,Critical,Hindi_Fraud/Security_04,99,19,validation
HIN_0583,यह बहुत जरूरी है: रद्द करने के बाद भी ऑर्डर सक्रिय दिख रहा है।,Hindi,Cancellation Issue,Order Management,Medium,Hindi_Cancellation Issue_09,62,14,train
ENG_0336,"Hello, only part of the refund was credited I need an update as soon as possible.",English,Refund Issue,Refund Team,High,English_Refund Issue_03,81,16,train
HGL_0440,"Hello, mere bank account mein promised refund nahi aaya. Please jaldi resolve karo.",Hinglish,Refund Issue,Refund Team,High,Hinglish_Refund Issue_10,83,13,train
ENG_0516,"Hello, I accidentally placed an order and need to cancel it I need an update as soon as possible.",English,Cancellation Issue,Order Management,Medium,English_Cancellation Issue_05,97,19,train
HIN_0149,यह बहुत जरूरी है: मेरी खरीदारी के लिए गलत राशि ली गई। कृपया इसे जल्दी हल करें।,Hindi,Payment Issue,Payments Team,High,Hindi_Payment Issue_10,78,17,test
ENG_1016,I need assistance because I cannot change the email linked to my account Please resolve this.,English,Account Issue,Account Support,Medium,English_Account Issue_08,93,16,test
HGL_0417,Mujhe help chahiye kyunki mujhe expected amount se kam refund mila. Mujhe jaldi update chahiye.,Hinglish,Refund Issue,Refund Team,High,Hinglish_Refund Issue_08,95,15,train
HGL_0971,Mujhe help chahiye kyunki mera saved address disappear ho gaya. Please jaldi resolve karo.,Hinglish,Account Issue,Account Support,Medium,Hinglish_Account Issue_05,90,14,train
HGL_0965,"Hello, mera saved address disappear ho gaya. Please jaldi resolve karo.",Hinglish,Account Issue,Account Support,Medium,Hinglish_Account Issue_05,71,11,train
HGL_0410,"Hello, mujhe expected amount se kam refund mila. Please jaldi resolve karo.",Hinglish,Refund Issue,Refund Team,High,Hinglish_Refund Issue_08,75,12,train
HGL_0679,"Hello, item ke parts broken hain.",Hinglish,Product Issue,Product Support,High,Hinglish_Product Issue_06,33,6,train
HIN_0582,मुझे सहायता चाहिए क्योंकि रद्द करने के बाद भी ऑर्डर सक्रिय दिख रहा है। मुझे जल्द से जल्द जानकारी चाहिए।,Hindi,Cancellation Issue,Order Management,Medium,Hindi_Cancellation Issue_09,103,20,train
HGL_0170,"Hello, promised date ke baad bhi package nahi aaya. Please jaldi resolve karo.",Hinglish,Delivery Issue,Logistics Team,Medium,Hinglish_Delivery Issue_02,78,13,train
HIN_0586,ऑर्डर रद्द करने पर मुझसे शुल्क लिया गया।,Hindi,Cancellation Issue,Order Management,Medium,Hindi_Cancellation Issue_10,40,8,train
HIN_0871,मुझे गलत रिप्लेसमेंट उत्पाद मिला।,Hindi,Return/Replacement,Returns Team,Medium,Hindi_Return/Replacement_09,33,5,train
ENG_0357,I need assistance because the app says refunded but the money is not in my account I need an update as soon as possible.,English,Refund Issue,Refund Team,High,English_Refund Issue_04,120,24,test
HGL_1022,Meri order history missing hai. Please jaldi resolve karo.,Hinglish,Account Issue,Account Support,Medium,Hinglish_Account Issue_09,58,9,train
HIN_0113,"कृपया मदद करें, मैं अपने ऑर्डर का पेमेंट पूरा नहीं कर पा रही हूँ। कृपया इसे जल्दी हल करें।",Hindi,Payment Issue,Payments Team,High,Hindi_Payment Issue_08,90,19,train
HIN_0436,मेरे बैंक खाते में रिफंड नहीं आया है।,Hindi,Refund Issue,Refund Team,High,Hindi_Refund Issue_10,37,8,train
ENG_0551,I need assistance because the app is not showing the cancellation option Please resolve this.,English,Cancellation Issue,Order Management,Medium,English_Cancellation Issue_07,93,15,test
HIN_1189,"नमस्ते, मेरे अकाउंट से कई अनधिकृत खरीदारी हुई हैं।",Hindi,Fraud/Security,Security Team,Critical,Hindi_Fraud/Security_10,50,9,train
HGL_0080,"Hello, UPI payment successful tha but order place nahi hua. Please jaldi resolve karo.",Hinglish,Payment Issue,Payments Team,High,Hinglish_Payment Issue_06,86,14,train
HGL_0122,Checkout ke time payment page baar baar fail ho raha hai. Please jaldi resolve karo.,Hinglish,Payment Issue,Payments Team,High,Hinglish_Payment Issue_09,84,15,validation
HIN_1066,किसी ने मेरे अकाउंट से ऑर्डर किया है।,Hindi,Fraud/Security,Security Team,Critical,Hindi_Fraud/Security_02,37,8,test
HGL_0560,"Hello, mujhe order ka ek item cancel karna hai. Please jaldi resolve karo.",Hinglish,Cancellation Issue,Order Management,Medium,Hinglish_Cancellation Issue_08,74,13,train
HIN_0028,यह बहुत जरूरी है: एक ही ऑर्डर के लिए दो बार पैसे कट गए।,Hindi,Payment Issue,Payments Team,High,Hindi_Payment Issue_02,55,14,train
HGL_0812,Mujhe item ko different size se exchange karna hai. Please jaldi resolve karo.,Hinglish,Return/Replacement,Returns Team,Medium,Hinglish_Return/Replacement_05,78,13,train
ENG_0958,This is urgent: I cannot update my phone number,English,Account Issue,Account Support,Medium,English_Account Issue_04,47,9,train
HIN_0574,"नमस्ते, रद्द करने के बाद भी ऑर्डर सक्रिय दिख रहा है।",Hindi,Cancellation Issue,Order Management,Medium,Hindi_Cancellation Issue_09,52,11,train
HIN_0942,मुझे सहायता चाहिए क्योंकि मेरा अकाउंट लॉक हो गया है। मुझे जल्द से जल्द जानकारी चाहिए।,Hindi,Account Issue,Account Support,Medium,Hindi_Account Issue_03,85,16,train
ENG_1009,"Hello, I cannot change the email linked to my account",English,Account Issue,Account Support,Medium,English_Account Issue_08,53,10,test
ENG_1093,This is urgent: my account appears to have been hacked,English,Fraud/Security,Security Team,Critical,English_Fraud/Security_03,54,10,test
HGL_0804,"Please help, return pickup abhi tak nahi hua. Mujhe jaldi update chahiye.",Hinglish,Return/Replacement,Returns Team,Medium,Hinglish_Return/Replacement_04,73,12,validation
HGL_0345,Ye urgent hai: mujhe sirf partial refund mila hai. Mujhe jaldi update chahiye.,Hinglish,Refund Issue,Refund Team,High,Hinglish_Refund Issue_03,78,13,train
ENG_0997,"Please help, the app logs me out repeatedly",English,Account Issue,Account Support,Medium,English_Account Issue_07,43,8,test
HIN_0480,यह बहुत जरूरी है: ऑर्डर रद्द करने का बटन उपलब्ध नहीं है। मुझे जल्द से जल्द जानकारी चाहिए।,Hindi,Cancellation Issue,Order Management,Medium,Hindi_Cancellation Issue_02,89,18,test
ENG_0154,"Hello, my order has not arrived yet",English,Delivery Issue,Logistics Team,Medium,English_Delivery Issue_01,35,7,train
HGL_0940,Mujhe help chahiye kyunki mera account lock ho gaya hai.,Hinglish,Account Issue,Account Support,Medium,Hinglish_Account Issue_03,56,10,train
HGL_0509,Ye urgent hai: cancel karne ke baad bhi order ship ho gaya. Please jaldi resolve karo.,Hinglish,Cancellation Issue,Order Management,Medium,Hinglish_Cancellation Issue_04,86,16,train
HGL_0438,Mere bank account mein promised refund nahi aaya. Mujhe jaldi update chahiye.,Hinglish,Refund Issue,Refund Team,High,Hinglish_Refund Issue_10,77,12,train
ENG_0581,I need assistance because my order still appears active after cancellation Please resolve this.,English,Cancellation Issue,Order Management,Medium,English_Cancellation Issue_09,95,14,train
HIN_0271,कूरियर वाले ने पैकेज देने से मना कर दिया।,Hindi,Delivery Issue,Logistics Team,Medium,Hindi_Delivery Issue_09,41,9,validation
ENG_0704,This is urgent: the product quality is very poor Please resolve this.,English,Product Issue,Product Support,High,English_Product Issue_07,69,12,test
HIN_0013,यह बहुत जरूरी है: मेरे पैसे कट गए लेकिन ऑर्डर कन्फर्म नहीं हुआ।,Hindi,Payment Issue,Payments Team,High,Hindi_Payment Issue_01,63,13,train
ENG_0897,I need assistance because my return request was cancelled without explanation I need an update as soon as possible.,English,Return/Replacement,Returns Team,Medium,English_Return/Replacement_10,115,19,train
ENG_0488,"Please help, my cancellation request keeps failing Please resolve this.",English,Cancellation Issue,Order Management,Medium,English_Cancellation Issue_03,71,10,train
ENG_0560,"Hello, I want to cancel one item from my order Please resolve this.",English,Cancellation Issue,Order Management,Medium,English_Cancellation Issue_08,67,13,train
ENG_1142,I found an unfamiliar delivery address in my account Please resolve this.,English,Fraud/Security,Security Team,Critical,English_Fraud/Security_07,73,12,validation
ENG_1120,I need assistance because my saved card was used without permission,English,Fraud/Security,Security Team,Critical,English_Fraud/Security_05,67,11,test
HGL_0450,Ye urgent hai: mere bank account mein promised refund nahi aaya. Mujhe jaldi update chahiye.,Hinglish,Refund Issue,Refund Team,High,Hinglish_Refund Issue_10,92,15,train
ENG_0513,I accidentally placed an order and need to cancel it I need an update as soon as possible.,English,Cancellation Issue,Order Management,Medium,English_Cancellation Issue_05,90,18,train
ENG_0634,"Hello, I received the wrong product",English,Product Issue,Product Support,High,English_Product Issue_03,35,6,train
HGL_1194,"Please help, mere account se multiple unauthorised purchases hui hain. Mujhe jaldi update chahiye.",Hinglish,Fraud/Security,Security Team,Critical,Hinglish_Fraud/Security_10,98,14,test
HIN_0465,यह बहुत जरूरी है: मैं अपना ऑर्डर रद्द नहीं कर पा रही हूँ। मुझे जल्द से जल्द जानकारी चाहिए।,Hindi,Cancellation Issue,Order Management,Medium,Hindi_Cancellation Issue_01,90,19,validation
ENG_1013,"Please help, I cannot change the email linked to my account Please resolve this.",English,Account Issue,Account Support,Medium,English_Account Issue_08,80,14,test
HIN_0732,मुझे सहायता चाहिए क्योंकि उत्पाद का आकार या रंग मेरे ऑर्डर से अलग है। मुझे जल्द से जल्द जानकारी चाहिए।,Hindi,Product Issue,Product Support,High,Hindi_Product Issue_09,102,20,train
ENG_1151,I need assistance because I found an unfamiliar delivery address in my account Please resolve this.,English,Fraud/Security,Security Team,Critical,English_Fraud/Security_07,99,16,validation
HGL_0439,"Hello, mere bank account mein promised refund nahi aaya.",Hinglish,Refund Issue,Refund Team,High,Hinglish_Refund Issue_10,56,9,train
HGL_0967,"Please help, mera saved address disappear ho gaya.",Hinglish,Account Issue,Account Support,Medium,Hinglish_Account Issue_05,50,8,train
ENG_0117,I need assistance because I cannot complete the payment for my order I need an update as soon as possible.,English,Payment Issue,Payments Team,High,English_Payment Issue_08,106,20,train
ENG_0741,"Hello, the package was empty when it arrived I need an update as soon as possible.",English,Product Issue,Product Support,High,English_Product Issue_10,82,16,train
HGL_0914,Ye urgent hai: main apne account mein login nahi kar pa rahi hoon. Please jaldi resolve karo.,Hinglish,Account Issue,Account Support,Medium,Hinglish_Account Issue_01,93,17,train
HIN_0775,मुझे सहायता चाहिए क्योंकि मुझे खराब सामान का रिप्लेसमेंट चाहिए।,Hindi,Return/Replacement,Returns Team,Medium,Hindi_Return/Replacement_02,63,10,train
ENG_1082,My account appears to have been hacked Please resolve this.,English,Fraud/Security,Security Team,Critical,English_Fraud/Security_03,59,10,test
HIN_0611,मुझे सहायता चाहिए क्योंकि मुझे मिला हुआ उत्पाद खराब है। कृपया इसे जल्दी हल करें।,Hindi,Product Issue,Product Support,High,Hindi_Product Issue_01,80,15,test
ENG_0831,"Hello, the replacement order has not been shipped I need an update as soon as possible.",English,Return/Replacement,Returns Team,Medium,English_Return/Replacement_06,87,16,test
ENG_0120,This is urgent: I cannot complete the payment for my order I need an update as soon as possible.,English,Payment Issue,Payments Team,High,English_Payment Issue_08,96,19,train
ENG_0657,I need assistance because the product does not match its description I need an update as soon as possible.,English,Product Issue,Product Support,High,English_Product Issue_04,106,19,train
HGL_0875,"Hello, mujhe wrong replacement product mila. Please jaldi resolve karo.",Hinglish,Return/Replacement,Returns Team,Medium,Hinglish_Return/Replacement_09,71,10,train
HGL_0825,Ye urgent hai: mujhe item ko different size se exchange karna hai. Mujhe jaldi update chahiye.,Hinglish,Return/Replacement,Returns Team,Medium,Hinglish_Return/Replacement_05,94,16,train
HGL_1113,Mere saved card ko bina permission use kiya gaya. Mujhe jaldi update chahiye.,Hinglish,Fraud/Security,Security Team,Critical,Hinglish_Fraud/Security_05,77,13,train
ENG_0636,"Hello, I received the wrong product I need an update as soon as possible.",English,Product Issue,Product Support,High,English_Product Issue_03,73,14,train
ENG_0370,I need assistance because my return was accepted but the refund was not processed,English,Refund Issue,Refund Team,High,English_Refund Issue_05,81,14,train
ENG_0269,This is urgent: only part of my order was delivered Please resolve this.,English,Delivery Issue,Logistics Team,Medium,English_Delivery Issue_08,72,13,train
HGL_0304,"Hello, order cancel kiya but refund abhi tak nahi mila.",Hinglish,Refund Issue,Refund Team,High,Hinglish_Refund Issue_01,55,10,train
HGL_0584,Ye urgent hai: cancel karne ke baad bhi order active dikha raha hai. Please jaldi resolve karo.,Hinglish,Cancellation Issue,Order Management,Medium,Hinglish_Cancellation Issue_09,95,17,train
HGL_0471,"Hello, cancel button available nahi hai. Mujhe jaldi update chahiye.",Hinglish,Cancellation Issue,Order Management,Medium,Hinglish_Cancellation Issue_02,68,10,train
HGL_0515,"Hello, galti se order place hua aur mujhe cancel karna hai. Please jaldi resolve karo.",Hinglish,Cancellation Issue,Order Management,Medium,Hinglish_Cancellation Issue_05,86,15,test
ENG_0047,My card payment is stuck in processing Please resolve this.,English,Payment Issue,Payments Team,High,English_Payment Issue_04,59,10,validation
HGL_0931,Mera account lock ho gaya hai.,Hinglish,Account Issue,Account Support,Medium,Hinglish_Account Issue_03,30,6,train
ENG_0992,The app logs me out repeatedly Please resolve this.,English,Account Issue,Account Support,Medium,English_Account Issue_07,51,9,test
ENG_0877,"Please help, I received the wrong replacement product",English,Return/Replacement,Returns Team,Medium,English_Return/Replacement_09,53,8,train
ENG_0774,"Please help, I need a replacement for the damaged item I need an update as soon as possible.",English,Return/Replacement,Returns Team,Medium,English_Return/Replacement_02,92,18,train
HIN_0020,"नमस्ते, एक ही ऑर्डर के लिए दो बार पैसे कट गए। कृपया इसे जल्दी हल करें।",Hindi,Payment Issue,Payments Team,High,Hindi_Payment Issue_02,70,16,train
ENG_1127,Someone changed my account password Please resolve this.,English,Fraud/Security,Security Team,Critical,English_Fraud/Security_06,56,8,train
ENG_0005,"Hello, my payment was deducted but the order was not confirmed Please resolve this.",English,Payment Issue,Payments Team,High,English_Payment Issue_01,83,14,train
HGL_0652,"Please help, product description ke according nahi hai.",Hinglish,Product Issue,Product Support,High,Hinglish_Product Issue_04,55,8,train
HIN_0396,"नमस्ते, रिफंड गलत पेमेंट माध्यम में भेज दिया गया। मुझे जल्द से जल्द जानकारी चाहिए।",Hindi,Refund Issue,Refund Team,High,Hindi_Refund Issue_07,82,15,test
HIN_1112,मेरे सेव किए हुए कार्ड का बिना अनुमति उपयोग हुआ। कृपया इसे जल्दी हल करें।,Hindi,Fraud/Security,Security Team,Critical,Hindi_Fraud/Security_05,73,15,train
HGL_0641,Mujhe help chahiye kyunki mujhe wrong product deliver hua. Please jaldi resolve karo.,Hinglish,Product Issue,Product Support,High,Hinglish_Product Issue_03,85,13,validation
HGL_1186,Mere account se multiple unauthorised purchases hui hain.,Hinglish,Fraud/Security,Security Team,Critical,Hinglish_Fraud/Security_10,57,8,test
HGL_0092,Payment karne ke baad bhi order pending dikha raha hai. Please jaldi resolve karo.,Hinglish,Payment Issue,Payments Team,High,Hinglish_Payment Issue_07,82,14,test
HGL_0651,"Hello, product description ke according nahi hai. Mujhe jaldi update chahiye.",Hinglish,Product Issue,Product Support,High,Hinglish_Product Issue_04,77,11,train
ENG_1078,This is urgent: someone placed an order using my account,English,Fraud/Security,Security Team,Critical,English_Fraud/Security_02,56,10,train
ENG_0838,This is urgent: the replacement order has not been shipped,English,Return/Replacement,Returns Team,Medium,English_Return/Replacement_06,58,10,test
ENG_0682,"Please help, the item arrived with broken parts",English,Product Issue,Product Support,High,English_Product Issue_06,47,8,train
HIN_0516,"नमस्ते, गलती से किया गया ऑर्डर रद्द करना है। मुझे जल्द से जल्द जानकारी चाहिए।",Hindi,Cancellation Issue,Order Management,Medium,Hindi_Cancellation Issue_05,77,15,train
HIN_1153,यह बहुत जरूरी है: मेरे अकाउंट में एक अनजान डिलीवरी पता दिखाई दे रहा है।,Hindi,Fraud/Security,Security Team,Critical,Hindi_Fraud/Security_07,71,15,train
HGL_0218,"Please help, mera package same location par stuck hai. Please jaldi resolve karo.",Hinglish,Delivery Issue,Logistics Team,Medium,Hinglish_Delivery Issue_05,81,13,train
HIN_1162,"कृपया मदद करें, मुझे पेमेंट मांगने वाला संदिग्ध संदेश मिला।",Hindi,Fraud/Security,Security Team,Critical,Hindi_Fraud/Security_08,59,10,train
HIN_0998,"कृपया मदद करें, ऐप मुझे बार-बार लॉग आउट कर रहा है। कृपया इसे जल्दी हल करें।",Hindi,Account Issue,Account Support,Medium,Hindi_Account Issue_07,75,16,train
ENG_1149,"Please help, I found an unfamiliar delivery address in my account I need an update as soon as possible.",English,Fraud/Security,Security Team,Critical,English_Fraud/Security_07,103,19,validation
ENG_0575,"Hello, my order still appears active after cancellation Please resolve this.",English,Cancellation Issue,Order Management,Medium,English_Cancellation Issue_09,76,11,train
ENG_0051,"Hello, my card payment is stuck in processing I need an update as soon as possible.",English,Payment Issue,Payments Team,High,English_Payment Issue_04,83,16,validation
ENG_0854,This is urgent: the return window is incorrectly shown as closed Please resolve this.,English,Return/Replacement,Returns Team,Medium,English_Return/Replacement_07,85,14,test
HIN_0783,मेरा रिटर्न अनुरोध स्वीकार नहीं हो रहा है। मुझे जल्द से जल्द जानकारी चाहिए।,Hindi,Return/Replacement,Returns Team,Medium,Hindi_Return/Replacement_03,75,14,train
HGL_0375,Ye urgent hai: return accept hua but refund process nahi hua. Mujhe jaldi update chahiye.,Hinglish,Refund Issue,Refund Team,High,Hinglish_Refund Issue_05,89,15,validation
HIN_0624,"कृपया मदद करें, सामान काम नहीं कर रहा है। मुझे जल्द से जल्द जानकारी चाहिए।",Hindi,Product Issue,Product Support,High,Hindi_Product Issue_02,74,15,train
ENG_0834,"Please help, the replacement order has not been shipped I need an update as soon as possible.",English,Return/Replacement,Returns Team,Medium,English_Return/Replacement_06,93,17,test
ENG_1116,"Hello, my saved card was used without permission I need an update as soon as possible.",English,Fraud/Security,Security Team,Critical,English_Fraud/Security_05,86,16,test
ENG_1167,I need assistance because I received a suspicious message asking for payment I need an update as soon as possible.,English,Fraud/Security,Security Team,Critical,English_Fraud/Security_08,114,20,train
HGL_0119,Ye urgent hai: main apne order ka payment complete nahi kar pa rahi hoon. Please jaldi resolve karo.,Hinglish,Payment Issue,Payments Team,High,Hinglish_Payment Issue_08,100,18,train
HIN_0707,मुझे एक्सपायर हो चुका उत्पाद मिला। कृपया इसे जल्दी हल करें।,Hindi,Product Issue,Product Support,High,Hindi_Product Issue_08,59,11,train
ENG_0972,I need assistance because my saved address has disappeared I need an update as soon as possible.,English,Account Issue,Account Support,Medium,English_Account Issue_05,96,17,train
HGL_0302,Order cancel kiya but refund abhi tak nahi mila. Please jaldi resolve karo.,Hinglish,Refund Issue,Refund Team,High,Hinglish_Refund Issue_01,75,13,train
ENG_0400,I need assistance because the refund was sent to the wrong payment method,English,Refund Issue,Refund Team,High,English_Refund Issue_07,73,13,train
HGL_0160,Mujhe help chahiye kyunki mera order abhi tak deliver nahi hua.,Hinglish,Delivery Issue,Logistics Team,Medium,Hinglish_Delivery Issue_01,63,11,train
HIN_1169,यह बहुत जरूरी है: मुझे पेमेंट मांगने वाला संदिग्ध संदेश मिला। कृपया इसे जल्दी हल करें।,Hindi,Fraud/Security,Security Team,Critical,Hindi_Fraud/Security_08,86,16,train
ENG_0020,"Hello, I was charged twice for the same order Please resolve this.",English,Payment Issue,Payments Team,High,English_Payment Issue_02,66,12,train
ENG_0685,I need assistance because the item arrived with broken parts,English,Product Issue,Product Support,High,English_Product Issue_06,60,10,train
ENG_0036,"Hello, the payment failed but money was taken from my account I need an update as soon as possible.",English,Payment Issue,Payments Team,High,English_Payment Issue_03,99,19,test
HGL_0551,Mujhe help chahiye kyunki app mein cancellation option show nahi ho raha. Please jaldi resolve karo.,Hinglish,Cancellation Issue,Order Management,Medium,Hinglish_Cancellation Issue_07,100,16,train
HGL_0995,"Hello, app mujhe baar baar logout kar raha hai. Please jaldi resolve karo.",Hinglish,Account Issue,Account Support,Medium,Hinglish_Account Issue_07,74,13,train
HGL_0476,Mujhe help chahiye kyunki cancel button available nahi hai. Please jaldi resolve karo.,Hinglish,Cancellation Issue,Order Management,Medium,Hinglish_Cancellation Issue_02,86,13,train
ENG_0525,This is urgent: I accidentally placed an order and need to cancel it I need an update as soon as possible.,English,Cancellation Issue,Order Management,Medium,English_Cancellation Issue_05,106,21,train
HGL_0056,Mujhe help chahiye kyunki mera card payment processing mein stuck hai. Please jaldi resolve karo.,Hinglish,Payment Issue,Payments Team,High,Hinglish_Payment Issue_04,97,15,train
ENG_0921,"Hello, I am not receiving the login OTP I need an update as soon as possible.",English,Account Issue,Account Support,Medium,English_Account Issue_02,77,16,train
HIN_0642,मुझे सहायता चाहिए क्योंकि मुझे गलत उत्पाद भेजा गया। मुझे जल्द से जल्द जानकारी चाहिए।,Hindi,Product Issue,Product Support,High,Hindi_Product Issue_03,84,15,train
HIN_0691,उत्पाद की गुणवत्ता बहुत खराब है।,Hindi,Product Issue,Product Support,High,Hindi_Product Issue_07,32,6,validation
ENG_0538,This is urgent: the seller rejected my cancellation request,English,Cancellation Issue,Order Management,Medium,English_Cancellation Issue_06,59,9,validation
HGL_0407,Mujhe expected amount se kam refund mila. Please jaldi resolve karo.,Hinglish,Refund Issue,Refund Team,High,Hinglish_Refund Issue_08,68,11,train
HIN_0506,मुझे सहायता चाहिए क्योंकि कैंसलेशन के बाद भी ऑर्डर भेज दिया गया। कृपया इसे जल्दी हल करें।,Hindi,Cancellation Issue,Order Management,Medium,Hindi_Cancellation Issue_04,89,17,train
HGL_1112,Mere saved card ko bina permission use kiya gaya. Please jaldi resolve karo.,Hinglish,Fraud/Security,Security Team,Critical,Hinglish_Fraud/Security_05,76,13,train
HGL_0711,"Hello, mujhe expired product mila hai. Mujhe jaldi update chahiye.",Hinglish,Product Issue,Product Support,High,Hinglish_Product Issue_08,66,10,test
ENG_0246,"Hello, my order was sent to the wrong address I need an update as soon as possible.",English,Delivery Issue,Logistics Team,Medium,English_Delivery Issue_07,83,17,train
ENG_0785,"Hello, the return request is not being accepted Please resolve this.",English,Return/Replacement,Returns Team,Medium,English_Return/Replacement_03,68,11,train
HIN_0210,यह बहुत जरूरी है: कूरियर वाले ने मुझसे संपर्क नहीं किया। मुझे जल्द से जल्द जानकारी चाहिए।,Hindi,Delivery Issue,Logistics Team,Medium,Hindi_Delivery Issue_04,89,17,test
HGL_0138,Mere order ke liye wrong amount charge hua hai. Mujhe jaldi update chahiye.,Hinglish,Payment Issue,Payments Team,High,Hinglish_Payment Issue_10,75,13,train
ENG_0155,"Hello, my order has not arrived yet Please resolve this.",English,Delivery Issue,Logistics Team,Medium,English_Delivery Issue_01,56,10,train
HGL_0610,Mujhe help chahiye kyunki mujhe damaged product mila hai.,Hinglish,Product Issue,Product Support,High,Hinglish_Product Issue_01,57,9,train
HIN_0487,"कृपया मदद करें, कैंसलेशन अनुरोध बार-बार फेल हो रहा है।",Hindi,Cancellation Issue,Order Management,Medium,Hindi_Cancellation Issue_03,54,10,train
HGL_0502,"Please help, cancel karne ke baad bhi order ship ho gaya.",Hinglish,Cancellation Issue,Order Management,Medium,Hinglish_Cancellation Issue_04,57,11,train
ENG_0626,I need assistance because the item is defective and does not work Please resolve this.,English,Product Issue,Product Support,High,English_Product Issue_02,86,15,train
HGL_0334,"Hello, mujhe sirf partial refund mila hai.",Hinglish,Refund Issue,Refund Team,High,Hinglish_Refund Issue_03,42,7,train
HGL_1049,Ye urgent hai: same number se accidentally do accounts create ho gaye. Please jaldi resolve karo.,Hinglish,Account Issue,Account Support,Medium,Hinglish_Account Issue_10,97,16,validation
HIN_0147,मुझे सहायता चाहिए क्योंकि मेरी खरीदारी के लिए गलत राशि ली गई। मुझे जल्द से जल्द जानकारी चाहिए।,Hindi,Payment Issue,Payments Team,High,Hindi_Payment Issue_10,94,18,test
ENG_0570,This is urgent: I want to cancel one item from my order I need an update as soon as possible.,English,Cancellation Issue,Order Management,Medium,English_Cancellation Issue_08,93,20,train
HGL_1114,"Hello, mere saved card ko bina permission use kiya gaya.",Hinglish,Fraud/Security,Security Team,Critical,Hinglish_Fraud/Security_05,56,10,train
HIN_0559,"नमस्ते, मैं ऑर्डर में से एक सामान रद्द करना चाहती हूँ।",Hindi,Cancellation Issue,Order Management,Medium,Hindi_Cancellation Issue_08,54,11,train
HIN_0617,सामान काम नहीं कर रहा है। कृपया इसे जल्दी हल करें।,Hindi,Product Issue,Product Support,High,Hindi_Product Issue_02,50,11,train
HIN_0866,मुझे सहायता चाहिए क्योंकि कूरियर वाले ने रिटर्न लेने से मना कर दिया। कृपया इसे जल्दी हल करें।,Hindi,Return/Replacement,Returns Team,Medium,Hindi_Return/Replacement_08,93,18,train
ENG_0128,"Please help, the payment page keeps failing during checkout Please resolve this.",English,Payment Issue,Payments Team,High,English_Payment Issue_09,80,12,train
HGL_1171,Fake customer care agent ne bank details maangi.,Hinglish,Fraud/Security,Security Team,Critical,Hinglish_Fraud/Security_09,48,8,train
HIN_0807,मुझे सहायता चाहिए क्योंकि रिटर्न के लिए पिकअप अभी तक नहीं हुआ। मुझे जल्द से जल्द जानकारी चाहिए।,Hindi,Return/Replacement,Returns Team,Medium,Hindi_Return/Replacement_04,95,18,validation
HGL_0576,"Hello, cancel karne ke baad bhi order active dikha raha hai. Mujhe jaldi update chahiye.",Hinglish,Cancellation Issue,Order Management,Medium,Hinglish_Cancellation Issue_09,88,15,train
ENG_0981,"Hello, I forgot my password and cannot reset it I need an update as soon as possible.",English,Account Issue,Account Support,Medium,English_Account Issue_06,85,17,train
HGL_1167,Mujhe help chahiye kyunki mujhe payment maangne wala suspicious message mila. Mujhe jaldi update chahiye.,Hinglish,Fraud/Security,Security Team,Critical,Hinglish_Fraud/Security_08,105,15,train
ENG_0191,I need assistance because tracking shows delivered but I did not receive the package Please resolve this.,English,Delivery Issue,Logistics Team,Medium,English_Delivery Issue_03,105,17,train
ENG_1140,This is urgent: someone changed my account password I need an update as soon as possible.,English,Fraud/Security,Security Team,Critical,English_Fraud/Security_06,89,16,train
ENG_0993,The app logs me out repeatedly I need an update as soon as possible.,English,Account Issue,Account Support,Medium,English_Account Issue_07,68,14,test
ENG_0700,I need assistance because the product quality is very poor,English,Product Issue,Product Support,High,English_Product Issue_07,58,10,test
HGL_0876,"Hello, mujhe wrong replacement product mila. Mujhe jaldi update chahiye.",Hinglish,Return/Replacement,Returns Team,Medium,Hinglish_Return/Replacement_09,72,10,train
ENG_0607,"Please help, the product I received is damaged",English,Product Issue,Product Support,High,English_Product Issue_01,46,8,validation
ENG_0181,Tracking shows delivered but I did not receive the package,English,Delivery Issue,Logistics Team,Medium,English_Delivery Issue_03,58,10,train
ENG_0302,I cancelled my order but have not received the refund Please resolve this.,English,Refund Issue,Refund Team,High,English_Refund Issue_01,74,13,train
HGL_0145,Mujhe help chahiye kyunki mere order ke liye wrong amount charge hua hai.,Hinglish,Payment Issue,Payments Team,High,Hinglish_Payment Issue_10,73,13,train
HGL_0932,Mera account lock ho gaya hai. Please jaldi resolve karo.,Hinglish,Account Issue,Account Support,Medium,Hinglish_Account Issue_03,57,10,train
ENG_1061,I need assistance because there is an unknown transaction on my account Please resolve this.,English,Fraud/Security,Security Team,Critical,English_Fraud/Security_01,92,15,train
HGL_0983,"Please help, main password reset nahi kar pa rahi hoon. Please jaldi resolve karo.",Hinglish,Account Issue,Account Support,Medium,Hinglish_Account Issue_06,82,14,train
HGL_1051,Mere account mein unknown transaction hua hai.,Hinglish,Fraud/Security,Security Team,Critical,Hinglish_Fraud/Security_01,46,7,train
HGL_0166,Promised date ke baad bhi package nahi aaya.,Hinglish,Delivery Issue,Logistics Team,Medium,Hinglish_Delivery Issue_02,44,8,train
ENG_1070,"Hello, someone placed an order using my account Please resolve this.",English,Fraud/Security,Security Team,Critical,English_Fraud/Security_02,68,11,train
HGL_0125,"Hello, checkout ke time payment page baar baar fail ho raha hai. Please jaldi resolve karo.",Hinglish,Payment Issue,Payments Team,High,Hinglish_Payment Issue_09,91,16,validation
HIN_1006,मैं अकाउंट से जुड़ा ईमेल नहीं बदल पा रही हूँ।,Hindi,Account Issue,Account Support,Medium,Hindi_Account Issue_08,45,10,test
HIN_0044,यह बहुत जरूरी है: पेमेंट फेल हो गया लेकिन खाते से पैसे कट गए। कृपया इसे जल्दी हल करें।,Hindi,Payment Issue,Payments Team,High,Hindi_Payment Issue_03,86,19,train
ENG_0017,I was charged twice for the same order Please resolve this.,English,Payment Issue,Payments Team,High,English_Payment Issue_02,59,11,train
HGL_0721,Product ka size ya colour order se different hai.,Hinglish,Product Issue,Product Support,High,Hinglish_Product Issue_09,49,9,train
HGL_1174,"Hello, fake customer care agent ne bank details maangi.",Hinglish,Fraud/Security,Security Team,Critical,Hinglish_Fraud/Security_09,55,9,train
ENG_0547,"Please help, the app is not showing the cancellation option",English,Cancellation Issue,Order Management,Medium,English_Cancellation Issue_07,59,10,test
ENG_0659,This is urgent: the product does not match its description Please resolve this.,English,Product Issue,Product Support,High,English_Product Issue_04,79,13,train
HGL_0840,Ye urgent hai: replacement order abhi tak ship nahi hua. Mujhe jaldi update chahiye.,Hinglish,Return/Replacement,Returns Team,Medium,Hinglish_Return/Replacement_06,84,14,train
HGL_0668,"Please help, package mein ek accessory missing hai. Please jaldi resolve karo.",Hinglish,Product Issue,Product Support,High,Hinglish_Product Issue_05,78,12,train
HGL_0881,Mujhe help chahiye kyunki mujhe wrong replacement product mila. Please jaldi resolve karo.,Hinglish,Return/Replacement,Returns Team,Medium,Hinglish_Return/Replacement_09,90,13,train
HIN_0305,"नमस्ते, मैंने ऑर्डर रद्द किया लेकिन रिफंड नहीं मिला। कृपया इसे जल्दी हल करें।",Hindi,Refund Issue,Refund Team,High,Hindi_Refund Issue_01,77,14,train
ENG_0960,This is urgent: I cannot update my phone number I need an update as soon as possible.,English,Account Issue,Account Support,Medium,English_Account Issue_04,85,17,train
HGL_0527,Seller ne meri cancellation request reject kar di. Please jaldi resolve karo.,Hinglish,Cancellation Issue,Order Management,Medium,Hinglish_Cancellation Issue_06,77,12,validation
HIN_1132,"कृपया मदद करें, किसी ने मेरे अकाउंट का पासवर्ड बदल दिया।",Hindi,Fraud/Security,Security Team,Critical,Hindi_Fraud/Security_06,56,11,train
ENG_0798,The pickup for my return has not happened I need an update as soon as possible.,English,Return/Replacement,Returns Team,Medium,English_Return/Replacement_04,79,16,validation
ENG_0226,The delivery date keeps changing,English,Delivery Issue,Logistics Team,Medium,English_Delivery Issue_06,32,5,train
HIN_0875,"नमस्ते, मुझे गलत रिप्लेसमेंट उत्पाद मिला। कृपया इसे जल्दी हल करें।",Hindi,Return/Replacement,Returns Team,Medium,Hindi_Return/Replacement_09,66,11,train
HIN_0600,यह बहुत जरूरी है: ऑर्डर रद्द करने पर मुझसे शुल्क लिया गया। मुझे जल्द से जल्द जानकारी चाहिए।,Hindi,Cancellation Issue,Order Management,Medium,Hindi_Cancellation Issue_10,91,18,train
HGL_0086,Mujhe help chahiye kyunki UPI payment successful tha but order place nahi hua. Please jaldi resolve karo.,Hinglish,Payment Issue,Payments Team,High,Hinglish_Payment Issue_06,105,17,train
HGL_1152,Mujhe help chahiye kyunki account mein unknown delivery address add hua hai. Mujhe jaldi update chahiye.,Hinglish,Fraud/Security,Security Team,Critical,Hinglish_Fraud/Security_07,104,16,train
HIN_1078,यह बहुत जरूरी है: किसी ने मेरे अकाउंट से ऑर्डर किया है।,Hindi,Fraud/Security,Security Team,Critical,Hindi_Fraud/Security_02,55,12,test
HIN_0886,मेरा रिटर्न अनुरोध बिना कारण रद्द कर दिया गया।,Hindi,Return/Replacement,Returns Team,Medium,Hindi_Return/Replacement_10,46,9,train
HIN_0494,यह बहुत जरूरी है: कैंसलेशन अनुरोध बार-बार फेल हो रहा है। कृपया इसे जल्दी हल करें।,Hindi,Cancellation Issue,Order Management,Medium,Hindi_Cancellation Issue_03,81,16,train
HGL_0398,"Please help, refund wrong payment method mein bheja gaya. Please jaldi resolve karo.",Hinglish,Refund Issue,Refund Team,High,Hinglish_Refund Issue_07,84,13,train
ENG_1046,I need assistance because I accidentally created two accounts with the same number Please resolve this.,English,Account Issue,Account Support,Medium,English_Account Issue_10,103,16,train
ENG_0470,"Hello, the cancel button is not available Please resolve this.",English,Cancellation Issue,Order Management,Medium,English_Cancellation Issue_02,62,10,train
ENG_0955,I need assistance because I cannot update my phone number,English,Account Issue,Account Support,Medium,English_Account Issue_04,57,10,train
HGL_1170,Ye urgent hai: mujhe payment maangne wala suspicious message mila. Mujhe jaldi update chahiye.,Hinglish,Fraud/Security,Security Team,Critical,Hinglish_Fraud/Security_08,94,14,train
HGL_0336,"Hello, mujhe sirf partial refund mila hai. Mujhe jaldi update chahiye.",Hinglish,Refund Issue,Refund Team,High,Hinglish_Refund Issue_03,70,11,train
HGL_1057,"Please help, mere account mein unknown transaction hua hai.",Hinglish,Fraud/Security,Security Team,Critical,Hinglish_Fraud/Security_01,59,9,train
ENG_0640,I need assistance because I received the wrong product,English,Product Issue,Product Support,High,English_Product Issue_03,54,9,train
HGL_0935,"Hello, mera account lock ho gaya hai. Please jaldi resolve karo.",Hinglish,Account Issue,Account Support,Medium,Hinglish_Account Issue_03,64,11,train
HIN_0019,"नमस्ते, एक ही ऑर्डर के लिए दो बार पैसे कट गए।",Hindi,Payment Issue,Payments Team,High,Hindi_Payment Issue_02,45,11,train
ENG_1159,"Hello, I received a suspicious message asking for payment",English,Fraud/Security,Security Team,Critical,English_Fraud/Security_08,57,9,train
HIN_0216,"नमस्ते, मेरा पैकेज कई दिनों से एक ही जगह अटका है। मुझे जल्द से जल्द जानकारी चाहिए।",Hindi,Delivery Issue,Logistics Team,Medium,Hindi_Delivery Issue_05,82,17,train
HGL_0852,Mujhe help chahiye kyunki return window galat closed show ho rahi hai. Mujhe jaldi update chahiye.,Hinglish,Return/Replacement,Returns Team,Medium,Hinglish_Return/Replacement_07,98,16,test
HIN_0328,यह बहुत जरूरी है: मेरा रिफंड अभी भी पेंडिंग है।,Hindi,Refund Issue,Refund Team,High,Hindi_Refund Issue_02,47,10,train
HGL_1102,"Please help, mujhe aisi purchase ka OTP mila jo maine nahi ki.",Hinglish,Fraud/Security,Security Team,Critical,Hinglish_Fraud/Security_04,62,12,validation
HIN_0101,मुझे सहायता चाहिए क्योंकि ऑर्डर में पेमेंट अभी भी पेंडिंग दिख रहा है। कृपया इसे जल्दी हल करें।,Hindi,Payment Issue,Payments Team,High,Hindi_Payment Issue_07,94,18,validation
HGL_1038,Same number se accidentally do accounts create ho gaye. Mujhe jaldi update chahiye.,Hinglish,Account Issue,Account Support,Medium,Hinglish_Account Issue_10,83,13,validation
HGL_0449,Ye urgent hai: mere bank account mein promised refund nahi aaya. Please jaldi resolve karo.,Hinglish,Refund Issue,Refund Team,High,Hinglish_Refund Issue_10,91,15,train
HIN_0404,यह बहुत जरूरी है: रिफंड गलत पेमेंट माध्यम में भेज दिया गया। कृपया इसे जल्दी हल करें।,Hindi,Refund Issue,Refund Team,High,Hindi_Refund Issue_07,84,17,test
ENG_0161,I need assistance because my order has not arrived yet Please resolve this.,English,Delivery Issue,Logistics Team,Medium,English_Delivery Issue_01,75,13,train
HIN_0505,मुझे सहायता चाहिए क्योंकि कैंसलेशन के बाद भी ऑर्डर भेज दिया गया।,Hindi,Cancellation Issue,Order Management,Medium,Hindi_Cancellation Issue_04,64,12,train
ENG_0957,I need assistance because I cannot update my phone number I need an update as soon as possible.,English,Account Issue,Account Support,Medium,English_Account Issue_04,95,18,train
HGL_0835,Mujhe help chahiye kyunki replacement order abhi tak ship nahi hua.,Hinglish,Return/Replacement,Returns Team,Medium,Hinglish_Return/Replacement_06,67,11,train
HGL_0470,"Hello, cancel button available nahi hai. Please jaldi resolve karo.",Hinglish,Cancellation Issue,Order Management,Medium,Hinglish_Cancellation Issue_02,67,10,train
HGL_1095,Ye urgent hai: lagta hai mera account hack ho gaya hai. Mujhe jaldi update chahiye.,Hinglish,Fraud/Security,Security Team,Critical,Hinglish_Fraud/Security_03,83,15,test
ENG_0878,"Please help, I received the wrong replacement product Please resolve this.",English,Return/Replacement,Returns Team,Medium,English_Return/Replacement_09,74,11,train
HIN_0720,यह बहुत जरूरी है: मुझे एक्सपायर हो चुका उत्पाद मिला। मुझे जल्द से जल्द जानकारी चाहिए।,Hindi,Product Issue,Product Support,High,Hindi_Product Issue_08,85,16,train
HGL_0562,"Please help, mujhe order ka ek item cancel karna hai.",Hinglish,Cancellation Issue,Order Management,Medium,Hinglish_Cancellation Issue_08,53,10,train
HIN_0685,मुझे सहायता चाहिए क्योंकि उत्पाद के कुछ हिस्से टूटे हुए हैं।,Hindi,Product Issue,Product Support,High,Hindi_Product Issue_06,60,11,train
HIN_1001,मुझे सहायता चाहिए क्योंकि ऐप मुझे बार-बार लॉग आउट कर रहा है। कृपया इसे जल्दी हल करें।,Hindi,Account Issue,Account Support,Medium,Hindi_Account Issue_07,85,17,train
ENG_0099,"Please help, cash was charged even though the order shows payment pending I need an update as soon as possible.",English,Payment Issue,Payments Team,High,English_Payment Issue_07,111,20,test
HGL_0993,App mujhe baar baar logout kar raha hai. Mujhe jaldi update chahiye.,Hinglish,Account Issue,Account Support,Medium,Hinglish_Account Issue_07,68,12,train
HGL_0158,"Please help, mera order abhi tak deliver nahi hua. Please jaldi resolve karo.",Hinglish,Delivery Issue,Logistics Team,Medium,Hinglish_Delivery Issue_01,77,13,train
HGL_0784,"Hello, meri return request accept nahi ho rahi.",Hinglish,Return/Replacement,Returns Team,Medium,Hinglish_Return/Replacement_03,47,8,train
ENG_0254,This is urgent: my order was sent to the wrong address Please resolve this.,English,Delivery Issue,Logistics Team,Medium,English_Delivery Issue_07,75,14,train
ENG_0104,This is urgent: cash was charged even though the order shows payment pending Please resolve this.,English,Payment Issue,Payments Team,High,English_Payment Issue_07,97,16,test
HIN_0246,"नमस्ते, मेरा ऑर्डर गलत पते पर भेज दिया गया। मुझे जल्द से जल्द जानकारी चाहिए।",Hindi,Delivery Issue,Logistics Team,Medium,Hindi_Delivery Issue_07,76,15,train
HIN_0244,"नमस्ते, मेरा ऑर्डर गलत पते पर भेज दिया गया।",Hindi,Delivery Issue,Logistics Team,Medium,Hindi_Delivery Issue_07,43,9,train
HIN_0449,यह बहुत जरूरी है: मेरे बैंक खाते में रिफंड नहीं आया है। कृपया इसे जल्दी हल करें।,Hindi,Refund Issue,Refund Team,High,Hindi_Refund Issue_10,80,17,train
ENG_0587,I was charged a fee for cancelling the order Please resolve this.,English,Cancellation Issue,Order Management,Medium,English_Cancellation Issue_10,65,12,train
ENG_0628,This is urgent: the item is defective and does not work,English,Product Issue,Product Support,High,English_Product Issue_02,55,11,train
HIN_0497,कैंसलेशन के बाद भी ऑर्डर भेज दिया गया। कृपया इसे जल्दी हल करें।,Hindi,Cancellation Issue,Order Management,Medium,Hindi_Cancellation Issue_04,63,13,train
HGL_0792,Mujhe help chahiye kyunki meri return request accept nahi ho rahi. Mujhe jaldi update chahiye.,Hinglish,Return/Replacement,Returns Team,Medium,Hinglish_Return/Replacement_03,94,15,train
HIN_0902,मैं अपने अकाउंट में लॉग इन नहीं कर पा रही हूँ। कृपया इसे जल्दी हल करें।,Hindi,Account Issue,Account Support,Medium,Hindi_Account Issue_01,71,16,test
HIN_1000,मुझे सहायता चाहिए क्योंकि ऐप मुझे बार-बार लॉग आउट कर रहा है।,Hindi,Account Issue,Account Support,Medium,Hindi_Account Issue_07,60,12,train
ENG_0404,This is urgent: the refund was sent to the wrong payment method Please resolve this.,English,Refund Issue,Refund Team,High,English_Refund Issue_07,84,15,train
ENG_1155,This is urgent: I found an unfamiliar delivery address in my account I need an update as soon as possible.,English,Fraud/Security,Security Team,Critical,English_Fraud/Security_07,106,20,validation
HIN_1056,"नमस्ते, मेरे अकाउंट में एक अनजान लेन-देन हुआ है। मुझे जल्द से जल्द जानकारी चाहिए।",Hindi,Fraud/Security,Security Team,Critical,Hindi_Fraud/Security_01,81,15,test
HGL_0464,Ye urgent hai: main apna order cancel nahi kar pa rahi hoon. Please jaldi resolve karo.,Hinglish,Cancellation Issue,Order Management,Medium,Hinglish_Cancellation Issue_01,87,16,test
HIN_0483,कैंसलेशन अनुरोध बार-बार फेल हो रहा है। मुझे जल्द से जल्द जानकारी चाहिए।,Hindi,Cancellation Issue,Order Management,Medium,Hindi_Cancellation Issue_03,71,13,train
HGL_0771,"Hello, damaged item ka replacement chahiye. Mujhe jaldi update chahiye.",Hinglish,Return/Replacement,Returns Team,Medium,Hinglish_Return/Replacement_02,71,10,train
HIN_0857,कूरियर वाले ने रिटर्न लेने से मना कर दिया। कृपया इसे जल्दी हल करें।,Hindi,Return/Replacement,Returns Team,Medium,Hindi_Return/Replacement_08,67,14,train
HGL_0663,Package mein ek accessory missing hai. Mujhe jaldi update chahiye.,Hinglish,Product Issue,Product Support,High,Hinglish_Product Issue_05,66,10,train
HGL_1013,"Please help, main linked email change nahi kar pa rahi hoon. Please jaldi resolve karo.",Hinglish,Account Issue,Account Support,Medium,Hinglish_Account Issue_08,87,15,test
HGL_0709,"Hello, mujhe expired product mila hai.",Hinglish,Product Issue,Product Support,High,Hinglish_Product Issue_08,38,6,test
ENG_0453,I am unable to cancel my order I need an update as soon as possible.,English,Cancellation Issue,Order Management,Medium,English_Cancellation Issue_01,68,15,train
HIN_1102,"कृपया मदद करें, मुझे ऐसी खरीदारी का ओटीपी मिला जो मैंने नहीं की।",Hindi,Fraud/Security,Security Team,Critical,Hindi_Fraud/Security_04,64,13,validation
HIN_0128,"कृपया मदद करें, चेकआउट के समय पेमेंट पेज बार-बार फेल हो रहा है। कृपया इसे जल्दी हल करें।",Hindi,Payment Issue,Payments Team,High,Hindi_Payment Issue_09,88,18,test
HGL_0545,"Hello, app mein cancellation option show nahi ho raha. Please jaldi resolve karo.",Hinglish,Cancellation Issue,Order Management,Medium,Hinglish_Cancellation Issue_07,81,13,train
HIN_0850,मुझे सहायता चाहिए क्योंकि रिटर्न की समय सीमा गलत तरीके से बंद दिखाई जा रही है।,Hindi,Return/Replacement,Returns Team,Medium,Hindi_Return/Replacement_07,78,16,test
ENG_0881,I need assistance because I received the wrong replacement product Please resolve this.,English,Return/Replacement,Returns Team,Medium,English_Return/Replacement_09,87,13,train
HGL_1098,Mujhe aisi purchase ka OTP mila jo maine nahi ki. Mujhe jaldi update chahiye.,Hinglish,Fraud/Security,Security Team,Critical,Hinglish_Fraud/Security_04,77,14,validation
ENG_0624,"Please help, the item is defective and does not work I need an update as soon as possible.",English,Product Issue,Product Support,High,English_Product Issue_02,90,18,train
HIN_1194,"कृपया मदद करें, मेरे अकाउंट से कई अनधिकृत खरीदारी हुई हैं। मुझे जल्द से जल्द जानकारी चाहिए।",Hindi,Fraud/Security,Security Team,Critical,Hindi_Fraud/Security_10,91,17,train
HGL_0926,Mujhe help chahiye kyunki mujhe login OTP receive nahi ho raha. Please jaldi resolve karo.,Hinglish,Account Issue,Account Support,Medium,Hinglish_Account Issue_02,90,15,test
HIN_0588,ऑर्डर रद्द करने पर मुझसे शुल्क लिया गया। मुझे जल्द से जल्द जानकारी चाहिए।,Hindi,Cancellation Issue,Order Management,Medium,Hindi_Cancellation Issue_10,73,14,train
ENG_0263,"Please help, only part of my order was delivered Please resolve this.",English,Delivery Issue,Logistics Team,Medium,English_Delivery Issue_08,69,12,train
HIN_0435,यह बहुत जरूरी है: कई दिनों से रिफंड की स्थिति नहीं बदली है। मुझे जल्द से जल्द जानकारी चाहिए।,Hindi,Refund Issue,Refund Team,High,Hindi_Refund Issue_09,92,19,validation
HIN_0239,यह बहुत जरूरी है: डिलीवरी की तारीख बार-बार बदल रही है। कृपया इसे जल्दी हल करें।,Hindi,Delivery Issue,Logistics Team,Medium,Hindi_Delivery Issue_06,79,16,train
HIN_0999,"कृपया मदद करें, ऐप मुझे बार-बार लॉग आउट कर रहा है। मुझे जल्द से जल्द जानकारी चाहिए।",Hindi,Account Issue,Account Support,Medium,Hindi_Account Issue_07,83,17,train
HIN_0770,"नमस्ते, मुझे खराब सामान का रिप्लेसमेंट चाहिए। कृपया इसे जल्दी हल करें।",Hindi,Return/Replacement,Returns Team,Medium,Hindi_Return/Replacement_02,70,12,train
HGL_0121,Checkout ke time payment page baar baar fail ho raha hai.,Hinglish,Payment Issue,Payments Team,High,Hinglish_Payment Issue_09,57,11,validation
HIN_0603,मुझे मिला हुआ उत्पाद खराब है। मुझे जल्द से जल्द जानकारी चाहिए।,Hindi,Product Issue,Product Support,High,Hindi_Product Issue_01,62,12,test
ENG_0641,I need assistance because I received the wrong product Please resolve this.,English,Product Issue,Product Support,High,English_Product Issue_03,75,12,train
HGL_1184,Ye urgent hai: fake customer care agent ne bank details maangi. Please jaldi resolve karo.,Hinglish,Fraud/Security,Security Team,Critical,Hinglish_Fraud/Security_09,90,15,train
HIN_1186,मेरे अकाउंट से कई अनधिकृत खरीदारी हुई हैं।,Hindi,Fraud/Security,Security Team,Critical,Hindi_Fraud/Security_10,42,8,train
HGL_0199,"Hello, courier person ne mujhse contact nahi kiya.",Hinglish,Delivery Issue,Logistics Team,Medium,Hinglish_Delivery Issue_04,50,8,test
HGL_0996,"Hello, app mujhe baar baar logout kar raha hai. Mujhe jaldi update chahiye.",Hinglish,Account Issue,Account Support,Medium,Hinglish_Account Issue_07,75,13,train
HIN_0760,मुझे सहायता चाहिए क्योंकि मैं इस उत्पाद को वापस करना चाहती हूँ।,Hindi,Return/Replacement,Returns Team,Medium,Hindi_Return/Replacement_01,63,12,train
HGL_0577,"Please help, cancel karne ke baad bhi order active dikha raha hai.",Hinglish,Cancellation Issue,Order Management,Medium,Hinglish_Cancellation Issue_09,66,12,train
ENG_0489,"Please help, my cancellation request keeps failing I need an update as soon as possible.",English,Cancellation Issue,Order Management,Medium,English_Cancellation Issue_03,88,15,train
HIN_0644,यह बहुत जरूरी है: मुझे गलत उत्पाद भेजा गया। कृपया इसे जल्दी हल करें।,Hindi,Product Issue,Product Support,High,Hindi_Product Issue_03,68,14,train
HIN_0535,मुझे सहायता चाहिए क्योंकि विक्रेता ने मेरा कैंसलेशन अनुरोध अस्वीकार कर दिया।,Hindi,Cancellation Issue,Order Management,Medium,Hindi_Cancellation Issue_06,76,12,train
HGL_0512,Galti se order place hua aur mujhe cancel karna hai. Please jaldi resolve karo.,Hinglish,Cancellation Issue,Order Management,Medium,Hinglish_Cancellation Issue_05,79,14,test
HGL_0820,Mujhe help chahiye kyunki mujhe item ko different size se exchange karna hai.,Hinglish,Return/Replacement,Returns Team,Medium,Hinglish_Return/Replacement_05,77,13,train
ENG_0147,I need assistance because the wrong amount was charged for my purchase I need an update as soon as possible.,English,Payment Issue,Payments Team,High,English_Payment Issue_10,108,20,train
HIN_0335,"नमस्ते, मुझे रिफंड की केवल कुछ राशि मिली है। कृपया इसे जल्दी हल करें।",Hindi,Refund Issue,Refund Team,High,Hindi_Refund Issue_03,69,14,train
HIN_0787,"कृपया मदद करें, मेरा रिटर्न अनुरोध स्वीकार नहीं हो रहा है।",Hindi,Return/Replacement,Returns Team,Medium,Hindi_Return/Replacement_03,58,11,train
HIN_0170,"नमस्ते, ऑर्डर तय तारीख के बाद भी डिलीवर नहीं हुआ। कृपया इसे जल्दी हल करें।",Hindi,Delivery Issue,Logistics Team,Medium,Hindi_Delivery Issue_02,74,15,train
HGL_0051,"Hello, mera card payment processing mein stuck hai. Mujhe jaldi update chahiye.",Hinglish,Payment Issue,Payments Team,High,Hinglish_Payment Issue_04,79,12,train
HGL_1120,Mujhe help chahiye kyunki mere saved card ko bina permission use kiya gaya.,Hinglish,Fraud/Security,Security Team,Critical,Hinglish_Fraud/Security_05,75,13,train
HGL_0603,Mujhe damaged product mila hai. Mujhe jaldi update chahiye.,Hinglish,Product Issue,Product Support,High,Hinglish_Product Issue_01,59,9,train
HGL_0412,"Please help, mujhe expected amount se kam refund mila.",Hinglish,Refund Issue,Refund Team,High,Hinglish_Refund Issue_08,54,9,train
ENG_0660,This is urgent: the product does not match its description I need an update as soon as possible.,English,Product Issue,Product Support,High,English_Product Issue_04,96,18,train
HIN_0595,मुझे सहायता चाहिए क्योंकि ऑर्डर रद्द करने पर मुझसे शुल्क लिया गया।,Hindi,Cancellation Issue,Order Management,Medium,Hindi_Cancellation Issue_10,66,12,train
HGL_0112,"Please help, main apne order ka payment complete nahi kar pa rahi hoon.",Hinglish,Payment Issue,Payments Team,High,Hinglish_Payment Issue_08,71,13,train
ENG_0187,"Please help, tracking shows delivered but I did not receive the package",English,Delivery Issue,Logistics Team,Medium,English_Delivery Issue_03,71,12,train
ENG_1148,"Please help, I found an unfamiliar delivery address in my account Please resolve this.",English,Fraud/Security,Security Team,Critical,English_Fraud/Security_07,86,14,validation
HGL_0873,Mujhe wrong replacement product mila. Mujhe jaldi update chahiye.,Hinglish,Return/Replacement,Returns Team,Medium,Hinglish_Return/Replacement_09,65,9,train
ENG_0609,"Please help, the product I received is damaged I need an update as soon as possible.",English,Product Issue,Product Support,High,English_Product Issue_01,84,16,validation
HIN_0992,ऐप मुझे बार-बार लॉग आउट कर रहा है। कृपया इसे जल्दी हल करें।,Hindi,Account Issue,Account Support,Medium,Hindi_Account Issue_07,59,13,train
HGL_0400,Mujhe help chahiye kyunki refund wrong payment method mein bheja gaya.,Hinglish,Refund Issue,Refund Team,High,Hinglish_Refund Issue_07,70,11,train
HIN_0731,मुझे सहायता चाहिए क्योंकि उत्पाद का आकार या रंग मेरे ऑर्डर से अलग है। कृपया इसे जल्दी हल करें।,Hindi,Product Issue,Product Support,High,Hindi_Product Issue_09,94,19,train
HGL_0630,Ye urgent hai: item defective hai aur work nahi kar raha. Mujhe jaldi update chahiye.,Hinglish,Product Issue,Product Support,High,Hinglish_Product Issue_02,85,15,test
ENG_0198,The courier has not contacted me I need an update as soon as possible.,English,Delivery Issue,Logistics Team,Medium,English_Delivery Issue_04,70,14,test
HGL_0532,"Please help, seller ne meri cancellation request reject kar di.",Hinglish,Cancellation Issue,Order Management,Medium,Hinglish_Cancellation Issue_06,63,10,validation
HIN_1128,किसी ने मेरे अकाउंट का पासवर्ड बदल दिया। मुझे जल्द से जल्द जानकारी चाहिए।,Hindi,Fraud/Security,Security Team,Critical,Hindi_Fraud/Security_06,73,14,train
ENG_0294,"Please help, the tracking information has not been updated I need an update as soon as possible.",English,Delivery Issue,Logistics Team,Medium,English_Delivery Issue_10,96,17,train
ENG_0767,I need a replacement for the damaged item Please resolve this.,English,Return/Replacement,Returns Team,Medium,English_Return/Replacement_02,62,11,train
ENG_0401,I need assistance because the refund was sent to the wrong payment method Please resolve this.,English,Refund Issue,Refund Team,High,English_Refund Issue_07,94,16,train
ENG_0123,The payment page keeps failing during checkout I need an update as soon as possible.,English,Payment Issue,Payments Team,High,English_Payment Issue_09,84,15,train
HGL_0856,Courier person ne return collect karne se mana kiya.,Hinglish,Return/Replacement,Returns Team,Medium,Hinglish_Return/Replacement_08,52,9,train
ENG_0203,"Please help, the courier has not contacted me Please resolve this.",English,Delivery Issue,Logistics Team,Medium,English_Delivery Issue_04,66,11,test
ENG_0836,I need assistance because the replacement order has not been shipped Please resolve this.,English,Return/Replacement,Returns Team,Medium,English_Return/Replacement_06,89,14,test
HIN_1095,यह बहुत जरूरी है: मेरा अकाउंट हैक हो गया है। मुझे जल्द से जल्द जानकारी चाहिए।,Hindi,Fraud/Security,Security Team,Critical,Hindi_Fraud/Security_03,77,16,train
HIN_0240,यह बहुत जरूरी है: डिलीवरी की तारीख बार-बार बदल रही है। मुझे जल्द से जल्द जानकारी चाहिए।,Hindi,Delivery Issue,Logistics Team,Medium,Hindi_Delivery Issue_06,87,17,train
HIN_0534,"कृपया मदद करें, विक्रेता ने मेरा कैंसलेशन अनुरोध अस्वीकार कर दिया। मुझे जल्द से जल्द जानकारी चाहिए।",Hindi,Cancellation Issue,Order Management,Medium,Hindi_Cancellation Issue_06,99,17,train
HIN_0496,कैंसलेशन के बाद भी ऑर्डर भेज दिया गया।,Hindi,Cancellation Issue,Order Management,Medium,Hindi_Cancellation Issue_04,38,8,train
HGL_1109,Ye urgent hai: mujhe aisi purchase ka OTP mila jo maine nahi ki. Please jaldi resolve karo.,Hinglish,Fraud/Security,Security Team,Critical,Hinglish_Fraud/Security_04,91,17,validation
HIN_0508,यह बहुत जरूरी है: कैंसलेशन के बाद भी ऑर्डर भेज दिया गया।,Hindi,Cancellation Issue,Order Management,Medium,Hindi_Cancellation Issue_04,56,12,train
HGL_1093,Ye urgent hai: lagta hai mera account hack ho gaya hai.,Hinglish,Fraud/Security,Security Team,Critical,Hinglish_Fraud/Security_03,55,11,test
ENG_1154,This is urgent: I found an unfamiliar delivery address in my account Please resolve this.,English,Fraud/Security,Security Team,Critical,English_Fraud/Security_07,89,15,validation
HIN_0462,मुझे सहायता चाहिए क्योंकि मैं अपना ऑर्डर रद्द नहीं कर पा रही हूँ। मुझे जल्द से जल्द जानकारी चाहिए।,Hindi,Cancellation Issue,Order Management,Medium,Hindi_Cancellation Issue_01,98,19,validation
HGL_0033,Payment fail hua but account se money deduct ho gayi. Mujhe jaldi update chahiye.,Hinglish,Payment Issue,Payments Team,High,Hinglish_Payment Issue_03,81,14,train
HGL_0976,Main password reset nahi kar pa rahi hoon.,Hinglish,Account Issue,Account Support,Medium,Hinglish_Account Issue_06,42,8,train
HIN_0560,"नमस्ते, मैं ऑर्डर में से एक सामान रद्द करना चाहती हूँ। कृपया इसे जल्दी हल करें।",Hindi,Cancellation Issue,Order Management,Medium,Hindi_Cancellation Issue_08,79,16,train
ENG_0855,This is urgent: the return window is incorrectly shown as closed I need an update as soon as possible.,English,Return/Replacement,Returns Team,Medium,English_Return/Replacement_07,102,19,test
HIN_0390,यह बहुत जरूरी है: रिफंड मिलने की समय सीमा निकल चुकी है। मुझे जल्द से जल्द जानकारी चाहिए।,Hindi,Refund Issue,Refund Team,High,Hindi_Refund Issue_06,88,18,train
HIN_1068,किसी ने मेरे अकाउंट से ऑर्डर किया है। मुझे जल्द से जल्द जानकारी चाहिए।,Hindi,Fraud/Security,Security Team,Critical,Hindi_Fraud/Security_02,70,14,test
ENG_0642,I need assistance because I received the wrong product I need an update as soon as possible.,English,Product Issue,Product Support,High,English_Product Issue_03,92,17,train
ENG_0002,My payment was deducted but the order was not confirmed Please resolve this.,English,Payment Issue,Payments Team,High,English_Payment Issue_01,76,13,train
HIN_0961,मेरा सेव किया हुआ पता गायब हो गया है।,Hindi,Account Issue,Account Support,Medium,Hindi_Account Issue_05,37,9,train
ENG_0699,"Please help, the product quality is very poor I need an update as soon as possible.",English,Product Issue,Product Support,High,English_Product Issue_07,83,16,test
HGL_1121,Mujhe help chahiye kyunki mere saved card ko bina permission use kiya gaya. Please jaldi resolve karo.,Hinglish,Fraud/Security,Security Team,Critical,Hinglish_Fraud/Security_05,102,17,train
HGL_0600,Ye urgent hai: order cancel karne par extra fee charge hui. Mujhe jaldi update chahiye.,Hinglish,Cancellation Issue,Order Management,Medium,Hinglish_Cancellation Issue_10,87,15,train
HIN_0437,मेरे बैंक खाते में रिफंड नहीं आया है। कृपया इसे जल्दी हल करें।,Hindi,Refund Issue,Refund Team,High,Hindi_Refund Issue_10,62,13,train
HGL_0785,"Hello, meri return request accept nahi ho rahi. Please jaldi resolve karo.",Hinglish,Return/Replacement,Returns Team,Medium,Hinglish_Return/Replacement_03,74,12,train
HIN_0092,ऑर्डर में पेमेंट अभी भी पेंडिंग दिख रहा है। कृपया इसे जल्दी हल करें।,Hindi,Payment Issue,Payments Team,High,Hindi_Payment Issue_07,68,14,validation
HGL_1026,"Hello, meri order history missing hai. Mujhe jaldi update chahiye.",Hinglish,Account Issue,Account Support,Medium,Hinglish_Account Issue_09,66,10,train
HGL_0090,Ye urgent hai: UPI payment successful tha but order place nahi hua. Mujhe jaldi update chahiye.,Hinglish,Payment Issue,Payments Team,High,Hinglish_Payment Issue_06,95,16,train
HIN_0321,"नमस्ते, मेरा रिफंड अभी भी पेंडिंग है। मुझे जल्द से जल्द जानकारी चाहिए।",Hindi,Refund Issue,Refund Team,High,Hindi_Refund Issue_02,70,13,train
HIN_0654,"कृपया मदद करें, उत्पाद उसके विवरण से मेल नहीं खाता। मुझे जल्द से जल्द जानकारी चाहिए।",Hindi,Product Issue,Product Support,High,Hindi_Product Issue_04,84,16,train
ENG_1137,I need assistance because someone changed my account password I need an update as soon as possible.,English,Fraud/Security,Security Team,Critical,English_Fraud/Security_06,99,17,train
HGL_0905,"Hello, main apne account mein login nahi kar pa rahi hoon. Please jaldi resolve karo.",Hinglish,Account Issue,Account Support,Medium,Hinglish_Account Issue_01,85,15,train
HGL_1077,Mujhe help chahiye kyunki kisi ne mere account se order place kiya. Mujhe jaldi update chahiye.,Hinglish,Fraud/Security,Security Team,Critical,Hinglish_Fraud/Security_02,95,16,train
HIN_0432,मुझे सहायता चाहिए क्योंकि कई दिनों से रिफंड की स्थिति नहीं बदली है। मुझे जल्द से जल्द जानकारी चाहिए।,Hindi,Refund Issue,Refund Team,High,Hindi_Refund Issue_09,100,19,validation
HIN_0799,"नमस्ते, रिटर्न के लिए पिकअप अभी तक नहीं हुआ।",Hindi,Return/Replacement,Returns Team,Medium,Hindi_Return/Replacement_04,44,9,validation
ENG_0664,"Hello, an accessory is missing from the package",English,Product Issue,Product Support,High,English_Product Issue_05,47,8,train
ENG_0684,"Please help, the item arrived with broken parts I need an update as soon as possible.",English,Product Issue,Product Support,High,English_Product Issue_06,85,16,train
HIN_0058,यह बहुत जरूरी है: मेरा कार्ड पेमेंट प्रोसेसिंग में अटका हुआ है।,Hindi,Payment Issue,Payments Team,High,Hindi_Payment Issue_04,63,12,train
HGL_0990,Ye urgent hai: main password reset nahi kar pa rahi hoon. Mujhe jaldi update chahiye.,Hinglish,Account Issue,Account Support,Medium,Hinglish_Account Issue_06,85,15,train
ENG_0318,The refund is still pending I need an update as soon as possible.,English,Refund Issue,Refund Team,High,English_Refund Issue_02,65,13,validation
ENG_0649,"Hello, the product does not match its description",English,Product Issue,Product Support,High,English_Product Issue_04,49,8,train
HIN_0235,मुझे सहायता चाहिए क्योंकि डिलीवरी की तारीख बार-बार बदल रही है।,Hindi,Delivery Issue,Logistics Team,Medium,Hindi_Delivery Issue_06,62,11,train
HIN_0280,मुझे सहायता चाहिए क्योंकि कूरियर वाले ने पैकेज देने से मना कर दिया।,Hindi,Delivery Issue,Logistics Team,Medium,Hindi_Delivery Issue_09,67,13,validation
ENG_0710,"Hello, I received an expired product Please resolve this.",English,Product Issue,Product Support,High,English_Product Issue_08,57,9,train
HIN_0083,"कृपया मदद करें, यूपीआई पेमेंट सफल हुआ लेकिन ऑर्डर प्लेस नहीं हुआ। कृपया इसे जल्दी हल करें।",Hindi,Payment Issue,Payments Team,High,Hindi_Payment Issue_06,90,17,train
HIN_0569,यह बहुत जरूरी है: मैं ऑर्डर में से एक सामान रद्द करना चाहती हूँ। कृपया इसे जल्दी हल करें।,Hindi,Cancellation Issue,Order Management,Medium,Hindi_Cancellation Issue_08,89,19,train
ENG_0973,This is urgent: my saved address has disappeared,English,Account Issue,Account Support,Medium,English_Account Issue_05,48,8,train
HGL_0276,"Hello, courier person ne package deliver karne se mana kiya. Mujhe jaldi update chahiye.",Hinglish,Delivery Issue,Logistics Team,Medium,Hinglish_Delivery Issue_09,88,14,train
HGL_0281,Mujhe help chahiye kyunki courier person ne package deliver karne se mana kiya. Please jaldi resolve karo.,Hinglish,Delivery Issue,Logistics Team,Medium,Hinglish_Delivery Issue_09,106,17,train
HIN_0107,मैं अपने ऑर्डर का पेमेंट पूरा नहीं कर पा रही हूँ। कृपया इसे जल्दी हल करें।,Hindi,Payment Issue,Payments Team,High,Hindi_Payment Issue_08,74,16,train
HIN_0201,"नमस्ते, कूरियर वाले ने मुझसे संपर्क नहीं किया। मुझे जल्द से जल्द जानकारी चाहिए।",Hindi,Delivery Issue,Logistics Team,Medium,Hindi_Delivery Issue_04,79,14,test
HIN_0209,यह बहुत जरूरी है: कूरियर वाले ने मुझसे संपर्क नहीं किया। कृपया इसे जल्दी हल करें।,Hindi,Delivery Issue,Logistics Team,Medium,Hindi_Delivery Issue_04,81,16,test
HGL_0897,Mujhe help chahiye kyunki meri return request bina reason cancel ho gayi. Mujhe jaldi update chahiye.,Hinglish,Return/Replacement,Returns Team,Medium,Hinglish_Return/Replacement_10,101,16,train
HIN_1038,एक ही नंबर से गलती से दो अकाउंट बन गए हैं। मुझे जल्द से जल्द जानकारी चाहिए।,Hindi,Account Issue,Account Support,Medium,Hindi_Account Issue_10,75,17,train
HGL_0903,Main apne account mein login nahi kar pa rahi hoon. Mujhe jaldi update chahiye.,Hinglish,Account Issue,Account Support,Medium,Hinglish_Account Issue_01,79,14,train
HIN_0297,मुझे सहायता चाहिए क्योंकि ट्रैकिंग की जानकारी अपडेट नहीं हो रही है। मुझे जल्द से जल्द जानकारी चाहिए।,Hindi,Delivery Issue,Logistics Team,Medium,Hindi_Delivery Issue_10,100,18,test
HIN_0839,यह बहुत जरूरी है: रिप्लेसमेंट ऑर्डर अभी तक भेजा नहीं गया। कृपया इसे जल्दी हल करें।,Hindi,Return/Replacement,Returns Team,Medium,Hindi_Return/Replacement_06,82,16,train
HIN_0330,यह बहुत जरूरी है: मेरा रिफंड अभी भी पेंडिंग है। मुझे जल्द से जल्द जानकारी चाहिए।,Hindi,Refund Issue,Refund Team,High,Hindi_Refund Issue_02,80,16,train
HIN_0464,यह बहुत जरूरी है: मैं अपना ऑर्डर रद्द नहीं कर पा रही हूँ। कृपया इसे जल्दी हल करें।,Hindi,Cancellation Issue,Order Management,Medium,Hindi_Cancellation Issue_01,82,18,validation
HIN_0155,"नमस्ते, मेरा ऑर्डर अभी तक नहीं आया है। कृपया इसे जल्दी हल करें।",Hindi,Delivery Issue,Logistics Team,Medium,Hindi_Delivery Issue_01,63,13,train
HGL_1105,Mujhe help chahiye kyunki mujhe aisi purchase ka OTP mila jo maine nahi ki.,Hinglish,Fraud/Security,Security Team,Critical,Hinglish_Fraud/Security_04,75,14,validation
HGL_1131,"Hello, kisi ne mere account ka password change kar diya. Mujhe jaldi update chahiye.",Hinglish,Fraud/Security,Security Team,Critical,Hinglish_Fraud/Security_06,84,14,train
HIN_0444,"कृपया मदद करें, मेरे बैंक खाते में रिफंड नहीं आया है। मुझे जल्द से जल्द जानकारी चाहिए।",Hindi,Refund Issue,Refund Team,High,Hindi_Refund Issue_10,86,17,train
ENG_1052,There is an unknown transaction on my account Please resolve this.,English,Fraud/Security,Security Team,Critical,English_Fraud/Security_01,66,11,train
ENG_0796,The pickup for my return has not happened,English,Return/Replacement,Returns Team,Medium,English_Return/Replacement_04,41,8,validation
HGL_0294,"Please help, tracking information update nahi ho rahi hai. Mujhe jaldi update chahiye.",Hinglish,Delivery Issue,Logistics Team,Medium,Hinglish_Delivery Issue_10,86,13,train
HGL_0661,Package mein ek accessory missing hai.,Hinglish,Product Issue,Product Support,High,Hinglish_Product Issue_05,38,6,train
HIN_0398,"कृपया मदद करें, रिफंड गलत पेमेंट माध्यम में भेज दिया गया। कृपया इसे जल्दी हल करें।",Hindi,Refund Issue,Refund Team,High,Hindi_Refund Issue_07,82,16,test
HGL_0205,Mujhe help chahiye kyunki courier person ne mujhse contact nahi kiya.,Hinglish,Delivery Issue,Logistics Team,Medium,Hinglish_Delivery Issue_04,69,11,test
HGL_0330,Ye urgent hai: mera refund abhi bhi pending hai. Mujhe jaldi update chahiye.,Hinglish,Refund Issue,Refund Team,High,Hinglish_Refund Issue_02,76,13,train
HGL_0226,Delivery date baar baar change ho rahi hai.,Hinglish,Delivery Issue,Logistics Team,Medium,Hinglish_Delivery Issue_06,43,8,test
HIN_0620,"नमस्ते, सामान काम नहीं कर रहा है। कृपया इसे जल्दी हल करें।",Hindi,Product Issue,Product Support,High,Hindi_Product Issue_02,58,12,train
HGL_0758,"Please help, mujhe ye product return karna hai. Please jaldi resolve karo.",Hinglish,Return/Replacement,Returns Team,Medium,Hinglish_Return/Replacement_01,74,12,test
HGL_0915,Ye urgent hai: main apne account mein login nahi kar pa rahi hoon. Mujhe jaldi update chahiye.,Hinglish,Account Issue,Account Support,Medium,Hinglish_Account Issue_01,94,17,train
HIN_0523,यह बहुत जरूरी है: गलती से किया गया ऑर्डर रद्द करना है।,Hindi,Cancellation Issue,Order Management,Medium,Hindi_Cancellation Issue_05,54,12,train
ENG_1184,This is urgent: a fake customer-care agent requested my bank details Please resolve this.,English,Fraud/Security,Security Team,Critical,English_Fraud/Security_09,89,14,train
HGL_0173,"Please help, promised date ke baad bhi package nahi aaya. Please jaldi resolve karo.",Hinglish,Delivery Issue,Logistics Team,Medium,Hinglish_Delivery Issue_02,84,14,train
ENG_1060,I need assistance because there is an unknown transaction on my account,English,Fraud/Security,Security Team,Critical,English_Fraud/Security_01,71,12,train
ENG_0541,The app is not showing the cancellation option,English,Cancellation Issue,Order Management,Medium,English_Cancellation Issue_07,46,8,test
HGL_0843,Return window galat closed show ho rahi hai. Mujhe jaldi update chahiye.,Hinglish,Return/Replacement,Returns Team,Medium,Hinglish_Return/Replacement_07,72,12,test
HIN_0479,यह बहुत जरूरी है: ऑर्डर रद्द करने का बटन उपलब्ध नहीं है। कृपया इसे जल्दी हल करें।,Hindi,Cancellation Issue,Order Management,Medium,Hindi_Cancellation Issue_02,81,17,test
HGL_0397,"Please help, refund wrong payment method mein bheja gaya.",Hinglish,Refund Issue,Refund Team,High,Hinglish_Refund Issue_07,57,9,train
HGL_1066,Kisi ne mere account se order place kiya.,Hinglish,Fraud/Security,Security Team,Critical,Hinglish_Fraud/Security_02,41,8,train
HGL_0133,Ye urgent hai: checkout ke time payment page baar baar fail ho raha hai.,Hinglish,Payment Issue,Payments Team,High,Hinglish_Payment Issue_09,72,14,validation
HIN_0558,मैं ऑर्डर में से एक सामान रद्द करना चाहती हूँ। मुझे जल्द से जल्द जानकारी चाहिए।,Hindi,Cancellation Issue,Order Management,Medium,Hindi_Cancellation Issue_08,79,16,train
HIN_0724,"नमस्ते, उत्पाद का आकार या रंग मेरे ऑर्डर से अलग है।",Hindi,Product Issue,Product Support,High,Hindi_Product Issue_09,51,11,train
ENG_0096,"Hello, cash was charged even though the order shows payment pending I need an update as soon as possible.",English,Payment Issue,Payments Team,High,English_Payment Issue_07,105,19,test
ENG_1021,My order history is missing,English,Account Issue,Account Support,Medium,English_Account Issue_09,27,5,train
ENG_0564,"Please help, I want to cancel one item from my order I need an update as soon as possible.",English,Cancellation Issue,Order Management,Medium,English_Cancellation Issue_08,90,19,train
HGL_0913,Ye urgent hai: main apne account mein login nahi kar pa rahi hoon.,Hinglish,Account Issue,Account Support,Medium,Hinglish_Account Issue_01,66,13,train
HGL_0391,Refund wrong payment method mein bheja gaya.,Hinglish,Refund Issue,Refund Team,High,Hinglish_Refund Issue_07,44,7,train
ENG_0864,"Please help, the courier refused to collect my return I need an update as soon as possible.",English,Return/Replacement,Returns Team,Medium,English_Return/Replacement_08,91,17,train
HIN_0285,यह बहुत जरूरी है: कूरियर वाले ने पैकेज देने से मना कर दिया। मुझे जल्द से जल्द जानकारी चाहिए।,Hindi,Delivery Issue,Logistics Team,Medium,Hindi_Delivery Issue_09,92,19,validation
HGL_0540,Ye urgent hai: seller ne meri cancellation request reject kar di. Mujhe jaldi update chahiye.,Hinglish,Cancellation Issue,Order Management,Medium,Hinglish_Cancellation Issue_06,93,15,validation
HIN_0682,"कृपया मदद करें, उत्पाद के कुछ हिस्से टूटे हुए हैं।",Hindi,Product Issue,Product Support,High,Hindi_Product Issue_06,50,10,train
ENG_1039,"Hello, I accidentally created two accounts with the same number",English,Account Issue,Account Support,Medium,English_Account Issue_10,63,10,train
ENG_0207,I need assistance because the courier has not contacted me I need an update as soon as possible.,English,Delivery Issue,Logistics Team,Medium,English_Delivery Issue_04,96,18,test
ENG_0393,The refund was sent to the wrong payment method I need an update as soon as possible.,English,Refund Issue,Refund Team,High,English_Refund Issue_07,85,17,train
HGL_0443,"Please help, mere bank account mein promised refund nahi aaya. Please jaldi resolve karo.",Hinglish,Refund Issue,Refund Team,High,Hinglish_Refund Issue_10,89,14,train
ENG_0871,I received the wrong replacement product,English,Return/Replacement,Returns Team,Medium,English_Return/Replacement_09,40,6,train
ENG_0398,"Please help, the refund was sent to the wrong payment method Please resolve this.",English,Refund Issue,Refund Team,High,English_Refund Issue_07,81,14,train
HGL_0415,Mujhe help chahiye kyunki mujhe expected amount se kam refund mila.,Hinglish,Refund Issue,Refund Team,High,Hinglish_Refund Issue_08,67,11,train
HGL_1055,"Hello, mere account mein unknown transaction hua hai. Please jaldi resolve karo.",Hinglish,Fraud/Security,Security Team,Critical,Hinglish_Fraud/Security_01,80,12,train
HGL_0890,"Hello, meri return request bina reason cancel ho gayi. Please jaldi resolve karo.",Hinglish,Return/Replacement,Returns Team,Medium,Hinglish_Return/Replacement_10,81,13,train
ENG_1029,"Please help, my order history is missing I need an update as soon as possible.",English,Account Issue,Account Support,Medium,English_Account Issue_09,78,15,train
HGL_0291,"Hello, tracking information update nahi ho rahi hai. Mujhe jaldi update chahiye.",Hinglish,Delivery Issue,Logistics Team,Medium,Hinglish_Delivery Issue_10,80,12,train
HIN_0286,ट्रैकिंग की जानकारी अपडेट नहीं हो रही है।,Hindi,Delivery Issue,Logistics Team,Medium,Hindi_Delivery Issue_10,41,8,test
HGL_0261,"Hello, mere order ka sirf ek part deliver hua. Mujhe jaldi update chahiye.",Hinglish,Delivery Issue,Logistics Team,Medium,Hinglish_Delivery Issue_08,74,13,train
ENG_0961,My saved address has disappeared,English,Account Issue,Account Support,Medium,English_Account Issue_05,32,5,train
HIN_0371,मुझे सहायता चाहिए क्योंकि रिटर्न स्वीकार होने के बाद भी रिफंड नहीं मिला। कृपया इसे जल्दी हल करें।,Hindi,Refund Issue,Refund Team,High,Hindi_Refund Issue_05,97,18,train
HGL_0374,Ye urgent hai: return accept hua but refund process nahi hua. Please jaldi resolve karo.,Hinglish,Refund Issue,Refund Team,High,Hinglish_Refund Issue_05,88,15,validation
HIN_0696,"नमस्ते, उत्पाद की गुणवत्ता बहुत खराब है। मुझे जल्द से जल्द जानकारी चाहिए।",Hindi,Product Issue,Product Support,High,Hindi_Product Issue_07,73,13,validation
HGL_0332,Mujhe sirf partial refund mila hai. Please jaldi resolve karo.,Hinglish,Refund Issue,Refund Team,High,Hinglish_Refund Issue_03,62,10,train
HIN_0947,मैं अपना फोन नंबर अपडेट नहीं कर पा रही हूँ। कृपया इसे जल्दी हल करें।,Hindi,Account Issue,Account Support,Medium,Hindi_Account Issue_04,68,15,validation
ENG_0805,I need assistance because the pickup for my return has not happened,English,Return/Replacement,Returns Team,Medium,English_Return/Replacement_04,67,12,validation
HIN_0552,मुझे सहायता चाहिए क्योंकि ऐप में कैंसलेशन का विकल्प नहीं दिख रहा है। मुझे जल्द से जल्द जानकारी चाहिए।,Hindi,Cancellation Issue,Order Management,Medium,Hindi_Cancellation Issue_07,101,19,test
HGL_0055,Mujhe help chahiye kyunki mera card payment processing mein stuck hai.,Hinglish,Payment Issue,Payments Team,High,Hinglish_Payment Issue_04,70,11,train
ENG_0503,"Please help, the order was shipped after I requested cancellation Please resolve this.",English,Cancellation Issue,Order Management,Medium,English_Cancellation Issue_04,86,13,test
HGL_0720,Ye urgent hai: mujhe expired product mila hai. Mujhe jaldi update chahiye.,Hinglish,Product Issue,Product Support,High,Hinglish_Product Issue_08,74,12,test
HGL_0705,Ye urgent hai: product ki quality bahut poor hai. Mujhe jaldi update chahiye.,Hinglish,Product Issue,Product Support,High,Hinglish_Product Issue_07,77,13,train
HGL_0578,"Please help, cancel karne ke baad bhi order active dikha raha hai. Please jaldi resolve karo.",Hinglish,Cancellation Issue,Order Management,Medium,Hinglish_Cancellation Issue_09,93,16,train
ENG_0780,This is urgent: I need a replacement for the damaged item I need an update as soon as possible.,English,Return/Replacement,Returns Team,Medium,English_Return/Replacement_02,95,19,train
HIN_0664,"नमस्ते, पैकेज में एक जरूरी सामान गायब है।",Hindi,Product Issue,Product Support,High,Hindi_Product Issue_05,41,8,train
ENG_0201,"Hello, the courier has not contacted me I need an update as soon as possible.",English,Delivery Issue,Logistics Team,Medium,English_Delivery Issue_04,77,15,test
HIN_0983,"कृपया मदद करें, मैं अपना पासवर्ड रीसेट नहीं कर पा रही हूँ। कृपया इसे जल्दी हल करें।",Hindi,Account Issue,Account Support,Medium,Hindi_Account Issue_06,83,17,train
HGL_0700,Mujhe help chahiye kyunki product ki quality bahut poor hai.,Hinglish,Product Issue,Product Support,High,Hinglish_Product Issue_07,60,10,train
HIN_0889,"नमस्ते, मेरा रिटर्न अनुरोध बिना कारण रद्द कर दिया गया।",Hindi,Return/Replacement,Returns Team,Medium,Hindi_Return/Replacement_10,54,10,train
HGL_0666,"Hello, package mein ek accessory missing hai. Mujhe jaldi update chahiye.",Hinglish,Product Issue,Product Support,High,Hinglish_Product Issue_05,73,11,train
HIN_1079,यह बहुत जरूरी है: किसी ने मेरे अकाउंट से ऑर्डर किया है। कृपया इसे जल्दी हल करें।,Hindi,Fraud/Security,Security Team,Critical,Hindi_Fraud/Security_02,80,17,test
HIN_0597,मुझे सहायता चाहिए क्योंकि ऑर्डर रद्द करने पर मुझसे शुल्क लिया गया। मुझे जल्द से जल्द जानकारी चाहिए।,Hindi,Cancellation Issue,Order Management,Medium,Hindi_Cancellation Issue_10,99,18,train
ENG_0379,"Hello, the refund deadline has already passed",English,Refund Issue,Refund Team,High,English_Refund Issue_06,45,7,train
HIN_1137,मुझे सहायता चाहिए क्योंकि किसी ने मेरे अकाउंट का पासवर्ड बदल दिया। मुझे जल्द से जल्द जानकारी चाहिए।,Hindi,Fraud/Security,Security Team,Critical,Hindi_Fraud/Security_06,99,18,train
ENG_0419,This is urgent: I received a smaller refund than expected Please resolve this.,English,Refund Issue,Refund Team,High,English_Refund Issue_08,78,13,test
HIN_0499,"नमस्ते, कैंसलेशन के बाद भी ऑर्डर भेज दिया गया।",Hindi,Cancellation Issue,Order Management,Medium,Hindi_Cancellation Issue_04,46,9,train
ENG_0392,The refund was sent to the wrong payment method Please resolve this.,English,Refund Issue,Refund Team,High,English_Refund Issue_07,68,12,train
HGL_0241,Mera order wrong address par deliver hua.,Hinglish,Delivery Issue,Logistics Team,Medium,Hinglish_Delivery Issue_07,41,7,train
HIN_0323,"कृपया मदद करें, मेरा रिफंड अभी भी पेंडिंग है। कृपया इसे जल्दी हल करें।",Hindi,Refund Issue,Refund Team,High,Hindi_Refund Issue_02,70,14,train
ENG_1163,"Please help, I received a suspicious message asking for payment Please resolve this.",English,Fraud/Security,Security Team,Critical,English_Fraud/Security_08,84,13,train
HGL_0735,Ye urgent hai: product ka size ya colour order se different hai. Mujhe jaldi update chahiye.,Hinglish,Product Issue,Product Support,High,Hinglish_Product Issue_09,92,16,train
HIN_0296,मुझे सहायता चाहिए क्योंकि ट्रैकिंग की जानकारी अपडेट नहीं हो रही है। कृपया इसे जल्दी हल करें।,Hindi,Delivery Issue,Logistics Team,Medium,Hindi_Delivery Issue_10,92,17,test
HGL_0296,Mujhe help chahiye kyunki tracking information update nahi ho rahi hai. Please jaldi resolve karo.,Hinglish,Delivery Issue,Logistics Team,Medium,Hinglish_Delivery Issue_10,98,15,train
HIN_0828,रिप्लेसमेंट ऑर्डर अभी तक भेजा नहीं गया। मुझे जल्द से जल्द जानकारी चाहिए।,Hindi,Return/Replacement,Returns Team,Medium,Hindi_Return/Replacement_06,72,13,train
ENG_1153,This is urgent: I found an unfamiliar delivery address in my account,English,Fraud/Security,Security Team,Critical,English_Fraud/Security_07,68,12,validation
HIN_0168,ऑर्डर तय तारीख के बाद भी डिलीवर नहीं हुआ। मुझे जल्द से जल्द जानकारी चाहिए।,Hindi,Delivery Issue,Logistics Team,Medium,Hindi_Delivery Issue_02,74,15,train
HGL_0169,"Hello, promised date ke baad bhi package nahi aaya.",Hinglish,Delivery Issue,Logistics Team,Medium,Hinglish_Delivery Issue_02,51,9,train
ENG_0065,"Hello, the amount was debited even though checkout failed Please resolve this.",English,Payment Issue,Payments Team,High,English_Payment Issue_05,78,12,train
HIN_0863,"कृपया मदद करें, कूरियर वाले ने रिटर्न लेने से मना कर दिया। कृपया इसे जल्दी हल करें।",Hindi,Return/Replacement,Returns Team,Medium,Hindi_Return/Replacement_08,83,17,train
ENG_1181,I need assistance because a fake customer-care agent requested my bank details Please resolve this.,English,Fraud/Security,Security Team,Critical,English_Fraud/Security_09,99,15,train
HGL_0713,"Please help, mujhe expired product mila hai. Please jaldi resolve karo.",Hinglish,Product Issue,Product Support,High,Hinglish_Product Issue_08,71,11,test
ENG_0493,This is urgent: my cancellation request keeps failing,English,Cancellation Issue,Order Management,Medium,English_Cancellation Issue_03,53,8,train
ENG_0380,"Hello, the refund deadline has already passed Please resolve this.",English,Refund Issue,Refund Team,High,English_Refund Issue_06,66,10,train
HIN_1036,एक ही नंबर से गलती से दो अकाउंट बन गए हैं।,Hindi,Account Issue,Account Support,Medium,Hindi_Account Issue_10,42,11,train
ENG_0764,This is urgent: I want to return this product Please resolve this.,English,Return/Replacement,Returns Team,Medium,English_Return/Replacement_01,66,12,train
HIN_1065,यह बहुत जरूरी है: मेरे अकाउंट में एक अनजान लेन-देन हुआ है। मुझे जल्द से जल्द जानकारी चाहिए।,Hindi,Fraud/Security,Security Team,Critical,Hindi_Fraud/Security_01,91,18,test
ENG_0792,I need assistance because the return request is not being accepted I need an update as soon as possible.,English,Return/Replacement,Returns Team,Medium,English_Return/Replacement_03,104,19,train
ENG_1077,I need assistance because someone placed an order using my account I need an update as soon as possible.,English,Fraud/Security,Security Team,Critical,English_Fraud/Security_02,104,19,train
ENG_0879,"Please help, I received the wrong replacement product I need an update as soon as possible.",English,Return/Replacement,Returns Team,Medium,English_Return/Replacement_09,91,16,train
ENG_0338,"Please help, only part of the refund was credited Please resolve this.",English,Refund Issue,Refund Team,High,English_Refund Issue_03,70,12,train
HGL_0368,"Please help, return accept hua but refund process nahi hua. Please jaldi resolve karo.",Hinglish,Refund Issue,Refund Team,High,Hinglish_Refund Issue_05,86,14,validation
HIN_1144,"नमस्ते, मेरे अकाउंट में एक अनजान डिलीवरी पता दिखाई दे रहा है।",Hindi,Fraud/Security,Security Team,Critical,Hindi_Fraud/Security_07,61,12,train
ENG_1017,I need assistance because I cannot change the email linked to my account I need an update as soon as possible.,English,Account Issue,Account Support,Medium,English_Account Issue_08,110,21,test
HIN_0076,यूपीआई पेमेंट सफल हुआ लेकिन ऑर्डर प्लेस नहीं हुआ।,Hindi,Payment Issue,Payments Team,High,Hindi_Payment Issue_06,49,9,train
ENG_0456,"Hello, I am unable to cancel my order I need an update as soon as possible.",English,Cancellation Issue,Order Management,Medium,English_Cancellation Issue_01,75,16,train
HGL_0943,Ye urgent hai: mera account lock ho gaya hai.,Hinglish,Account Issue,Account Support,Medium,Hinglish_Account Issue_03,45,9,train
ENG_0816,"Hello, I want to exchange the item for another size I need an update as soon as possible.",English,Return/Replacement,Returns Team,Medium,English_Return/Replacement_05,89,18,train
HIN_1118,"कृपया मदद करें, मेरे सेव किए हुए कार्ड का बिना अनुमति उपयोग हुआ। कृपया इसे जल्दी हल करें।",Hindi,Fraud/Security,Security Team,Critical,Hindi_Fraud/Security_05,89,18,train
ENG_0996,"Hello, the app logs me out repeatedly I need an update as soon as possible.",English,Account Issue,Account Support,Medium,English_Account Issue_07,75,15,test
HIN_0782,मेरा रिटर्न अनुरोध स्वीकार नहीं हो रहा है। कृपया इसे जल्दी हल करें।,Hindi,Return/Replacement,Returns Team,Medium,Hindi_Return/Replacement_03,67,13,train
ENG_0202,"Please help, the courier has not contacted me",English,Delivery Issue,Logistics Team,Medium,English_Delivery Issue_04,45,8,test
ENG_0162,I need assistance because my order has not arrived yet I need an update as soon as possible.,English,Delivery Issue,Logistics Team,Medium,English_Delivery Issue_01,92,18,train
HIN_0380,"नमस्ते, रिफंड मिलने की समय सीमा निकल चुकी है। कृपया इसे जल्दी हल करें।",Hindi,Refund Issue,Refund Team,High,Hindi_Refund Issue_06,70,14,train
HGL_0378,Refund ki deadline already cross ho gayi. Mujhe jaldi update chahiye.,Hinglish,Refund Issue,Refund Team,High,Hinglish_Refund Issue_06,69,11,test
HGL_0050,"Hello, mera card payment processing mein stuck hai. Please jaldi resolve karo.",Hinglish,Payment Issue,Payments Team,High,Hinglish_Payment Issue_04,78,12,train
ENG_0703,This is urgent: the product quality is very poor,English,Product Issue,Product Support,High,English_Product Issue_07,48,9,test
HIN_0301,मैंने ऑर्डर रद्द किया लेकिन रिफंड नहीं मिला।,Hindi,Refund Issue,Refund Team,High,Hindi_Refund Issue_01,44,8,train
ENG_1130,"Hello, someone changed my account password Please resolve this.",English,Fraud/Security,Security Team,Critical,English_Fraud/Security_06,63,9,train
HGL_0214,"Hello, mera package same location par stuck hai.",Hinglish,Delivery Issue,Logistics Team,Medium,Hinglish_Delivery Issue_05,48,8,train
HGL_1062,Mujhe help chahiye kyunki mere account mein unknown transaction hua hai. Mujhe jaldi update chahiye.,Hinglish,Fraud/Security,Security Team,Critical,Hinglish_Fraud/Security_01,100,15,train
ENG_1022,My order history is missing Please resolve this.,English,Account Issue,Account Support,Medium,English_Account Issue_09,48,8,train
HGL_0674,Ye urgent hai: package mein ek accessory missing hai. Please jaldi resolve karo.,Hinglish,Product Issue,Product Support,High,Hinglish_Product Issue_05,80,13,train
HGL_1060,Mujhe help chahiye kyunki mere account mein unknown transaction hua hai.,Hinglish,Fraud/Security,Security Team,Critical,Hinglish_Fraud/Security_01,72,11,train
HIN_0386,मुझे सहायता चाहिए क्योंकि रिफंड मिलने की समय सीमा निकल चुकी है। कृपया इसे जल्दी हल करें।,Hindi,Refund Issue,Refund Team,High,Hindi_Refund Issue_06,88,17,train
HIN_0756,"नमस्ते, मैं इस उत्पाद को वापस करना चाहती हूँ। मुझे जल्द से जल्द जानकारी चाहिए।",Hindi,Return/Replacement,Returns Team,Medium,Hindi_Return/Replacement_01,78,15,train
HGL_0753,Mujhe ye product return karna hai. Mujhe jaldi update chahiye.,Hinglish,Return/Replacement,Returns Team,Medium,Hinglish_Return/Replacement_01,62,10,test
HIN_1054,"नमस्ते, मेरे अकाउंट में एक अनजान लेन-देन हुआ है।",Hindi,Fraud/Security,Security Team,Critical,Hindi_Fraud/Security_01,48,9,test
ENG_0035,"Hello, the payment failed but money was taken from my account Please resolve this.",English,Payment Issue,Payments Team,High,English_Payment Issue_03,82,14,test
ENG_0776,I need assistance because I need a replacement for the damaged item Please resolve this.,English,Return/Replacement,Returns Team,Medium,English_Return/Replacement_02,88,15,train
HGL_0157,"Please help, mera order abhi tak deliver nahi hua.",Hinglish,Delivery Issue,Logistics Team,Medium,Hinglish_Delivery Issue_01,50,9,train
HGL_1100,"Hello, mujhe aisi purchase ka OTP mila jo maine nahi ki. Please jaldi resolve karo.",Hinglish,Fraud/Security,Security Team,Critical,Hinglish_Fraud/Security_04,83,15,validation
HIN_0279,"कृपया मदद करें, कूरियर वाले ने पैकेज देने से मना कर दिया। मुझे जल्द से जल्द जानकारी चाहिए।",Hindi,Delivery Issue,Logistics Team,Medium,Hindi_Delivery Issue_09,90,18,validation
HGL_0604,"Hello, mujhe damaged product mila hai.",Hinglish,Product Issue,Product Support,High,Hinglish_Product Issue_01,38,6,train
HIN_0191,मुझे सहायता चाहिए क्योंकि ट्रैकिंग में डिलीवर दिख रहा है लेकिन पैकेज नहीं मिला। कृपया इसे जल्दी हल करें।,Hindi,Delivery Issue,Logistics Team,Medium,Hindi_Delivery Issue_03,104,19,train
HIN_0940,मुझे सहायता चाहिए क्योंकि मेरा अकाउंट लॉक हो गया है।,Hindi,Account Issue,Account Support,Medium,Hindi_Account Issue_03,52,10,train
HIN_0164,यह बहुत जरूरी है: मेरा ऑर्डर अभी तक नहीं आया है। कृपया इसे जल्दी हल करें।,Hindi,Delivery Issue,Logistics Team,Medium,Hindi_Delivery Issue_01,73,16,train
HGL_0546,"Hello, app mein cancellation option show nahi ho raha. Mujhe jaldi update chahiye.",Hinglish,Cancellation Issue,Order Management,Medium,Hinglish_Cancellation Issue_07,82,13,train
HGL_0213,Mera package same location par stuck hai. Mujhe jaldi update chahiye.,Hinglish,Delivery Issue,Logistics Team,Medium,Hinglish_Delivery Issue_05,69,11,train
HGL_1018,Ye urgent hai: main linked email change nahi kar pa rahi hoon.,Hinglish,Account Issue,Account Support,Medium,Hinglish_Account Issue_08,62,12,test
HGL_0425,"Hello, refund status kai din se change nahi hua. Please jaldi resolve karo.",Hinglish,Refund Issue,Refund Team,High,Hinglish_Refund Issue_09,75,13,test
HIN_0842,रिटर्न की समय सीमा गलत तरीके से बंद दिखाई जा रही है। कृपया इसे जल्दी हल करें।,Hindi,Return/Replacement,Returns Team,Medium,Hindi_Return/Replacement_07,77,17,test
ENG_0242,My order was sent to the wrong address Please resolve this.,English,Delivery Issue,Logistics Team,Medium,English_Delivery Issue_07,59,11,train
HIN_0862,"कृपया मदद करें, कूरियर वाले ने रिटर्न लेने से मना कर दिया।",Hindi,Return/Replacement,Returns Team,Medium,Hindi_Return/Replacement_08,58,12,train
HIN_1164,"कृपया मदद करें, मुझे पेमेंट मांगने वाला संदिग्ध संदेश मिला। मुझे जल्द से जल्द जानकारी चाहिए।",Hindi,Fraud/Security,Security Team,Critical,Hindi_Fraud/Security_08,92,16,train
ENG_0601,The product I received is damaged,English,Product Issue,Product Support,High,English_Product Issue_01,33,6,validation
HGL_0036,"Hello, payment fail hua but account se money deduct ho gayi. Mujhe jaldi update chahiye.",Hinglish,Payment Issue,Payments Team,High,Hinglish_Payment Issue_03,88,15,train
HIN_0098,"कृपया मदद करें, ऑर्डर में पेमेंट अभी भी पेंडिंग दिख रहा है। कृपया इसे जल्दी हल करें।",Hindi,Payment Issue,Payments Team,High,Hindi_Payment Issue_07,84,17,validation
HIN_1015,मुझे सहायता चाहिए क्योंकि मैं अकाउंट से जुड़ा ईमेल नहीं बदल पा रही हूँ।,Hindi,Account Issue,Account Support,Medium,Hindi_Account Issue_08,71,14,test
HGL_0489,"Please help, cancellation request baar baar fail ho rahi hai. Mujhe jaldi update chahiye.",Hinglish,Cancellation Issue,Order Management,Medium,Hinglish_Cancellation Issue_03,89,14,train
HIN_0869,यह बहुत जरूरी है: कूरियर वाले ने रिटर्न लेने से मना कर दिया। कृपया इसे जल्दी हल करें।,Hindi,Return/Replacement,Returns Team,Medium,Hindi_Return/Replacement_08,85,18,train
ENG_0647,The product does not match its description Please resolve this.,English,Product Issue,Product Support,High,English_Product Issue_04,63,10,train
HGL_0803,"Please help, return pickup abhi tak nahi hua. Please jaldi resolve karo.",Hinglish,Return/Replacement,Returns Team,Medium,Hinglish_Return/Replacement_04,72,12,validation
HIN_0329,यह बहुत जरूरी है: मेरा रिफंड अभी भी पेंडिंग है। कृपया इसे जल्दी हल करें।,Hindi,Refund Issue,Refund Team,High,Hindi_Refund Issue_02,72,15,train
HGL_0480,Ye urgent hai: cancel button available nahi hai. Mujhe jaldi update chahiye.,Hinglish,Cancellation Issue,Order Management,Medium,Hinglish_Cancellation Issue_02,76,12,train
HIN_0068,"कृपया मदद करें, चेकआउट फेल होने के बाद भी राशि डेबिट हो गई। कृपया इसे जल्दी हल करें।",Hindi,Payment Issue,Payments Team,High,Hindi_Payment Issue_05,84,18,train
HIN_0700,मुझे सहायता चाहिए क्योंकि उत्पाद की गुणवत्ता बहुत खराब है।,Hindi,Product Issue,Product Support,High,Hindi_Product Issue_07,58,10,validation
ENG_0563,"Please help, I want to cancel one item from my order Please resolve this.",English,Cancellation Issue,Order Management,Medium,English_Cancellation Issue_08,73,14,train
HGL_1155,Ye urgent hai: account mein unknown delivery address add hua hai. Mujhe jaldi update chahiye.,Hinglish,Fraud/Security,Security Team,Critical,Hinglish_Fraud/Security_07,93,15,train
HGL_0335,"Hello, mujhe sirf partial refund mila hai. Please jaldi resolve karo.",Hinglish,Refund Issue,Refund Team,High,Hinglish_Refund Issue_03,69,11,train
HGL_0606,"Hello, mujhe damaged product mila hai. Mujhe jaldi update chahiye.",Hinglish,Product Issue,Product Support,High,Hinglish_Product Issue_01,66,10,train
ENG_0190,I need assistance because tracking shows delivered but I did not receive the package,English,Delivery Issue,Logistics Team,Medium,English_Delivery Issue_03,84,14,train
HIN_0607,"कृपया मदद करें, मुझे मिला हुआ उत्पाद खराब है।",Hindi,Product Issue,Product Support,High,Hindi_Product Issue_01,45,9,test
ENG_0976,I forgot my password and cannot reset it,English,Account Issue,Account Support,Medium,English_Account Issue_06,40,8,train
HGL_0348,App refunded dikha raha hai but account mein paise nahi aaye. Mujhe jaldi update chahiye.,Hinglish,Refund Issue,Refund Team,High,Hinglish_Refund Issue_04,89,15,train
HGL_1148,"Please help, account mein unknown delivery address add hua hai. Please jaldi resolve karo.",Hinglish,Fraud/Security,Security Team,Critical,Hinglish_Fraud/Security_07,90,14,train
HIN_0848,"कृपया मदद करें, रिटर्न की समय सीमा गलत तरीके से बंद दिखाई जा रही है। कृपया इसे जल्दी हल करें।",Hindi,Return/Replacement,Returns Team,Medium,Hindi_Return/Replacement_07,93,20,test
HGL_0159,"Please help, mera order abhi tak deliver nahi hua. Mujhe jaldi update chahiye.",Hinglish,Delivery Issue,Logistics Team,Medium,Hinglish_Delivery Issue_01,78,13,train
ENG_1083,My account appears to have been hacked I need an update as soon as possible.,English,Fraud/Security,Security Team,Critical,English_Fraud/Security_03,76,15,test
ENG_0475,I need assistance because the cancel button is not available,English,Cancellation Issue,Order Management,Medium,English_Cancellation Issue_02,60,10,train
HGL_0505,Mujhe help chahiye kyunki cancel karne ke baad bhi order ship ho gaya.,Hinglish,Cancellation Issue,Order Management,Medium,Hinglish_Cancellation Issue_04,70,13,train
ENG_0748,This is urgent: the package was empty when it arrived,English,Product Issue,Product Support,High,English_Product Issue_10,53,10,train
HIN_1101,"नमस्ते, मुझे ऐसी खरीदारी का ओटीपी मिला जो मैंने नहीं की। मुझे जल्द से जल्द जानकारी चाहिए।",Hindi,Fraud/Security,Security Team,Critical,Hindi_Fraud/Security_04,89,17,validation
ENG_0022,"Please help, I was charged twice for the same order",English,Payment Issue,Payments Team,High,English_Payment Issue_02,51,10,train
HGL_0986,Mujhe help chahiye kyunki main password reset nahi kar pa rahi hoon. Please jaldi resolve karo.,Hinglish,Account Issue,Account Support,Medium,Hinglish_Account Issue_06,95,16,train
ENG_0460,I need assistance because I am unable to cancel my order,English,Cancellation Issue,Order Management,Medium,English_Cancellation Issue_01,56,11,train
ENG_1185,This is urgent: a fake customer-care agent requested my bank details I need an update as soon as possible.,English,Fraud/Security,Security Team,Critical,English_Fraud/Security_09,106,19,train
HIN_1125,यह बहुत जरूरी है: मेरे सेव किए हुए कार्ड का बिना अनुमति उपयोग हुआ। मुझे जल्द से जल्द जानकारी चाहिए।,Hindi,Fraud/Security,Security Team,Critical,Hindi_Fraud/Security_05,99,20,train
ENG_0956,I need assistance because I cannot update my phone number Please resolve this.,English,Account Issue,Account Support,Medium,English_Account Issue_04,78,13,train
HIN_0016,एक ही ऑर्डर के लिए दो बार पैसे कट गए।,Hindi,Payment Issue,Payments Team,High,Hindi_Payment Issue_02,37,10,train
HGL_0034,"Hello, payment fail hua but account se money deduct ho gayi.",Hinglish,Payment Issue,Payments Team,High,Hinglish_Payment Issue_03,60,11,train
HGL_0454,"Hello, main apna order cancel nahi kar pa rahi hoon.",Hinglish,Cancellation Issue,Order Management,Medium,Hinglish_Cancellation Issue_01,52,10,test
HGL_1086,"Hello, lagta hai mera account hack ho gaya hai. Mujhe jaldi update chahiye.",Hinglish,Fraud/Security,Security Team,Critical,Hinglish_Fraud/Security_03,75,13,test
HIN_0316,मेरा रिफंड अभी भी पेंडिंग है।,Hindi,Refund Issue,Refund Team,High,Hindi_Refund Issue_02,29,6,train
HIN_1192,"कृपया मदद करें, मेरे अकाउंट से कई अनधिकृत खरीदारी हुई हैं।",Hindi,Fraud/Security,Security Team,Critical,Hindi_Fraud/Security_10,58,11,train
ENG_0770,"Hello, I need a replacement for the damaged item Please resolve this.",English,Return/Replacement,Returns Team,Medium,English_Return/Replacement_02,69,12,train
HGL_0981,"Hello, main password reset nahi kar pa rahi hoon. Mujhe jaldi update chahiye.",Hinglish,Account Issue,Account Support,Medium,Hinglish_Account Issue_06,77,13,train
HIN_0486,"नमस्ते, कैंसलेशन अनुरोध बार-बार फेल हो रहा है। मुझे जल्द से जल्द जानकारी चाहिए।",Hindi,Cancellation Issue,Order Management,Medium,Hindi_Cancellation Issue_03,79,14,train
ENG_0131,I need assistance because the payment page keeps failing during checkout Please resolve this.,English,Payment Issue,Payments Team,High,English_Payment Issue_09,93,14,train
HGL_0520,Mujhe help chahiye kyunki galti se order place hua aur mujhe cancel karna hai.,Hinglish,Cancellation Issue,Order Management,Medium,Hinglish_Cancellation Issue_05,78,14,test
HGL_0772,"Please help, damaged item ka replacement chahiye.",Hinglish,Return/Replacement,Returns Team,Medium,Hinglish_Return/Replacement_02,49,7,train
HGL_1045,Mujhe help chahiye kyunki same number se accidentally do accounts create ho gaye.,Hinglish,Account Issue,Account Support,Medium,Hinglish_Account Issue_10,81,13,validation
HIN_0936,"नमस्ते, मेरा अकाउंट लॉक हो गया है। मुझे जल्द से जल्द जानकारी चाहिए।",Hindi,Account Issue,Account Support,Medium,Hindi_Account Issue_03,67,13,train
HIN_0283,यह बहुत जरूरी है: कूरियर वाले ने पैकेज देने से मना कर दिया।,Hindi,Delivery Issue,Logistics Team,Medium,Hindi_Delivery Issue_09,59,13,validation
ENG_0331,Only part of the refund was credited,English,Refund Issue,Refund Team,High,English_Refund Issue_03,36,7,train
HIN_0039,"कृपया मदद करें, पेमेंट फेल हो गया लेकिन खाते से पैसे कट गए। मुझे जल्द से जल्द जानकारी चाहिए।",Hindi,Payment Issue,Payments Team,High,Hindi_Payment Issue_03,92,19,train
ENG_0467,The cancel button is not available Please resolve this.,English,Cancellation Issue,Order Management,Medium,English_Cancellation Issue_02,55,9,train
HIN_0970,मुझे सहायता चाहिए क्योंकि मेरा सेव किया हुआ पता गायब हो गया है।,Hindi,Account Issue,Account Support,Medium,Hindi_Account Issue_05,63,13,train
HIN_0439,"नमस्ते, मेरे बैंक खाते में रिफंड नहीं आया है।",Hindi,Refund Issue,Refund Team,High,Hindi_Refund Issue_10,45,9,train
HGL_0693,Product ki quality bahut poor hai. Mujhe jaldi update chahiye.,Hinglish,Product Issue,Product Support,High,Hinglish_Product Issue_07,62,10,train
ENG_1096,I received an OTP for a purchase I did not make,English,Fraud/Security,Security Team,Critical,English_Fraud/Security_04,47,11,train
ENG_1131,"Hello, someone changed my account password I need an update as soon as possible.",English,Fraud/Security,Security Team,Critical,English_Fraud/Security_06,80,14,train
HIN_0095,"नमस्ते, ऑर्डर में पेमेंट अभी भी पेंडिंग दिख रहा है। कृपया इसे जल्दी हल करें।",Hindi,Payment Issue,Payments Team,High,Hindi_Payment Issue_07,76,15,validation
ENG_0861,"Hello, the courier refused to collect my return I need an update as soon as possible.",English,Return/Replacement,Returns Team,Medium,English_Return/Replacement_08,85,16,train
HGL_1108,Ye urgent hai: mujhe aisi purchase ka OTP mila jo maine nahi ki.,Hinglish,Fraud/Security,Security Team,Critical,Hinglish_Fraud/Security_04,64,13,validation
HGL_0775,Mujhe help chahiye kyunki damaged item ka replacement chahiye.,Hinglish,Return/Replacement,Returns Team,Medium,Hinglish_Return/Replacement_02,62,9,train
